Division,District,Upazila,Market Name,Commodity Name,Year,Retail Unit,Retail Price,Average Price,Whole Sale Unit,Wholesale price,Average Price
Chattagram,Comilla,Chandina,Chandina Bazar,Ruhi (Imported) small (1.50-2.00 kg),2026,Kilogram,287.48--308.29,297.88,Quintal,"26,558.56--27,436.94","26,997.75"
Chattagram,Comilla,Chandina,Chandina Bazar,Katla-Small (1.50-2.00 kg),2026,Kilogram,311.67--325.83,318.75,Quintal,"28,350--29,839.17","29,094.58"
Chattagram,Comilla,Chandina,Chandina Bazar,Pangash (big),2026,Kilogram,171.5--181.5,176.5,Quintal,"15,414.17--15,943.33","15,678.75"
Chattagram,Comilla,Chandina,Chandina Bazar,Silver Carp,2026,Kilogram,183.78--201.78,192.78,Quintal,"17,077.78--18,022.22","17,550"
Chattagram,Comilla,Chandina,Chandina Bazar,Telapia/Nilotica,2026,Kilogram,192.67--202.67,197.67,Quintal,"17,342.22--17,653.33","17,497.78"
Chattagram,Comilla,Chandina,Chandina Bazar,Ruhi (Local) - small (1.50-2.00 kg),2026,Kilogram,350--360,355,Quintal,"34,000--35,000","34,500"
Chattagram,Comilla,Comilla Sadar,Comilla Sadar Bazar,Ruhi (Local) - medium (2.50-4.50 kg),2025,Kilogram,360--380,370,Quintal,"32,000--34,000","33,000"
Chattagram,Comilla,Comilla Sadar,Comilla Sadar Bazar,Ruhi (Local) - small (1.50-2.00 kg),2025,Kilogram,303.23--340,321.62,Quintal,"30,000--32,000","31,000"
Chattagram,Comilla,Comilla Sadar,Comilla Sadar Bazar,Katla-Medium (2.50-4.50 kg),2025,Kilogram,380--400,390,Quintal,"34,000--36,000","35,000"
Chattagram,Comilla,Comilla Sadar,Comilla Sadar Bazar,Katla-Small (1.50-2.00 kg),2025,Kilogram,340--360,350,Quintal,"32,000--34,000","33,000"
Chattagram,Comilla,Comilla Sadar,Comilla Sadar Bazar,Mregal-small,2025,Kilogram,220--250,235,Quintal,"20,000--22,000","21,000"
Chattagram,Comilla,Comilla Sadar,Comilla Sadar Bazar,Pangash (big),2025,Kilogram,168.38--178.38,173.38,Quintal,"15,000--16,000","15,500"
Chattagram,Comilla,Comilla Sadar,Comilla Sadar Bazar,Silver Carp,2025,Kilogram,270--280,275,Quintal,"25,000--26,000","25,500"
Chattagram,Comilla,Comilla Sadar,Comilla Sadar Bazar,Grass carp,2025,Kilogram,270--280,275,Quintal,"25,000--26,000","25,500"
Chattagram,Comilla,Comilla Sadar,Comilla Sadar Bazar,Telapia/Nilotica,2025,Kilogram,176.23--196.23,186.23,Quintal,"14,623.08--16,623.08","15,623.08"
Chattagram,Comilla,Comilla Sadar,Comilla Sadar Bazar,Ruhi (Local) - medium (2.50-4.50 kg),2026,Kilogram,360--380,370,Quintal,"32,000--34,000","33,000"
Chattagram,Comilla,Comilla Sadar,Comilla Sadar Bazar,Ruhi (Local) - small (1.50-2.00 kg),2026,Kilogram,319.81--349.17,334.49,Quintal,"29,996.82--31,722.93","30,859.87"
Chattagram,Comilla,Comilla Sadar,Comilla Sadar Bazar,Katla-Medium (2.50-4.50 kg),2026,Kilogram,380--400,390,Quintal,"34,000--36,000","35,000"
Chattagram,Comilla,Comilla Sadar,Comilla Sadar Bazar,Katla-Small (1.50-2.00 kg),2026,Kilogram,337.64--360.76,349.2,Quintal,"31,407.64--32,593.63","32,000.64"
Chattagram,Comilla,Comilla Sadar,Comilla Sadar Bazar,Mregal-small,2026,Kilogram,220--250,235,Quintal,"20,000--22,000","21,000"
Chattagram,Comilla,Comilla Sadar,Comilla Sadar Bazar,Pangash (big),2026,Kilogram,185.67--186.69,186.18,Quintal,"15,798.09--16,703.82","16,250.96"
Chattagram,Comilla,Comilla Sadar,Comilla Sadar Bazar,Silver Carp,2026,Kilogram,189.65--201.18,195.41,Quintal,"17,423.57--18,204.46","17,814.01"
Chattagram,Comilla,Comilla Sadar,Comilla Sadar Bazar,Grass carp,2026,Kilogram,270--280,275,Quintal,"25,000--26,000","25,500"
Chattagram,Comilla,Comilla Sadar,Comilla Sadar Bazar,Telapia/Nilotica,2026,Kilogram,182.48--201.46,191.97,Quintal,"15,582.8--17,168.79","16,375.80"
Chattagram,Comilla,Burichang,Kangshanagar Bazar,Ruhi (Local) - small (1.50-2.00 kg),2026,Kilogram,282.88--303.37,293.13,Quintal,"26,096.15--28,048.08","27,072.12"
Chattagram,Comilla,Burichang,Kangshanagar Bazar,Katla-Small (1.50-2.00 kg),2026,Kilogram,283.85--304.81,294.33,Quintal,"27,192.31--28,192.31","27,692.31"
Chattagram,Comilla,Burichang,Kangshanagar Bazar,Pangash (big),2026,Kilogram,160.29--170.96,165.63,Quintal,"15,000--16,000","15,500"
Chattagram,Comilla,Burichang,Burichong Bazar,Ruhi (Local) - small (1.50-2.00 kg),2026,Kilogram,318.57--350,334.29,Quintal,"30,095.24--31,095.24","30,595.24"
Chattagram,Comilla,Burichang,Burichong Bazar,Katla-Small (1.50-2.00 kg),2026,Kilogram,324.76--350,337.38,Quintal,"30,404.76--31,404.76","30,904.76"
Chattagram,Comilla,Burichang,Burichong Bazar,Pangash (big),2026,Kilogram,164.76--174.76,169.76,Quintal,"14,095.24--14,857.14","14,476.19"
Chattagram,Comilla,Burichang,Burichong Bazar,Telapia/Nilotica,2026,Kilogram,189.05--202.86,195.95,Quintal,"16,476.19--17,428.57","16,952.38"
Chattagram,Comilla,Lalmai,Lalmai Bazar,Ruhi (Imported) small (1.50-2.00 kg),2026,Kilogram,344.17--355,349.58,Quintal,"32,750--34,250","33,500"
Chattagram,Comilla,Lalmai,Lalmai Bazar,Katla-Small (1.50-2.00 kg),2026,Kilogram,363.33--373.33,368.33,Quintal,"34,708.33--35,791.67","35,250"
Chattagram,Comilla,Lalmai,Lalmai Bazar,Pangash (big),2026,Kilogram,179.17--189.17,184.17,Quintal,"16,416.67--17,375","16,895.83"
Chattagram,Comilla,Lalmai,Lalmai Bazar,Telapia/Nilotica,2026,Kilogram,210--220,215,Quintal,"18,000--19,000","18,500"
Chattagram,Feni,Feni Sadar,Feni Sadar,Katla-Small (1.50-2.00 kg),2025,Kilogram,397.74--444.35,421.05,Quintal,"34,000--37,774.19","35,887.10"
Chattagram,Feni,Feni Sadar,Feni Sadar,Pangash (small),2025,Kilogram,177.74--196.61,187.18,Quintal,"14,516.13--16,185.48","15,350.81"
Chattagram,Feni,Feni Sadar,Feni Sadar,Ruhi (Local) - small (1.50-2.00 kg),2025,Kilogram,350--392.53,371.27,Quintal,"31,626.67--34,440","33,033.33"
Chattagram,Feni,Feni Sadar,Feni Sadar,Ruhi (Local) - small (1.50-2.00 kg),2026,Kilogram,352.42--377.18,364.8,Quintal,"30,322.15--33,718.12","32,020.13"
Chattagram,Feni,Feni Sadar,Feni Sadar,Katla-Small (1.50-2.00 kg),2026,Kilogram,360.47--400,380.23,Quintal,"31,449.66--36,000","33,724.83"
Chattagram,Feni,Feni Sadar,Feni Sadar,Pangash (small),2026,Kilogram,168.66--193.56,181.11,Quintal,"14,147.65--15,852.35","15,000"
Chattagram,Brahmanbaria,Brahmanbaria Sadar,Brahmanbaria Sadar Bazar,Ruhi (Local) - medium (2.50-4.50 kg),2025,Kilogram,365.95--397.08,381.51,Quintal,"33,664.23--36,372.26","35,018.25"
Chattagram,Brahmanbaria,Brahmanbaria Sadar,Brahmanbaria Sadar Bazar,Katla-Medium (2.50-4.50 kg),2025,Kilogram,388.18--431.31,409.74,Quintal,"35,448.91--38,978.1","37,213.50"
Chattagram,Brahmanbaria,Brahmanbaria Sadar,Brahmanbaria Sadar Bazar,Pangash (big),2025,Kilogram,161.75--176.82,169.29,Quintal,"14,681.02--15,945.26","15,313.14"
Chattagram,Brahmanbaria,Brahmanbaria Sadar,Brahmanbaria Sadar Bazar,Telapia/Nilotica,2025,Kilogram,186.82--209.6,198.21,Quintal,"17,958.39--19,628.47","18,793.43"
Chattagram,Brahmanbaria,Brahmanbaria Sadar,Brahmanbaria Sadar Bazar,Ruhi (Local) - medium (2.50-4.50 kg),2026,Kilogram,360.51--393.12,376.82,Quintal,"32,229.3--35,140.13","33,684.71"
Chattagram,Brahmanbaria,Brahmanbaria Sadar,Brahmanbaria Sadar Bazar,Katla-Medium (2.50-4.50 kg),2026,Kilogram,396.69--443.57,420.13,Quintal,"35,089.17--39,694.27","37,391.72"
Chattagram,Brahmanbaria,Brahmanbaria Sadar,Brahmanbaria Sadar Bazar,Pangash (big),2026,Kilogram,169.62--186.69,178.15,Quintal,"15,073.25--16,531.85","15,802.55"
Chattagram,Brahmanbaria,Brahmanbaria Sadar,Brahmanbaria Sadar Bazar,Telapia/Nilotica,2026,Kilogram,184.08--211.59,197.83,Quintal,"16,168.79--18,305.73","17,237.26"
Chattagram,Brahmanbaria,Bijoynagar,Amtoli Bazar,Ruhi (Imported) medium (2.50-4.50 kg),2026,Kilogram,362.4--390.3,376.35,Quintal,"33,700--35,830","34,765"
Chattagram,Brahmanbaria,Bijoynagar,Amtoli Bazar,Katla-Medium (2.50-4.50 kg),2026,Kilogram,392.5--444.1,418.3,Quintal,"34,170--38,610","36,390"
Chattagram,Brahmanbaria,Bijoynagar,Amtoli Bazar,Pangash (big),2026,Kilogram,176.3--188.8,182.55,Quintal,"15,485--17,151","16,318"
Chattagram,Brahmanbaria,Bijoynagar,Amtoli Bazar,Telapia/Nilotica,2026,Kilogram,182.05--197.1,189.57,Quintal,"16,022--16,892","16,457"
Chattagram,Rangamati,Rangamati Sadar,Rangamati Sadar Bazar,Ruhi (Local) - small (1.50-2.00 kg),2025,Kilogram,332.86--356.17,344.51,Quintal,"107,180.45--32,864.66","70,022.56"
Chattagram,Rangamati,Rangamati Sadar,Rangamati Sadar Bazar,Ruhi (Imported) medium (2.50-4.50 kg),2025,Kilogram,397.22--463.31,430.26,Quintal,"35,924.81--41,676.69","38,800.75"
Chattagram,Rangamati,Rangamati Sadar,Rangamati Sadar Bazar,Katla-Medium (2.50-4.50 kg),2025,Kilogram,432.71--470.75,451.73,Quintal,"40,157.89--43,593.98","41,875.94"
Chattagram,Rangamati,Rangamati Sadar,Rangamati Sadar Bazar,Katla-Small (1.50-2.00 kg),2025,Kilogram,342.63--369.47,356.05,Quintal,"109,744.36--33,496.24","71,620.30"
Chattagram,Rangamati,Rangamati Sadar,Rangamati Sadar Bazar,Hilsha (500-900) gm,2025,Kilogram,"1,475--1,950","1,712.50",Quintal,"124,000--175,000","149,500"
Chattagram,Rangamati,Rangamati Sadar,Rangamati Sadar Bazar,Silver Carp,2025,Kilogram,258.35--276.71,267.53,Quintal,"24,000--26,000","25,000"
Chattagram,Rangamati,Rangamati Sadar,Rangamati Sadar Bazar,Telapia/Nilotica,2025,Kilogram,187.72--210.25,198.99,Quintal,"16,000--18,253.16","17,126.58"
Chattagram,Rangamati,Rangamati Sadar,Rangamati Sadar Bazar,Ruhi (Local) - small (1.50-2.00 kg),2026,Kilogram,345.52--369.72,357.62,Quintal,"32,800--34,979.31","33,889.66"
Chattagram,Rangamati,Rangamati Sadar,Rangamati Sadar Bazar,Ruhi (Imported) medium (2.50-4.50 kg),2026,Kilogram,386.21--440.48,413.34,Quintal,"35,296.55--40,448.28","37,872.41"
Chattagram,Rangamati,Rangamati Sadar,Rangamati Sadar Bazar,Katla-Medium (2.50-4.50 kg),2026,Kilogram,397.24--446.9,422.07,Quintal,"37,724.14--41,448.28","39,586.21"
Chattagram,Rangamati,Rangamati Sadar,Rangamati Sadar Bazar,Katla-Small (1.50-2.00 kg),2026,Kilogram,340--362,351,Quintal,"31,958.62--33,641.38","32,800"
Chattagram,Rangamati,Rangamati Sadar,Rangamati Sadar Bazar,Silver Carp,2026,Kilogram,258.21--278.07,268.14,Quintal,"24,000--26,000","25,000"
Chattagram,Rangamati,Rangamati Sadar,Rangamati Sadar Bazar,Telapia/Nilotica,2026,Kilogram,183.24--222.07,202.66,Quintal,"16,358.62--19,517.24","17,937.93"
Chattagram,Rangamati,Kaptai,Kaptai Bazar,Katla-Big (above 5 Kg),2026,Kilogram,729.78--829.78,779.78,Quintal,"61,642.7--71,420.22","66,531.46"
Chattagram,Rangamati,Kaptai,Kaptai Bazar,Katla-Medium (2.50-4.50 kg),2026,Kilogram,429.78--523.6,476.69,Quintal,"33,694.94--42,471.35","38,083.15"
Chattagram,Rangamati,Kaptai,Kaptai Bazar,Katla (Local),2026,Kilogram,350--450,400,Quintal,300--400,350
Chattagram,Rangamati,Kaptai,Kaptai Bazar,Mregal-big,2026,Kilogram,369.55--413.03,391.29,Quintal,"32,606.74--33,955.06","33,280.90"
Chattagram,Rangamati,Kaptai,Kaptai Bazar,Mregal-small,2026,Kilogram,250--260,255,Quintal,"20,000--22,000","21,000"
Chattagram,Rangamati,Kaptai,Kaptai Bazar,Ahire-small,2026,Kilogram,442.7--492.7,467.7,Quintal,"38,379.78--42,830.34","40,605.06"
Chattagram,Rangamati,Kaptai,Kaptai Bazar,Pangash (small),2026,Kilogram,220--245.39,232.7,Quintal,"18,000--20,000","19,000"
Chattagram,Rangamati,Kaptai,Kaptai Bazar,Pangash (big),2026,Kilogram,140--150,145,Quintal,"12,000--13,000","12,500"
Chattagram,Rangamati,Kaptai,Kaptai Bazar,Shrimp Golda,2026,Kilogram,"900--1,000",950,Quintal,"70,000--80,000","75,000"
Chattagram,Rangamati,Kaptai,Kaptai Bazar,Shrimp-small,2026,Kilogram,546.07--646.07,596.07,Quintal,"44,606.74--54,606.74","49,606.74"
Chattagram,Rangamati,Kaptai,Kaptai Bazar,Silver Carp,2026,Kilogram,200--226.63,213.31,Quintal,"17,662.92--19,325.84","18,494.38"
Chattagram,Rangamati,Kaptai,Kaptai Bazar,Grass carp,2026,Kilogram,213.26--233.26,223.26,Quintal,"17,662.92--19,325.84","18,494.38"
Chattagram,Rangamati,Kaptai,Kaptai Bazar,Telapia/Nilotica,2026,Kilogram,"997.98--1,118.88","1,058.43",Quintal,"17,112.36--19,359.55","18,235.96"
Chattagram,Rangamati,Kawkhali,Kaukhali Bazar,Telapia/Nilotica,2026,Kilogram,211.42--245.67,228.54,Quintal,"19,141.67--21,283.33","20,212.50"
Chattagram,Rangamati,Kawkhali,Kaukhali Bazar,Pangash (small),2026,Kilogram,160--170,165,Quintal,"15,000--16,000","15,500"
Chattagram,Rangamati,Kawkhali,Kaukhali Bazar,Pangash (big),2026,Kilogram,200--220,210,Quintal,"18,000--19,000","18,500"
Chattagram,Noakhali,Noakhali Sadar,Noakhali Sadar Bazar,Ruhi (Imported) medium (2.50-4.50 kg),2025,Kilogram,340.77--384.62,362.69,Quintal,"30,769.23--34,076.92","32,423.08"
Chattagram,Noakhali,Noakhali Sadar,Noakhali Sadar Bazar,Pangash (small),2025,Kilogram,195.73--215.73,205.73,Quintal,"17,572.65--19,572.65","18,572.65"
Chattagram,Noakhali,Noakhali Sadar,Noakhali Sadar Bazar,Ruhi (Imported) medium (2.50-4.50 kg),2026,Kilogram,409.93--454.67,432.3,Quintal,"37,325.93--40,866.67","39,096.30"
Chattagram,Noakhali,Noakhali Sadar,Noakhali Sadar Bazar,Pangash (small),2026,Kilogram,180--200,190,Quintal,"16,000--18,000","17,000"
Chattagram,Noakhali,Noakhali Sadar,Noakhali Sadar Bazar,Katla-Medium (2.50-4.50 kg),2026,Kilogram,386.53--445.45,415.99,Quintal,"34,115.7--37,851.24","35,983.47"
Chattagram,Noakhali,Noakhali Sadar,Noakhali Sadar Bazar,Telapia/Nilotica,2026,Kilogram,198.26--218.26,208.26,Quintal,"17,826.45--18,834.71","18,330.58"
Chattagram,Noakhali,Noakhali Sadar,Noakhali Sadar Bazar,Katla-Small (1.50-2.00 kg),2026,Kilogram,228.51--277.02,252.77,Quintal,"19,818.18--23,636.36","21,727.27"
Chattagram,Noakhali,Begumganj,Begumganj Bazar,Ruhi (Imported) medium (2.50-4.50 kg),2026,Kilogram,383.9--408.17,396.04,Quintal,"36,292.68--39,365.85","37,829.27"
Chattagram,Noakhali,Begumganj,Begumganj Bazar,Katla-Medium (2.50-4.50 kg),2026,Kilogram,368.29--397.93,383.11,Quintal,"32,329.27--33,658.54","32,993.90"
Chattagram,Noakhali,Begumganj,Begumganj Bazar,Katla-Small (1.50-2.00 kg),2026,Kilogram,260.73--290,275.37,Quintal,"20,000--24,000","22,000"
Chattagram,Noakhali,Begumganj,Begumganj Bazar,Pangash (small),2026,Kilogram,175.61--195.37,185.49,Quintal,"15,207.32--16,414.63","15,810.98"
Chattagram,Noakhali,Begumganj,Begumganj Bazar,Telapia/Nilotica,2026,Kilogram,192.2--210.85,201.52,Quintal,"16,207.32--16,810.98","16,509.15"
Chattagram,Chandpur,Chandpur Sadar,Chandpur Sadaar,Ruhi (Local) - small (1.50-2.00 kg),2025,Kilogram,320--350,335,Quintal,"26,300--28,500","27,400"
Chattagram,Chandpur,Chandpur Sadar,Chandpur Sadaar,Katla-Small (1.50-2.00 kg),2025,Kilogram,300--350,325,Quintal,"25,500--27,500","26,500"
Chattagram,Chandpur,Chandpur Sadar,Chandpur Sadaar,Pangash (big),2025,Kilogram,180.07--190.07,185.07,Quintal,"16,003.68--16,503.68","16,253.68"
Chattagram,Chandpur,Chandpur Sadar,Chandpur Sadaar,Hilsha (500-900) gm,2025,Kilogram,"1,262.6--2,360.16","1,811.38",Quintal,"106,178.86--214,471.54","160,325.20"
Chattagram,Chandpur,Chandpur Sadar,Chandpur Sadaar,Ruhi (Local) - small (1.50-2.00 kg),2026,Kilogram,302.68--335.67,319.17,Quintal,"27,100.64--29,665.61","28,383.12"
Chattagram,Chandpur,Chandpur Sadar,Chandpur Sadaar,Katla-Small (1.50-2.00 kg),2026,Kilogram,292.23--338.34,315.29,Quintal,"25,500--28,277.07","26,888.54"
Chattagram,Chandpur,Chandpur Sadar,Chandpur Sadaar,Pangash (big),2026,Kilogram,184.59--194.59,189.59,Quintal,"16,229.3--16,729.3","16,479.30"
Chattagram,Chandpur,Chandpur Sadar,Chandpur Sadaar,Hilsha (500-900) gm,2026,Kilogram,"1,441.75--2,400.97","1,921.36",Quintal,"134,174.76--232,621.36","183,398.06"
Chattagram,Chandpur,Hajiganj,Hajiganj Bazar,Ruhi (Local) - small (1.50-2.00 kg),2026,Kilogram,225--262.5,243.75,Quintal,"20,625--24,000","22,312.50"
Chattagram,Chandpur,Hajiganj,Hajiganj Bazar,Katla-Small (1.50-2.00 kg),2026,Kilogram,210--247.5,228.75,Quintal,"19,500--21,750","20,625"
Chattagram,Chandpur,Hajiganj,Hajiganj Bazar,Pangash (big),2026,Kilogram,142.5--150,146.25,Quintal,"12,375--13,125","12,750"
Chattagram,Chandpur,Hajiganj,Hajiganj Bazar,Shrimp-small,2026,Kilogram,337.5--375,356.25,Quintal,"30,000--33,750","31,875"
Chattagram,Lakshmipur,Lakshmipur Sadar,"Sadar Bazar, Lakshmipur",Ruhi (Local) - small (1.50-2.00 kg),2025,Kilogram,350--400,375,Quintal,"28,000--30,000","29,000"
Chattagram,Lakshmipur,Lakshmipur Sadar,"Sadar Bazar, Lakshmipur",Ruhi (Imported) small (1.50-2.00 kg),2025,Kilogram,300--350,325,Quintal,"26,000--28,000","27,000"
Chattagram,Lakshmipur,Lakshmipur Sadar,"Sadar Bazar, Lakshmipur",Katla-Big (above 5 Kg),2025,Kilogram,400--420,410,Quintal,"35,000--36,000","35,500"
Chattagram,Lakshmipur,Lakshmipur Sadar,"Sadar Bazar, Lakshmipur",Mregal-big,2025,Kilogram,250--280,265,Quintal,"22,000--24,000","23,000"
Chattagram,Lakshmipur,Lakshmipur Sadar,"Sadar Bazar, Lakshmipur",Pangash (small),2025,Kilogram,180--212.13,196.06,Quintal,"16,606.3--17,106.3","16,856.30"
Chattagram,Lakshmipur,Lakshmipur Sadar,"Sadar Bazar, Lakshmipur",Telapia/Nilotica,2025,Kilogram,220--250,235,Quintal,"19,874.02--21,685.04","20,779.53"
Chattagram,Lakshmipur,Lakshmipur Sadar,"Sadar Bazar, Lakshmipur",Ruhi (Local) - small (1.50-2.00 kg),2026,Kilogram,350--400,375,Quintal,"28,000--30,000","29,000"
Chattagram,Lakshmipur,Lakshmipur Sadar,"Sadar Bazar, Lakshmipur",Ruhi (Imported) small (1.50-2.00 kg),2026,Kilogram,300--350,325,Quintal,"26,000--28,000","27,000"
Chattagram,Lakshmipur,Lakshmipur Sadar,"Sadar Bazar, Lakshmipur",Katla-Big (above 5 Kg),2026,Kilogram,406--430.87,418.43,Quintal,"34,813.33--35,813.33","35,313.33"
Chattagram,Lakshmipur,Lakshmipur Sadar,"Sadar Bazar, Lakshmipur",Mregal-big,2026,Kilogram,236.27--259.27,247.77,Quintal,"20,653.33--22,653.33","21,653.33"
Chattagram,Lakshmipur,Lakshmipur Sadar,"Sadar Bazar, Lakshmipur",Pangash (small),2026,Kilogram,180--200,190,Quintal,"16,000--16,500","16,250"
Chattagram,Lakshmipur,Lakshmipur Sadar,"Sadar Bazar, Lakshmipur",Telapia/Nilotica,2026,Kilogram,220--250,235,Quintal,"20,000--22,000","21,000"
Chattagram,Lakshmipur,Raipur,Raipur Bazar,Ruhi (Local) - medium (2.50-4.50 kg),2026,Kilogram,320--350,335,Quintal,"26,000--27,000","26,500"
Chattagram,Lakshmipur,Raipur,Raipur Bazar,Katla-Big (above 5 Kg),2026,Kilogram,424.65--450.88,437.76,Quintal,"34,026.32--35,350.88","34,688.60"
Chattagram,Lakshmipur,Raipur,Raipur Bazar,Mregal-big,2026,Kilogram,230.7--251.05,240.88,Quintal,"21,035.09--23,035.09","22,035.09"
Chattagram,Lakshmipur,Raipur,Raipur Bazar,Pangash (small),2026,Kilogram,180--200,190,Quintal,"16,000--16,500","16,250"
Chattagram,Lakshmipur,Raipur,Raipur Bazar,Telapia/Nilotica,2026,Kilogram,210.35--221.05,215.7,Quintal,"19,035.09--20,070.18","19,552.63"
Chattagram,Chattogram,Chattogram City Corporation,Chittagong Sadar Bazar,Ruhi (Local) - small (1.50-2.00 kg),2025,Kilogram,254.55--323.64,289.09,Quintal,"25,000--30,000","27,500"
Chattagram,Chattogram,Chattogram City Corporation,Chittagong Sadar Bazar,Ruhi (Imported) medium (2.50-4.50 kg),2025,Kilogram,320.91--369.09,345,Quintal,"30,000--33,000","31,500"
Chattagram,Chattogram,Chattogram City Corporation,Chittagong Sadar Bazar,Katla-Medium (2.50-4.50 kg),2025,Kilogram,246.36--303.64,275,Quintal,"27,090.91--29,090.91","28,090.91"
Chattagram,Chattogram,Chattogram City Corporation,Chittagong Sadar Bazar,Katla-Small (1.50-2.00 kg),2025,Kilogram,294.55--340.91,317.73,Quintal,"27,181.82--29,818.18","28,500"
Chattagram,Chattogram,Chattogram City Corporation,Chittagong Sadar Bazar,Pangash (small),2025,Kilogram,200--250.91,225.45,Quintal,"16,090.91--16,818.18","16,454.55"
Chattagram,Chattogram,Chattogram City Corporation,Chittagong Sadar Bazar,Pangash (big),2025,Kilogram,160--198.18,179.09,Quintal,"13,000--14,181.82","13,590.91"
Chattagram,Chattogram,Chattogram City Corporation,Chittagong Sadar Bazar,Hilsha (500-900) gm,2025,Kilogram,"695.45--1,154.55",925,Quintal,"50,454.55--78,181.82","64,318.18"
Chattagram,Chattogram,Chattogram City Corporation,Chittagong Sadar Bazar,Rupchanda,2025,Kilogram,590.91--990.91,790.91,Quintal,"44,545.45--89,090.91","66,818.18"
Chattagram,Chattogram,Chattogram City Corporation,Chittagong Sadar Bazar,Poah,2025,Kilogram,225.45--327.27,276.36,Quintal,"17,727.27--25,000","21,363.64"
Chattagram,Chattogram,Chattogram City Corporation,Chittagong Sadar Bazar,Ruhi (Local) - small (1.50-2.00 kg),2026,Kilogram,332.09--362.29,347.19,Quintal,"28,954.25--32,980.39","30,967.32"
Chattagram,Chattogram,Chattogram City Corporation,Chittagong Sadar Bazar,Ruhi (Imported) medium (2.50-4.50 kg),2026,Kilogram,344.9--367.45,356.18,Quintal,"32,235.29--34,490.2","33,362.75"
Chattagram,Chattogram,Chattogram City Corporation,Chittagong Sadar Bazar,Katla-Medium (2.50-4.50 kg),2026,Kilogram,324.97--369.67,347.32,Quintal,"29,490.2--32,967.32","31,228.76"
Chattagram,Chattogram,Chattogram City Corporation,Chittagong Sadar Bazar,Katla-Small (1.50-2.00 kg),2026,Kilogram,316.08--358.95,337.52,Quintal,"27,117.65--30,901.96","29,009.80"
Chattagram,Chattogram,Chattogram City Corporation,Chittagong Sadar Bazar,Pangash (small),2026,Kilogram,200--260,230,Quintal,"17,000--20,000","18,500"
Chattagram,Chattogram,Chattogram City Corporation,Chittagong Sadar Bazar,Pangash (big),2026,Kilogram,160--180,170,Quintal,"13,000--15,254.9","14,127.45"
Chattagram,Chattogram,Chattogram City Corporation,Chittagong Sadar Bazar,Hilsha (500-900) gm,2026,Kilogram,675--750,712.5,Quintal,"57,500--65,000","61,250"
Chattagram,Chattogram,Chattogram City Corporation,Chittagong Sadar Bazar,Rupchanda,2026,Kilogram,584.84--835.82,710.33,Quintal,"48,483.66--66,130.72","57,307.19"
Chattagram,Chattogram,Chattogram City Corporation,Chittagong Sadar Bazar,Poah,2026,Kilogram,257.65--362.75,310.2,Quintal,"21,274.51--30,529.41","25,901.96"
Chattagram,Coxsbazar,Coxsbazar Sadar,Cox's Bazar Sadar,Ruhi (Local) - small (1.50-2.00 kg),2025,Kilogram,272.57--395.21,333.89,Quintal,"24,264.29--31,564.29","27,914.29"
Chattagram,Coxsbazar,Coxsbazar Sadar,Cox's Bazar Sadar,Katla-Small (1.50-2.00 kg),2025,Kilogram,304.36--359.36,331.86,Quintal,"27,500--32,750","30,125"
Chattagram,Coxsbazar,Coxsbazar Sadar,Cox's Bazar Sadar,Pangash (big),2025,Kilogram,162.64--180.29,171.46,Quintal,"13,700--15,464.29","14,582.14"
Chattagram,Coxsbazar,Coxsbazar Sadar,Cox's Bazar Sadar,Telapia/Nilotica,2025,Kilogram,206.07--253.14,229.61,Quintal,"18,185.71--23,085.71","20,635.71"
Chattagram,Coxsbazar,Coxsbazar Sadar,Cox's Bazar Sadar,Ruhi (Local) - small (1.50-2.00 kg),2026,Kilogram,287.32--354.14,320.73,Quintal,"26,343.95--32,777.07","29,560.51"
Chattagram,Coxsbazar,Coxsbazar Sadar,Cox's Bazar Sadar,Katla-Small (1.50-2.00 kg),2026,Kilogram,300--350,325,Quintal,"27,500--32,000","29,750"
Chattagram,Coxsbazar,Coxsbazar Sadar,Cox's Bazar Sadar,Pangash (big),2026,Kilogram,160.76--180.76,170.76,Quintal,"13,477.71--15,238.85","14,358.28"
Chattagram,Coxsbazar,Coxsbazar Sadar,Cox's Bazar Sadar,Telapia/Nilotica,2026,Kilogram,200--250,225,Quintal,"18,000--23,000","20,500"
Chattagram,Coxsbazar,Coxsbazar Sadar,Cox's Bazar Sadar,Katla (Local),2026,Kilogram,320.95--364.19,342.57,Quintal,"29,675.68--33,945.95","31,810.81"
Chattagram,Coxsbazar,Chakaria,Chakaria Bazar,Ruhi (Imported) small (1.50-2.00 kg),2026,Kilogram,150--175,162.5,Quintal,"14,000--16,500","15,250"
Chattagram,Coxsbazar,Chakaria,Chakaria Bazar,Katla (Local),2026,Kilogram,305.5--334,319.75,Quintal,"28,600--30,550","29,575"
Chattagram,Coxsbazar,Chakaria,Chakaria Bazar,Pangash (big),2026,Kilogram,149.5--168.5,159,Quintal,"12,350--14,250","13,300"
Chattagram,Coxsbazar,Chakaria,Chakaria Bazar,Telapia/Nilotica,2026,Kilogram,190--237.5,213.75,Quintal,"17,100--21,850","19,475"
Chattagram,Coxsbazar,Chakaria,Chakaria Bazar,Ruhi (Local) - small (1.50-2.00 kg),2026,Kilogram,280--300,290,Quintal,"24,000--25,000","24,500"
Chattagram,Khagrachhari,Khagrachhari Sadar,Khagrachari Sadar Pouro Bazar,Ruhi (Local) - small (1.50-2.00 kg),2025,Kilogram,310.29--320.29,315.29,Quintal,"29,551.47--30,551.47","30,051.47"
Chattagram,Khagrachhari,Khagrachhari Sadar,Khagrachari Sadar Pouro Bazar,Katla-Small (1.50-2.00 kg),2025,Kilogram,317.21--329.63,323.42,Quintal,"30,242.65--31,485.29","30,863.97"
Chattagram,Khagrachhari,Khagrachhari Sadar,Khagrachari Sadar Pouro Bazar,Pangash (big),2025,Kilogram,155.37--165.37,160.37,Quintal,"14,536.76--15,536.76","15,036.76"
Chattagram,Khagrachhari,Khagrachhari Sadar,Khagrachari Sadar Pouro Bazar,Shrimp-small,2025,Kilogram,805.15--905.15,855.15,Quintal,"77,268.38--87,213.24","82,240.81"
Chattagram,Khagrachhari,Khagrachhari Sadar,Khagrachari Sadar Pouro Bazar,Singhi,2025,Kilogram,390--400,395,Quintal,"37,000--38,000","37,500"
Chattagram,Khagrachhari,Khagrachhari Sadar,Khagrachari Sadar Pouro Bazar,Silver Carp,2025,Kilogram,159.49--169.49,164.49,Quintal,"14,948.53--15,948.53","15,448.53"
Chattagram,Khagrachhari,Khagrachhari Sadar,Khagrachari Sadar Pouro Bazar,Grass carp,2025,Kilogram,233.01--243.82,238.42,Quintal,"22,301.47--23,143.38","22,722.43"
Chattagram,Khagrachhari,Khagrachhari Sadar,Khagrachari Sadar Pouro Bazar,Telapia/Nilotica,2025,Kilogram,198.6--208.6,203.6,Quintal,"18,860.29--19,860.29","19,360.29"
Chattagram,Khagrachhari,Khagrachhari Sadar,Khagrachari Sadar Pouro Bazar,Hilsha (500-900) gm,2025,Kilogram,"989.41--1,136.47","1,062.94",Quintal,"95,294.12--110,000","102,647.06"
Chattagram,Khagrachhari,Khagrachhari Sadar,Khagrachari Sadar Pouro Bazar,Ruhi (Local) - small (1.50-2.00 kg),2026,Kilogram,300.82--320.41,310.62,Quintal,"29,041.1--30,041.1","29,541.10"
Chattagram,Khagrachhari,Khagrachhari Sadar,Khagrachari Sadar Pouro Bazar,Katla-Small (1.50-2.00 kg),2026,Kilogram,320--340,330,Quintal,"30,000--32,000","31,000"
Chattagram,Khagrachhari,Khagrachhari Sadar,Khagrachari Sadar Pouro Bazar,Pangash (big),2026,Kilogram,160--170,165,Quintal,"15,000--16,000","15,500"
Chattagram,Khagrachhari,Khagrachhari Sadar,Khagrachari Sadar Pouro Bazar,Shrimp-small,2026,Kilogram,800--900,850,Quintal,"78,500--88,000","83,250"
Chattagram,Khagrachhari,Khagrachhari Sadar,Khagrachari Sadar Pouro Bazar,Silver Carp,2026,Kilogram,160--170,165,Quintal,"15,000--16,000","15,500"
Chattagram,Khagrachhari,Khagrachhari Sadar,Khagrachari Sadar Pouro Bazar,Grass carp,2026,Kilogram,240--250,245,Quintal,"23,000--23,500","23,250"
Chattagram,Khagrachhari,Khagrachhari Sadar,Khagrachari Sadar Pouro Bazar,Telapia/Nilotica,2026,Kilogram,230--240,235,Quintal,"22,000--23,000","22,500"
Chattagram,Khagrachhari,Matiranga,Matiranga Bazar,Ruhi (Local) - small (1.50-2.00 kg),2026,Kilogram,300--320,310,Quintal,"29,000--30,000","29,500"
Chattagram,Khagrachhari,Matiranga,Matiranga Bazar,Telapia/Nilotica,2026,Kilogram,190--220,205,Quintal,"18,000--20,000","19,000"
Chattagram,Bandarban,Bandarban Sadar,Bandarban Sadar Bazar,Ruhi (Local) - small (1.50-2.00 kg),2025,Kilogram,350--380,365,Quintal,"32,000--35,000","33,500"
Chattagram,Bandarban,Bandarban Sadar,Bandarban Sadar Bazar,Katla-Small (1.50-2.00 kg),2025,Kilogram,300--340,320,Quintal,"27,000--31,000","29,000"
Chattagram,Bandarban,Bandarban Sadar,Bandarban Sadar Bazar,Pangash (big),2025,Kilogram,170--180,175,Quintal,"16,000--17,000","16,500"
Chattagram,Bandarban,Bandarban Sadar,Bandarban Sadar Bazar,Hilsha (500-900) gm,2025,Kilogram,"1,494.12--2,094.12","1,794.12",Quintal,"139,411.76--191,176.47","165,294.12"
Chattagram,Bandarban,Bandarban Sadar,Bandarban Sadar Bazar,Shrimp-small,2025,Kilogram,600--650,625,Quintal,"55,000--59,000","57,000"
Chattagram,Bandarban,Bandarban Sadar,Bandarban Sadar Bazar,Silver Carp,2025,Kilogram,200--230,215,Quintal,"17,000--19,000","18,000"
Chattagram,Bandarban,Bandarban Sadar,Bandarban Sadar Bazar,Telapia/Nilotica,2025,Kilogram,216.76--236.76,226.76,Quintal,"19,838.24--21,676.47","20,757.35"
Chattagram,Bandarban,Bandarban Sadar,Bandarban Sadar Bazar,Ruhi (Local) - small (1.50-2.00 kg),2026,Kilogram,344.83--377.15,360.99,Quintal,"31,192.05--34,364.24","32,778.15"
Chattagram,Bandarban,Bandarban Sadar,Bandarban Sadar Bazar,Katla-Small (1.50-2.00 kg),2026,Kilogram,310.6--352.72,331.66,Quintal,"27,635.76--31,847.68","29,741.72"
Chattagram,Bandarban,Bandarban Sadar,Bandarban Sadar Bazar,Pangash (big),2026,Kilogram,166.16--193.51,179.83,Quintal,"14,622.52--17,225.17","15,923.84"
Chattagram,Bandarban,Bandarban Sadar,Bandarban Sadar Bazar,Hilsha (500-900) gm,2026,Kilogram,"1,600--2,200","1,900",Quintal,"150,000--200,000","175,000"
Chattagram,Bandarban,Bandarban Sadar,Bandarban Sadar Bazar,Shrimp-small,2026,Kilogram,638.41--688.41,663.41,Quintal,"58,841.06--63,225.17","61,033.11"
Chattagram,Bandarban,Bandarban Sadar,Bandarban Sadar Bazar,Silver Carp,2026,Kilogram,172.32--230,201.16,Quintal,"15,013.25--19,000","17,006.62"
Chattagram,Bandarban,Bandarban Sadar,Bandarban Sadar Bazar,Telapia/Nilotica,2026,Kilogram,180.26--249.93,215.1,Quintal,"15,033.11--22,000","18,516.56"
Chattagram,Bandarban,Lama,Lama Bazar,Ruhi (Imported) medium (2.50-4.50 kg),2026,Kilogram,380--400,390,Quintal,"34,000--35,000","34,500"
Chattagram,Bandarban,Lama,Lama Bazar,Katla-Medium (2.50-4.50 kg),2026,Kilogram,380--400,390,Quintal,"34,000--35,000","34,500"
Chattagram,Bandarban,Lama,Lama Bazar,Pangash (small),2026,Kilogram,150--180,165,Quintal,"13,000--15,000","14,000"
Chattagram,Bandarban,Lama,Lama Bazar,Hilsha (500-900) gm,2026,Kilogram,"600--1,800","1,200",Quintal,"54,000--160,000","107,000"
Chattagram,Bandarban,Lama,Lama Bazar,Shrimp Golda,2026,Kilogram,"1,170.49--1,450.82","1,310.66",Quintal,"92,540.98--98,032.79","95,286.89"
Chattagram,Bandarban,Lama,Lama Bazar,Telapia/Nilotica,2026,Kilogram,180--250,215,Quintal,"16,000--23,000","19,500"
Rajshahi,Sirajganj,Sirajganj Sadar,Sirajganj Sadar Bazar,Ruhi (Local) - medium (2.50-4.50 kg),2025,Kilogram,400--500,450,Quintal,"35,000--45,000","40,000"
Rajshahi,Sirajganj,Sirajganj Sadar,Sirajganj Sadar Bazar,Ruhi (Local) - small (1.50-2.00 kg),2025,Kilogram,300--350,325,Quintal,"27,000--30,000","28,500"
Rajshahi,Sirajganj,Sirajganj Sadar,Sirajganj Sadar Bazar,Katla-Big (above 5 Kg),2025,Kilogram,450--500,475,Quintal,"40,000--45,000","42,500"
Rajshahi,Sirajganj,Sirajganj Sadar,Sirajganj Sadar Bazar,Katla-Medium (2.50-4.50 kg),2025,Kilogram,350--400,375,Quintal,"30,000--35,000","32,500"
Rajshahi,Sirajganj,Sirajganj Sadar,Sirajganj Sadar Bazar,Katla-Small (1.50-2.00 kg),2025,Kilogram,280--300,290,Quintal,"24,000--27,000","25,500"
Rajshahi,Sirajganj,Sirajganj Sadar,Sirajganj Sadar Bazar,Mregal-big,2025,Kilogram,350--400,375,Quintal,"30,000--35,000","32,500"
Rajshahi,Sirajganj,Sirajganj Sadar,Sirajganj Sadar Bazar,Mregal-small,2025,Kilogram,200--240,220,Quintal,"18,000--20,000","19,000"
Rajshahi,Sirajganj,Sirajganj Sadar,Sirajganj Sadar Bazar,Ahire-big,2025,Kilogram,"1,000--1,200","1,100",Quintal,"90,000--110,000","100,000"
Rajshahi,Sirajganj,Sirajganj Sadar,Sirajganj Sadar Bazar,Ahire-small,2025,Kilogram,550--650,600,Quintal,"50,000--60,000","55,000"
Rajshahi,Sirajganj,Sirajganj Sadar,Sirajganj Sadar Bazar,Boal-big,2025,Kilogram,"1,100--1,300","1,200",Quintal,"100,000--120,000","110,000"
Rajshahi,Sirajganj,Sirajganj Sadar,Sirajganj Sadar Bazar,Boal-small,2025,Kilogram,450--500,475,Quintal,"40,000--45,000","42,500"
Rajshahi,Sirajganj,Sirajganj Sadar,Sirajganj Sadar Bazar,Chitol-(big),2025,Kilogram,900--950,925,Quintal,"80,000--85,000","82,500"
Rajshahi,Sirajganj,Sirajganj Sadar,Sirajganj Sadar Bazar,Pangash (small),2025,Kilogram,300--350,325,Quintal,"25,000--30,000","27,500"
Rajshahi,Sirajganj,Sirajganj Sadar,Sirajganj Sadar Bazar,Pangash (big),2025,Kilogram,180--220,200,Quintal,"14,000--18,000","16,000"
Rajshahi,Sirajganj,Sirajganj Sadar,Sirajganj Sadar Bazar,Hilsha (500-900) gm,2025,Kilogram,"700--1,400","1,050",Quintal,"60,000--130,000","95,000"
Rajshahi,Sirajganj,Sirajganj Sadar,Sirajganj Sadar Bazar,Silver Carp,2025,Kilogram,180--280,230,Quintal,"15,000--25,000","20,000"
Rajshahi,Sirajganj,Sirajganj Sadar,Sirajganj Sadar Bazar,Grass carp,2025,Kilogram,250--280,265,Quintal,"20,000--25,000","22,500"
Rajshahi,Sirajganj,Sirajganj Sadar,Sirajganj Sadar Bazar,Telapia/Nilotica,2025,Kilogram,180--200,190,Quintal,"17,000--18,000","17,500"
Rajshahi,Sirajganj,Sirajganj Sadar,Sirajganj Sadar Bazar,Ruhi (Local) - medium (2.50-4.50 kg),2026,Kilogram,400--500,450,Quintal,"35,000--45,000","40,000"
Rajshahi,Sirajganj,Sirajganj Sadar,Sirajganj Sadar Bazar,Ruhi (Local) - small (1.50-2.00 kg),2026,Kilogram,300--350,325,Quintal,"27,000--30,000","28,500"
Rajshahi,Sirajganj,Sirajganj Sadar,Sirajganj Sadar Bazar,Katla-Big (above 5 Kg),2026,Kilogram,450--500,475,Quintal,"40,000--45,000","42,500"
Rajshahi,Sirajganj,Sirajganj Sadar,Sirajganj Sadar Bazar,Katla-Medium (2.50-4.50 kg),2026,Kilogram,350--400,375,Quintal,"30,000--35,000","32,500"
Rajshahi,Sirajganj,Sirajganj Sadar,Sirajganj Sadar Bazar,Katla-Small (1.50-2.00 kg),2026,Kilogram,280--300,290,Quintal,"24,000--27,000","25,500"
Rajshahi,Sirajganj,Sirajganj Sadar,Sirajganj Sadar Bazar,Mregal-big,2026,Kilogram,350--400,375,Quintal,"30,000--35,000","32,500"
Rajshahi,Sirajganj,Sirajganj Sadar,Sirajganj Sadar Bazar,Mregal-small,2026,Kilogram,200--240,220,Quintal,"18,000--20,000","19,000"
Rajshahi,Sirajganj,Sirajganj Sadar,Sirajganj Sadar Bazar,Ahire-big,2026,Kilogram,"1,000--1,200","1,100",Quintal,"90,000--110,000","100,000"
Rajshahi,Sirajganj,Sirajganj Sadar,Sirajganj Sadar Bazar,Ahire-small,2026,Kilogram,550--650,600,Quintal,"50,000--60,000","55,000"
Rajshahi,Sirajganj,Sirajganj Sadar,Sirajganj Sadar Bazar,Boal-big,2026,Kilogram,"1,100--1,300","1,200",Quintal,"100,000--120,000","110,000"
Rajshahi,Sirajganj,Sirajganj Sadar,Sirajganj Sadar Bazar,Boal-small,2026,Kilogram,450--500,475,Quintal,"40,000--45,000","42,500"
Rajshahi,Sirajganj,Sirajganj Sadar,Sirajganj Sadar Bazar,Chitol-(big),2026,Kilogram,900--950,925,Quintal,"80,000--85,000","82,500"
Rajshahi,Sirajganj,Sirajganj Sadar,Sirajganj Sadar Bazar,Pangash (small),2026,Kilogram,300--350,325,Quintal,"25,000--30,000","27,500"
Rajshahi,Sirajganj,Sirajganj Sadar,Sirajganj Sadar Bazar,Pangash (big),2026,Kilogram,180--220,200,Quintal,"14,000--18,000","16,000"
Rajshahi,Sirajganj,Sirajganj Sadar,Sirajganj Sadar Bazar,Hilsha (500-900) gm,2026,Kilogram,"700--1,400","1,050",Quintal,"60,000--130,000","95,000"
Rajshahi,Sirajganj,Sirajganj Sadar,Sirajganj Sadar Bazar,Silver Carp,2026,Kilogram,180--280,230,Quintal,"15,000--25,000","20,000"
Rajshahi,Sirajganj,Sirajganj Sadar,Sirajganj Sadar Bazar,Grass carp,2026,Kilogram,250--280,265,Quintal,"20,000--25,000","22,500"
Rajshahi,Sirajganj,Sirajganj Sadar,Sirajganj Sadar Bazar,Telapia/Nilotica,2026,Kilogram,180--200,190,Quintal,"17,000--18,000","17,500"
Rajshahi,Pabna,Pabna Sadar,"Sadar Bazar, Pabna",Ruhi (Local) - medium (2.50-4.50 kg),2025,Kilogram,399.78--498.99,449.38,Quintal,"34,978.26--44,898.55","39,938.41"
Rajshahi,Pabna,Pabna Sadar,"Sadar Bazar, Pabna",Katla-Medium (2.50-4.50 kg),2025,Kilogram,385.87--471.67,428.77,Quintal,"33,608.7--42,188.41","37,898.55"
Rajshahi,Pabna,Pabna Sadar,"Sadar Bazar, Pabna",Mregal-small,2025,Kilogram,178.62--209.57,194.09,Quintal,"15,086.96--17,789.86","16,438.41"
Rajshahi,Pabna,Pabna Sadar,"Sadar Bazar, Pabna",Pangash (small),2025,Kilogram,180--214.35,197.17,Quintal,"15,000--17,768.12","16,384.06"
Rajshahi,Pabna,Pabna Sadar,"Sadar Bazar, Pabna",Hilsha (500-900) gm,2025,Kilogram,"1,128.1--2,421.49","1,774.79",Quintal,"106,446.28--232,396.69","169,421.49"
Rajshahi,Pabna,Pabna Sadar,"Sadar Bazar, Pabna",Silver Carp,2025,Kilogram,158.26--212.61,185.43,Quintal,"12,942.03--17,818.84","15,380.43"
Rajshahi,Pabna,Pabna Sadar,"Sadar Bazar, Pabna",Grass carp,2025,Kilogram,186.45--248.99,217.72,Quintal,"15,731.88--20,659.42","18,195.65"
Rajshahi,Pabna,Pabna Sadar,"Sadar Bazar, Pabna",Telapia/Nilotica,2025,Kilogram,176.3--221.96,199.13,Quintal,"13,855.07--18,369.57","16,112.32"
Rajshahi,Pabna,Pabna Sadar,"Sadar Bazar, Pabna",Ruhi (Local) - medium (2.50-4.50 kg),2026,Kilogram,400.51--500,450.25,Quintal,"35,050.96--45,000","40,025.48"
Rajshahi,Pabna,Pabna Sadar,"Sadar Bazar, Pabna",Katla-Medium (2.50-4.50 kg),2026,Kilogram,380.51--470.25,425.38,Quintal,"32,076.43--42,025.48","37,050.96"
Rajshahi,Pabna,Pabna Sadar,"Sadar Bazar, Pabna",Mregal-small,2026,Kilogram,180--220,200,Quintal,"15,000--18,000","16,500"
Rajshahi,Pabna,Pabna Sadar,"Sadar Bazar, Pabna",Pangash (small),2026,Kilogram,180--200,190,Quintal,"15,000--17,114.65","16,057.32"
Rajshahi,Pabna,Pabna Sadar,"Sadar Bazar, Pabna",Hilsha (500-900) gm,2026,Kilogram,"1,131.21--2,372.61","1,751.91",Quintal,"103,343.95--225,445.86","164,394.90"
Rajshahi,Pabna,Pabna Sadar,"Sadar Bazar, Pabna",Silver Carp,2026,Kilogram,152.29--202.29,177.29,Quintal,"12,229.3--16,229.3","14,229.30"
Rajshahi,Pabna,Pabna Sadar,"Sadar Bazar, Pabna",Grass carp,2026,Kilogram,180--250,215,Quintal,"15,000--20,000","17,500"
Rajshahi,Pabna,Pabna Sadar,"Sadar Bazar, Pabna",Telapia/Nilotica,2026,Kilogram,150.25--219.49,184.87,Quintal,"12,025.48--17,974.52","15,000"
Rajshahi,Bogura,Bogra Sadar,Bogra Sadar Bazar,Ruhi (Imported) medium (2.50-4.50 kg),2025,Kilogram,380--420,400,Quintal,"35,000--37,000","36,000"
Rajshahi,Bogura,Bogra Sadar,Bogra Sadar Bazar,Ruhi (Imported) small (1.50-2.00 kg),2025,Kilogram,300--340,320,Quintal,"26,000--28,000","27,000"
Rajshahi,Bogura,Bogra Sadar,Bogra Sadar Bazar,Katla-Big (above 5 Kg),2025,Kilogram,380--500,440,Quintal,"38,000--40,000","39,000"
Rajshahi,Bogura,Bogra Sadar,Bogra Sadar Bazar,Katla-Medium (2.50-4.50 kg),2025,Kilogram,340--400,370,Quintal,"30,000--36,000","33,000"
Rajshahi,Bogura,Bogra Sadar,Bogra Sadar Bazar,Katla-Small (1.50-2.00 kg),2025,Kilogram,280--300,290,Quintal,"25,000--27,000","26,000"
Rajshahi,Bogura,Bogra Sadar,Bogra Sadar Bazar,Mregal-small,2025,Kilogram,200--220,210,Quintal,"18,000--25,000","21,500"
Rajshahi,Bogura,Bogra Sadar,Bogra Sadar Bazar,Pangash (big),2025,Kilogram,180--210,195,Quintal,"15,000--16,000","15,500"
Rajshahi,Bogura,Bogra Sadar,Bogra Sadar Bazar,Silver Carp,2025,Kilogram,200--230,215,Quintal,"14,500--18,500","16,500"
Rajshahi,Bogura,Bogra Sadar,Bogra Sadar Bazar,Telapia/Nilotica,2025,Kilogram,180--220,200,Quintal,"16,000--17,000","16,500"
Rajshahi,Bogura,Bogra Sadar,Bogra Sadar Bazar,Ruhi (Imported) medium (2.50-4.50 kg),2026,Kilogram,380--420,400,Quintal,"35,000--37,000","36,000"
Rajshahi,Bogura,Bogra Sadar,Bogra Sadar Bazar,Ruhi (Imported) small (1.50-2.00 kg),2026,Kilogram,300--340,320,Quintal,"26,000--28,000","27,000"
Rajshahi,Bogura,Bogra Sadar,Bogra Sadar Bazar,Katla-Big (above 5 Kg),2026,Kilogram,380--500,440,Quintal,"38,000--40,000","39,000"
Rajshahi,Bogura,Bogra Sadar,Bogra Sadar Bazar,Katla-Medium (2.50-4.50 kg),2026,Kilogram,340--400,370,Quintal,"30,000--36,000","33,000"
Rajshahi,Bogura,Bogra Sadar,Bogra Sadar Bazar,Katla-Small (1.50-2.00 kg),2026,Kilogram,280--301.89,290.94,Quintal,"25,000--27,000","26,000"
Rajshahi,Bogura,Bogra Sadar,Bogra Sadar Bazar,Mregal-small,2026,Kilogram,203.77--236.98,220.38,Quintal,"18,377.36--25,283.02","21,830.19"
Rajshahi,Bogura,Bogra Sadar,Bogra Sadar Bazar,Pangash (big),2026,Kilogram,180--215.66,197.83,Quintal,"15,000--16,377.36","15,688.68"
Rajshahi,Bogura,Bogra Sadar,Bogra Sadar Bazar,Silver Carp,2026,Kilogram,200--236.6,218.3,Quintal,"14,500--18,783.02","16,641.51"
Rajshahi,Bogura,Bogra Sadar,Bogra Sadar Bazar,Telapia/Nilotica,2026,Kilogram,183.77--223.77,203.77,Quintal,"16,188.68--17,377.36","16,783.02"
Rajshahi,Bogura,Sherpur,Sherpur Sadar Bazar (Baroduari Bazar),Ruhi (Local) - small (1.50-2.00 kg),2026,Kilogram,300--320,310,Quintal,"26,000--28,000","27,000"
Rajshahi,Bogura,Sherpur,Sherpur Sadar Bazar (Baroduari Bazar),Katla-Small (1.50-2.00 kg),2026,Kilogram,280--300,290,Quintal,"25,000--27,000","26,000"
Rajshahi,Bogura,Sherpur,Sherpur Sadar Bazar (Baroduari Bazar),Mregal-small,2026,Kilogram,200--220,210,Quintal,"16,000--18,000","17,000"
Rajshahi,Bogura,Sherpur,Sherpur Sadar Bazar (Baroduari Bazar),Pangash (big),2026,Kilogram,160--210,185,Quintal,"15,000--16,000","15,500"
Rajshahi,Rajshahi,Puthia,Baneshor Bazar,Katla-Small (1.50-2.00 kg),2026,Kilogram,230--240,235,Quintal,"22,000--23,000","22,500"
Rajshahi,Rajshahi,Godagari,Godagari Sadar Bazar,Ruhi (Local) big (above 5 kg),2026,Kilogram,0--0,0,Quintal,0--0,0
Rajshahi,Rajshahi,Godagari,Godagari Sadar Bazar,Ruhi (Local) - medium (2.50-4.50 kg),2026,Kilogram,347.41--446.67,397.04,Quintal,"31,762.96--41,688.89","36,725.93"
Rajshahi,Rajshahi,Godagari,Godagari Sadar Bazar,Ruhi (Local) - small (1.50-2.00 kg),2026,Kilogram,276.37--297.78,287.07,Quintal,"25,651.85--26,851.85","26,251.85"
Rajshahi,Rajshahi,Godagari,Godagari Sadar Bazar,Katla-Big (above 5 Kg),2026,Kilogram,0--0,0,Quintal,0--0,0
Rajshahi,Rajshahi,Godagari,Godagari Sadar Bazar,Katla-Medium (2.50-4.50 kg),2026,Kilogram,297.78--347.41,322.59,Quintal,"27,792.59--31,762.96","29,777.78"
Rajshahi,Rajshahi,Godagari,Godagari Sadar Bazar,Katla-Small (1.50-2.00 kg),2026,Kilogram,198.52--248.15,223.33,Quintal,"17,866.67--21,837.04","19,851.85"
Rajshahi,Rajshahi,Godagari,Godagari Sadar Bazar,Mregal-big,2026,Kilogram,0--0,0,Quintal,0--0,0
Rajshahi,Rajshahi,Godagari,Godagari Sadar Bazar,Mregal-small,2026,Kilogram,178.67--198.52,188.59,Quintal,"15,881.48--168.74","8,025.11"
Rajshahi,Rajshahi,Godagari,Godagari Sadar Bazar,Pangash (small),2026,Kilogram,218.37--248.15,233.26,Quintal,"19,851.85--21,837.04","20,844.44"
Rajshahi,Rajshahi,Godagari,Godagari Sadar Bazar,Pangash (big),2026,Kilogram,178.67--198.52,188.59,Quintal,"15,881.48--16,874.07","16,377.78"
Rajshahi,Rajshahi,Godagari,Godagari Sadar Bazar,Hilsha (500-900) gm,2026,Kilogram,0--0,0,Quintal,0--0,0
Rajshahi,Rajshahi,Godagari,Godagari Sadar Bazar,Kai,2026,Kilogram,178.67--198.52,188.59,Quintal,"15,881.48--17,866.67","16,874.07"
Rajshahi,Rajshahi,Godagari,Godagari Sadar Bazar,Silver Carp,2026,Kilogram,178.67--198.52,188.59,Quintal,"15,881.48--17,866.67","16,874.07"
Rajshahi,Rajshahi,Godagari,Godagari Sadar Bazar,Telapia/Nilotica,2026,Kilogram,168.74--198.52,183.63,Quintal,"14,888.89--17,866.67","16,377.78"
Rajshahi,Rajshahi,Godagari,Godagari Sadar Bazar,Singhi,2026,Kilogram,0--0,0,Quintal,0--0,0
Rajshahi,Rajshahi,Godagari,Godagari Sadar Bazar,Grass carp,2026,Kilogram,0--0,0,Quintal,0--0,0
Rajshahi,Rajshahi,Rajshahi City Corporation,Rajshahi Sadar Bazar,Ruhi (Local) - medium (2.50-4.50 kg),2025,Kilogram,350--435.26,392.63,Quintal,"33,000--40,736.84","36,868.42"
Rajshahi,Rajshahi,Rajshahi City Corporation,Rajshahi Sadar Bazar,Ruhi (Local) - small (1.50-2.00 kg),2025,Kilogram,295.79--335.79,315.79,Quintal,"27,578.95--31,578.95","29,578.95"
Rajshahi,Rajshahi,Rajshahi City Corporation,Rajshahi Sadar Bazar,Katla-Medium (2.50-4.50 kg),2025,Kilogram,300--343.68,321.84,Quintal,"28,000--31,578.95","29,789.47"
Rajshahi,Rajshahi,Rajshahi City Corporation,Rajshahi Sadar Bazar,Katla-Small (1.50-2.00 kg),2025,Kilogram,200--243.68,221.84,Quintal,"18,000--21,578.95","19,789.47"
Rajshahi,Rajshahi,Rajshahi City Corporation,Rajshahi Sadar Bazar,Mregal-big,2025,Kilogram,212.63--270.53,241.58,Quintal,"19,263.16--23,789.47","21,526.32"
Rajshahi,Rajshahi,Rajshahi City Corporation,Rajshahi Sadar Bazar,Mregal-small,2025,Kilogram,160--192.63,176.32,Quintal,"14,000--16,947.37","15,473.68"
Rajshahi,Rajshahi,Rajshahi City Corporation,Rajshahi Sadar Bazar,Pangash (small),2025,Kilogram,212.63--238.95,225.79,Quintal,"19,263.16--21,894.74","20,578.95"
Rajshahi,Rajshahi,Rajshahi City Corporation,Rajshahi Sadar Bazar,Pangash (big),2025,Kilogram,166.32--192.63,179.47,Quintal,"14,631.58--17,263.16","15,947.37"
Rajshahi,Rajshahi,Rajshahi City Corporation,Rajshahi Sadar Bazar,Hilsha (500-900) gm,2025,Kilogram,"1,204.51--7,550.38","4,591.73",Quintal,"93,055.64--163,915.79","148,504.51"
Rajshahi,Rajshahi,Rajshahi City Corporation,Rajshahi Sadar Bazar,Silver Carp,2025,Kilogram,160--200,180,Quintal,"14,000--18,000","16,000"
Rajshahi,Rajshahi,Rajshahi City Corporation,Rajshahi Sadar Bazar,Telapia/Nilotica,2025,Kilogram,150--200,175,Quintal,"13,000--18,000","15,500"
Rajshahi,Rajshahi,Rajshahi City Corporation,Rajshahi Sadar Bazar,Ruhi (Local) - medium (2.50-4.50 kg),2026,Kilogram,350--450,400,Quintal,"33,000--42,000","37,500"
Rajshahi,Rajshahi,Rajshahi City Corporation,Rajshahi Sadar Bazar,Ruhi (Local) - small (1.50-2.00 kg),2026,Kilogram,284.55--324.55,304.55,Quintal,"26,454.55--30,454.55","28,454.55"
Rajshahi,Rajshahi,Rajshahi City Corporation,Rajshahi Sadar Bazar,Katla-Medium (2.50-4.50 kg),2026,Kilogram,300--350,325,Quintal,"28,000--32,000","30,000"
Rajshahi,Rajshahi,Rajshahi City Corporation,Rajshahi Sadar Bazar,Katla-Small (1.50-2.00 kg),2026,Kilogram,200--234.55,217.27,Quintal,"18,000--20,454.55","19,227.27"
Rajshahi,Rajshahi,Rajshahi City Corporation,Rajshahi Sadar Bazar,Mregal-big,2026,Kilogram,220--300,260,Quintal,"20,000--26,000","23,000"
Rajshahi,Rajshahi,Rajshahi City Corporation,Rajshahi Sadar Bazar,Mregal-small,2026,Kilogram,160--200,180,Quintal,"14,000--17,500","15,750"
Rajshahi,Rajshahi,Rajshahi City Corporation,Rajshahi Sadar Bazar,Pangash (small),2026,Kilogram,220--250,235,Quintal,"20,000--23,000","21,500"
Rajshahi,Rajshahi,Rajshahi City Corporation,Rajshahi Sadar Bazar,Pangash (big),2026,Kilogram,170--200,185,Quintal,"15,000--18,000","16,500"
Rajshahi,Rajshahi,Rajshahi City Corporation,Rajshahi Sadar Bazar,Hilsha (500-900) gm,2026,Kilogram,"1,301.3--23,012.99","12,157.14",Quintal,"115,064.94--210,129.87","162,597.40"
Rajshahi,Rajshahi,Rajshahi City Corporation,Rajshahi Sadar Bazar,Silver Carp,2026,Kilogram,160--200,180,Quintal,"14,000--18,000","16,000"
Rajshahi,Rajshahi,Rajshahi City Corporation,Rajshahi Sadar Bazar,Telapia/Nilotica,2026,Kilogram,150--200,175,Quintal,"13,000--18,000","15,500"
Rajshahi,Natore,Natore Sadar,Nator Bazar,Ruhi (Local) - medium (2.50-4.50 kg),2025,Kilogram,400--450,425,Quintal,"38,000--40,000","39,000"
Rajshahi,Natore,Natore Sadar,Nator Bazar,Ruhi (Imported) small (1.50-2.00 kg),2025,Kilogram,280.43--300.43,290.43,Quintal,"26,043.48--28,043.48","27,043.48"
Rajshahi,Natore,Natore Sadar,Nator Bazar,Katla-Medium (2.50-4.50 kg),2025,Kilogram,350--400,375,Quintal,"32,000--35,000","33,500"
Rajshahi,Natore,Natore Sadar,Nator Bazar,Ruhi (Local) - medium (2.50-4.50 kg),2026,Kilogram,400--450,425,Quintal,"38,000--40,000","39,000"
Rajshahi,Natore,Natore Sadar,Nator Bazar,Ruhi (Imported) small (1.50-2.00 kg),2026,Kilogram,304.28--324.28,314.28,Quintal,"28,427.67--30,427.67","29,427.67"
Rajshahi,Natore,Natore Sadar,Nator Bazar,Katla-Medium (2.50-4.50 kg),2026,Kilogram,350--400,375,Quintal,"32,000--35,000","33,500"
Rajshahi,Natore,Natore Sadar,Nator Bazar,Katla-Small (1.50-2.00 kg),2026,Kilogram,300--340,320,Quintal,"28,000--32,000","30,000"
Rajshahi,Joypurhat,Joypurhat Sadar,Joypurhat Sadar Bazar,Ruhi (Local) - small (1.50-2.00 kg),2025,Kilogram,299.33--353.78,326.56,Quintal,"27,988.89--33,377.78","30,683.33"
Rajshahi,Joypurhat,Joypurhat Sadar,Joypurhat Sadar Bazar,Katla-Small (1.50-2.00 kg),2025,Kilogram,294.44--342.96,318.7,Quintal,"27,918.52--32,648.15","30,283.33"
Rajshahi,Joypurhat,Joypurhat Sadar,Joypurhat Sadar Bazar,Mregal-small,2025,Kilogram,180--248.67,214.33,Quintal,"16,500--23,122.22","19,811.11"
Rajshahi,Joypurhat,Joypurhat Sadar,Joypurhat Sadar Bazar,Pangash (big),2025,Kilogram,153.33--194.22,173.78,Quintal,"13,900--17,791.11","15,845.56"
Rajshahi,Joypurhat,Joypurhat Sadar,Joypurhat Sadar Bazar,Hilsha (500-900) gm,2025,Kilogram,"765.93--2,131.85","1,534.81",Quintal,"6,413.33--26,016.3","104,807.41"
Rajshahi,Joypurhat,Joypurhat Sadar,Joypurhat Sadar Bazar,Silver Carp,2025,Kilogram,127.93--258.67,193.3,Quintal,"11,648.15--24,122.22","17,885.19"
Rajshahi,Joypurhat,Joypurhat Sadar,Joypurhat Sadar Bazar,Telapia/Nilotica,2025,Kilogram,160--200,180,Quintal,"14,800--18,500","16,650"
Rajshahi,Joypurhat,Joypurhat Sadar,Joypurhat Sadar Bazar,Ruhi (Local) - small (1.50-2.00 kg),2026,Kilogram,331.38--360.49,345.93,Quintal,"31,138.21--34,048.78","32,593.50"
Rajshahi,Joypurhat,Joypurhat Sadar,Joypurhat Sadar Bazar,Katla-Small (1.50-2.00 kg),2026,Kilogram,315.69--357.8,336.75,Quintal,"29,682.93--33,780.49","31,731.71"
Rajshahi,Joypurhat,Joypurhat Sadar,Joypurhat Sadar Bazar,Mregal-small,2026,Kilogram,168.46--251.95,210.2,Quintal,"15,821.14--23,809.76","19,815.45"
Rajshahi,Joypurhat,Joypurhat Sadar,Joypurhat Sadar Bazar,Pangash (big),2026,Kilogram,140.33--200,170.16,Quintal,"13,032.52--18,600","15,816.26"
Rajshahi,Joypurhat,Joypurhat Sadar,Joypurhat Sadar Bazar,Hilsha (500-900) gm,2026,Kilogram,"1,186.99--2,393.5","1,790.24",Quintal,"67,020.33--111,382.11","89,201.22"
Rajshahi,Joypurhat,Joypurhat Sadar,Joypurhat Sadar Bazar,Silver Carp,2026,Kilogram,128.62--257.48,193.05,Quintal,"11,861.79--24,360.16","18,110.98"
Rajshahi,Joypurhat,Joypurhat Sadar,Joypurhat Sadar Bazar,Telapia/Nilotica,2026,Kilogram,155.2--214.63,184.92,Quintal,"14,429.27--20,142.28","17,285.77"
Rajshahi,Chapainawabganj,Chapainawabganj Sadar,Chapainawabganj Sadar Bazar,Ruhi (Local) - small (1.50-2.00 kg),2025,Kilogram,320.47--357.87,339.17,Quintal,"30,181.1--33,787.4","31,984.25"
Rajshahi,Chapainawabganj,Chapainawabganj Sadar,Chapainawabganj Sadar Bazar,Katla-Small (1.50-2.00 kg),2025,Kilogram,294.14--321.73,307.93,Quintal,"27,052.63--29,293.23","28,172.93"
Rajshahi,Chapainawabganj,Chapainawabganj Sadar,Chapainawabganj Sadar Bazar,Pangash (big),2025,Kilogram,187.74--200.6,194.17,Quintal,"16,774.44--18,187.97","17,481.20"
Rajshahi,Chapainawabganj,Chapainawabganj Sadar,Chapainawabganj Sadar Bazar,Telapia/Nilotica,2025,Kilogram,192.33--212.33,202.33,Quintal,"17,233.08--19,218.05","18,225.56"
Rajshahi,Chapainawabganj,Chapainawabganj Sadar,Chapainawabganj Sadar Bazar,Silver Carp,2025,Kilogram,180--208.89,194.44,Quintal,"15,977.78--18,844.44","17,411.11"
Rajshahi,Chapainawabganj,Chapainawabganj Sadar,Chapainawabganj Sadar Bazar,Grass carp,2025,Kilogram,237.11--267.78,252.44,Quintal,"21,722.22--23,933.33","22,827.78"
Rajshahi,Chapainawabganj,Chapainawabganj Sadar,Chapainawabganj Sadar Bazar,Ruhi (Local) - small (1.50-2.00 kg),2026,Kilogram,330.63--362.41,346.52,Quintal,"31,044.3--33,683.54","32,363.92"
Rajshahi,Chapainawabganj,Chapainawabganj Sadar,Chapainawabganj Sadar Bazar,Katla-Small (1.50-2.00 kg),2026,Kilogram,313.79--354.71,334.25,Quintal,"29,019.61--32,856.21","30,937.91"
Rajshahi,Chapainawabganj,Chapainawabganj Sadar,Chapainawabganj Sadar Bazar,Pangash (big),2026,Kilogram,185.82--195.82,190.82,Quintal,"16,582.28--17,582.28","17,082.28"
Rajshahi,Chapainawabganj,Chapainawabganj Sadar,Chapainawabganj Sadar Bazar,Silver Carp,2026,Kilogram,180--200,190,Quintal,"16,000--18,000","17,000"
Rajshahi,Chapainawabganj,Chapainawabganj Sadar,Chapainawabganj Sadar Bazar,Grass carp,2026,Kilogram,237.97--267.34,252.66,Quintal,"21,797.47--23,632.91","22,715.19"
Rajshahi,Chapainawabganj,Chapainawabganj Sadar,Chapainawabganj Sadar Bazar,Telapia/Nilotica,2026,Kilogram,184.81--204.81,194.81,Quintal,"16,481.01--18,481.01","17,481.01"
Rajshahi,Chapainawabganj,Chapainawabganj Sadar,Chapainawabganj Sadar Bazar,Mregal-small,2026,Kilogram,236.99--249.4,243.19,Quintal,"21,698.8--22,939.76","22,319.28"
Rajshahi,Chapainawabganj,Shibganj,Shibgonj Sadar Bazar,Ruhi (Local) - small (1.50-2.00 kg),2025,Kilogram,280--320,300,Quintal,"26,000--28,000","27,000"
Rajshahi,Chapainawabganj,Shibganj,Shibgonj Sadar Bazar,Katla-Small (1.50-2.00 kg),2025,Kilogram,280--300,290,Quintal,"25,000--26,000","25,500"
Rajshahi,Chapainawabganj,Shibganj,Shibgonj Sadar Bazar,Pangash (big),2025,Kilogram,190--200,195,Quintal,"17,000--18,000","17,500"
Rajshahi,Chapainawabganj,Shibganj,Shibgonj Sadar Bazar,Silver Carp,2025,Kilogram,180--200,190,Quintal,"16,000--18,000","17,000"
Rajshahi,Chapainawabganj,Shibganj,Shibgonj Sadar Bazar,Grass carp,2025,Kilogram,220--260,240,Quintal,"20,000--22,000","21,000"
Rajshahi,Chapainawabganj,Shibganj,Shibgonj Sadar Bazar,Telapia/Nilotica,2025,Kilogram,180--200,190,Quintal,"16,000--18,000","17,000"
Rajshahi,Chapainawabganj,Shibganj,Shibgonj Sadar Bazar,Ruhi (Local) - small (1.50-2.00 kg),2026,Kilogram,309.3--336.14,322.72,Quintal,"28,991.23--30,280.7","29,635.96"
Rajshahi,Chapainawabganj,Shibganj,Shibgonj Sadar Bazar,Katla-Small (1.50-2.00 kg),2026,Kilogram,312.04--325.66,318.85,Quintal,"28,982.3--30,725.66","29,853.98"
Rajshahi,Chapainawabganj,Shibganj,Shibgonj Sadar Bazar,Pangash (big),2026,Kilogram,183.81--193.53,188.67,Quintal,"16,568.35--17,568.35","17,068.35"
Rajshahi,Chapainawabganj,Shibganj,Shibgonj Sadar Bazar,Silver Carp,2026,Kilogram,172.84--190.78,181.81,Quintal,"15,491.38--17,284.48","16,387.93"
Rajshahi,Chapainawabganj,Shibganj,Shibgonj Sadar Bazar,Grass carp,2026,Kilogram,220--260,240,Quintal,"20,000--22,000","21,000"
Rajshahi,Chapainawabganj,Shibganj,Shibgonj Sadar Bazar,Telapia/Nilotica,2026,Kilogram,176--193.31,184.65,Quintal,"15,665.38--17,396.15","16,530.77"
Rajshahi,Chapainawabganj,Shibganj,Shibgonj Sadar Bazar,Magur,2026,Kilogram,133.8--138.8,136.3,Quintal,"12,880--13,380","13,130"
Rajshahi,Chapainawabganj,Shibganj,Shibgonj Sadar Bazar,Kai,2026,Kilogram,227.83--247.83,237.83,Quintal,"21,695.65--23,869.57","22,782.61"
Rajshahi,Naogaon,Naogaon Sadar,Naogaon Sadar Bazar,Ruhi (Local) big (above 5 kg),2025,Kilogram,450--500,475,Quintal,"42,000--47,000","44,500"
Rajshahi,Naogaon,Naogaon Sadar,Naogaon Sadar Bazar,Ruhi (Local) - small (1.50-2.00 kg),2025,Kilogram,260--300,280,Quintal,"24,000--28,000","26,000"
Rajshahi,Naogaon,Naogaon Sadar,Naogaon Sadar Bazar,Katla-Big (above 5 Kg),2025,Kilogram,450--500,475,Quintal,"42,000--47,000","44,500"
Rajshahi,Naogaon,Naogaon Sadar,Naogaon Sadar Bazar,Katla-Medium (2.50-4.50 kg),2025,Kilogram,400--420,410,Quintal,"38,000--40,000","39,000"
Rajshahi,Naogaon,Naogaon Sadar,Naogaon Sadar Bazar,Katla-Small (1.50-2.00 kg),2025,Kilogram,300--320,310,Quintal,"28,000--30,000","29,000"
Rajshahi,Naogaon,Naogaon Sadar,Naogaon Sadar Bazar,Mregal-small,2025,Kilogram,200--250,225,Quintal,"18,000--21,000","19,500"
Rajshahi,Naogaon,Naogaon Sadar,Naogaon Sadar Bazar,Pangash (small),2025,Kilogram,200--210,205,Quintal,"18,000--19,000","18,500"
Rajshahi,Naogaon,Naogaon Sadar,Naogaon Sadar Bazar,Pangash (big),2025,Kilogram,150--180,165,Quintal,"13,000--15,000","14,000"
Rajshahi,Naogaon,Naogaon Sadar,Naogaon Sadar Bazar,Hilsha (500-900) gm,2025,Kilogram,"1,220.44--2,192.7","1,706.57",Quintal,"112,737.23--209,963.5","161,350.36"
Rajshahi,Naogaon,Naogaon Sadar,Naogaon Sadar Bazar,Kai,2025,Kilogram,280--300,290,Quintal,"26,000--28,000","27,000"
Rajshahi,Naogaon,Naogaon Sadar,Naogaon Sadar Bazar,Magur,2025,Kilogram,500--600,550,Quintal,"45,000--50,000","47,500"
Rajshahi,Naogaon,Naogaon Sadar,Naogaon Sadar Bazar,Singhi,2025,Kilogram,450--500,475,Quintal,"40,000--45,000","42,500"
Rajshahi,Naogaon,Naogaon Sadar,Naogaon Sadar Bazar,Silver Carp,2025,Kilogram,150--180,165,Quintal,"12,000--15,000","13,500"
Rajshahi,Naogaon,Naogaon Sadar,Naogaon Sadar Bazar,Telapia/Nilotica,2025,Kilogram,180--200,190,Quintal,"16,000--18,000","17,000"
Rajshahi,Naogaon,Naogaon Sadar,Naogaon Sadar Bazar,Ruhi (Local) big (above 5 kg),2026,Kilogram,450--500,475,Quintal,"42,000--47,000","44,500"
Rajshahi,Naogaon,Naogaon Sadar,Naogaon Sadar Bazar,Ruhi (Local) - small (1.50-2.00 kg),2026,Kilogram,260--300,280,Quintal,"24,000--28,000","26,000"
Rajshahi,Naogaon,Naogaon Sadar,Naogaon Sadar Bazar,Katla-Big (above 5 Kg),2026,Kilogram,450--500,475,Quintal,"42,000--47,000","44,500"
Rajshahi,Naogaon,Naogaon Sadar,Naogaon Sadar Bazar,Katla-Medium (2.50-4.50 kg),2026,Kilogram,400--420,410,Quintal,"38,000--40,000","39,000"
Rajshahi,Naogaon,Naogaon Sadar,Naogaon Sadar Bazar,Katla-Small (1.50-2.00 kg),2026,Kilogram,300--320,310,Quintal,"28,000--30,000","29,000"
Rajshahi,Naogaon,Naogaon Sadar,Naogaon Sadar Bazar,Mregal-small,2026,Kilogram,200--250,225,Quintal,"18,000--21,000","19,500"
Rajshahi,Naogaon,Naogaon Sadar,Naogaon Sadar Bazar,Pangash (small),2026,Kilogram,200--210,205,Quintal,"18,000--19,000","18,500"
Rajshahi,Naogaon,Naogaon Sadar,Naogaon Sadar Bazar,Pangash (big),2026,Kilogram,150--180,165,Quintal,"13,000--15,000","14,000"
Rajshahi,Naogaon,Naogaon Sadar,Naogaon Sadar Bazar,Hilsha (500-900) gm,2026,Kilogram,"1,200--2,200","1,700",Quintal,"110,000--210,000","160,000"
Rajshahi,Naogaon,Naogaon Sadar,Naogaon Sadar Bazar,Kai,2026,Kilogram,280--300,290,Quintal,"26,000--28,000","27,000"
Rajshahi,Naogaon,Naogaon Sadar,Naogaon Sadar Bazar,Magur,2026,Kilogram,500--600,550,Quintal,"45,000--50,000","47,500"
Rajshahi,Naogaon,Naogaon Sadar,Naogaon Sadar Bazar,Singhi,2026,Kilogram,450--500,475,Quintal,"40,000--45,000","42,500"
Rajshahi,Naogaon,Naogaon Sadar,Naogaon Sadar Bazar,Silver Carp,2026,Kilogram,150--180,165,Quintal,"12,000--15,000","13,500"
Rajshahi,Naogaon,Naogaon Sadar,Naogaon Sadar Bazar,Telapia/Nilotica,2026,Kilogram,180--200,190,Quintal,"16,000--18,000","17,000"
Rajshahi,Naogaon,Sapahar,Sapahar Market,Ruhi (Local) - small (1.50-2.00 kg),2025,Kilogram,240--250,245,Quintal,"23,000--23,500","23,250"
Rajshahi,Naogaon,Sapahar,Sapahar Market,Ruhi (Imported) small (1.50-2.00 kg),2025,Kilogram,350--400,375,Quintal,"30,000--33,000","31,500"
Rajshahi,Naogaon,Sapahar,Sapahar Market,Katla-Medium (2.50-4.50 kg),2025,Kilogram,350--400,375,Quintal,"32,000--35,000","33,500"
Rajshahi,Naogaon,Sapahar,Sapahar Market,Katla-Small (1.50-2.00 kg),2025,Kilogram,200--220,210,Quintal,"17,000--18,000","17,500"
Rajshahi,Naogaon,Sapahar,Sapahar Market,Pangash (small),2025,Kilogram,160--180,170,Quintal,"14,000--15,000","14,500"
Rajshahi,Naogaon,Sapahar,Sapahar Market,Pangash (big),2025,Kilogram,140--150,145,Quintal,"13,000--14,000","13,500"
Rajshahi,Naogaon,Sapahar,Sapahar Market,Ruhi (Local) - small (1.50-2.00 kg),2026,Kilogram,217.48--253.18,235.33,Quintal,"19,887.42--20,867.55","20,377.48"
Rajshahi,Naogaon,Sapahar,Sapahar Market,Katla-Medium (2.50-4.50 kg),2026,Kilogram,350--400,375,Quintal,"32,000--35,000","33,500"
Rajshahi,Naogaon,Sapahar,Sapahar Market,Katla-Small (1.50-2.00 kg),2026,Kilogram,200--238.48,219.24,Quintal,"17,000--18,000","17,500"
Rajshahi,Naogaon,Sapahar,Sapahar Market,Pangash (small),2026,Kilogram,160--180,170,Quintal,"14,000--15,000","14,500"
Rajshahi,Naogaon,Sapahar,Sapahar Market,Pangash (big),2026,Kilogram,140--150,145,Quintal,"13,000--14,000","13,500"
Khulna,Jashore,Jessore Sadar,Jessore Sadar Bazar,Ruhi (Local) - medium (2.50-4.50 kg),2025,Kilogram,366.79--479.33,423.06,Quintal,"32,238.81--39,253.73","35,746.27"
Khulna,Jashore,Jessore Sadar,Jessore Sadar Bazar,Ruhi (Local) - small (1.50-2.00 kg),2025,Kilogram,321.42--351.79,336.6,Quintal,"27,429.1--29,876.87","28,652.99"
Khulna,Jashore,Jessore Sadar,Jessore Sadar Bazar,Ruhi (Imported) small (1.50-2.00 kg),2025,Kilogram,276.04--319.63,297.84,Quintal,"24,970.15--26,847.01","25,908.58"
Khulna,Jashore,Jessore Sadar,Jessore Sadar Bazar,Katla (Local),2025,Kilogram,274.48--316.12,295.3,Quintal,"25,264.93--28,179.1","26,722.01"
Khulna,Jashore,Jessore Sadar,Jessore Sadar Bazar,Mregal-small,2025,Kilogram,246.19--275.22,260.71,Quintal,"19,141.79--23,634.33","21,388.06"
Khulna,Jashore,Jessore Sadar,Jessore Sadar Bazar,Pangash (big),2025,Kilogram,147.91--180.3,164.1,Quintal,"12,791.04--13,936.57","13,363.81"
Khulna,Jashore,Jessore Sadar,Jessore Sadar Bazar,Silver Carp,2025,Kilogram,150--180,165,Quintal,"12,664.18--15,000","13,832.09"
Khulna,Jashore,Jessore Sadar,Jessore Sadar Bazar,Grass carp,2025,Kilogram,222.31--262.31,242.31,Quintal,"18,410.45--21,138.06","19,774.25"
Khulna,Jashore,Jessore Sadar,Jessore Sadar Bazar,Telapia/Nilotica,2025,Kilogram,154.4--207.09,180.75,Quintal,"12,682.84--17,205.22","14,944.03"
Khulna,Jashore,Jessore Sadar,Jessore Sadar Bazar,Hilsha (500-900) gm,2025,Kilogram,"1,031.82--1,812.12","1,421.97",Quintal,"85,454.55--148,636.36","117,045.45"
Khulna,Jashore,Jessore Sadar,Jessore Sadar Bazar,Ruhi (Local) - medium (2.50-4.50 kg),2026,Kilogram,360.91--485.19,423.05,Quintal,"33,201.3--44,090.91","38,646.10"
Khulna,Jashore,Jessore Sadar,Jessore Sadar Bazar,Ruhi (Local) - small (1.50-2.00 kg),2026,Kilogram,303.12--338.83,320.97,Quintal,"27,441.56--29,198.05","28,319.81"
Khulna,Jashore,Jessore Sadar,Jessore Sadar Bazar,Ruhi (Imported) small (1.50-2.00 kg),2026,Kilogram,273.51--298.96,286.23,Quintal,"24,766.23--26,224.03","25,495.13"
Khulna,Jashore,Jessore Sadar,Jessore Sadar Bazar,Katla (Local),2026,Kilogram,260.58--280.78,270.68,Quintal,"24,253.25--26,068.18","25,160.71"
Khulna,Jashore,Jessore Sadar,Jessore Sadar Bazar,Mregal-small,2026,Kilogram,239.35--272.6,255.97,Quintal,"20,207.79--24,431.82","22,319.81"
Khulna,Jashore,Jessore Sadar,Jessore Sadar Bazar,Pangash (big),2026,Kilogram,148.31--182.21,165.26,Quintal,"12,746.75--14,811.69","13,779.22"
Khulna,Jashore,Jessore Sadar,Jessore Sadar Bazar,Silver Carp,2026,Kilogram,151.49--188.18,169.84,Quintal,"12,724.03--15,146.1","13,935.06"
Khulna,Jashore,Jessore Sadar,Jessore Sadar Bazar,Grass carp,2026,Kilogram,202.27--238.83,220.55,Quintal,"16,941.56--19,029.22","17,985.39"
Khulna,Jashore,Jessore Sadar,Jessore Sadar Bazar,Telapia/Nilotica,2026,Kilogram,154.29--202.21,178.25,Quintal,"13,146.1--17,149.35","15,147.73"
Khulna,Jashore,Sharsha,Sharsha Bazar,Ruhi (Local) - medium (2.50-4.50 kg),2026,Kilogram,400--544,472,Quintal,"36,000--47,000","41,500"
Khulna,Jashore,Sharsha,Sharsha Bazar,Ruhi (Local) - small (1.50-2.00 kg),2026,Kilogram,360--380,370,Quintal,"31,000--35,000","33,000"
Khulna,Jashore,Sharsha,Navaron Bazar,Ruhi (Local) - small (1.50-2.00 kg),2026,Kilogram,357.37--395.26,376.32,Quintal,"31,736.84--35,736.84","33,736.84"
Khulna,Jashore,Sharsha,Navaron Bazar,Telapia/Nilotica,2026,Kilogram,175.26--221.05,198.16,Quintal,"15,236.84--17,973.68","16,605.26"
Khulna,Satkhira,Kalaroa,Kalaroa Bazar,Telapia/Nilotica,2026,Kilogram,156.67--176.67,166.67,Quintal,"14,166.67--16,166.67","15,166.67"
Khulna,Satkhira,Satkhira Sadar,"Sultanpur Bazar, Satkhira",Ruhi (Local) - small (1.50-2.00 kg),2025,Kilogram,353.28--373.28,363.28,Quintal,"33,036.5--35,036.5","34,036.50"
Khulna,Satkhira,Satkhira Sadar,"Sultanpur Bazar, Satkhira",Katla-Small (1.50-2.00 kg),2025,Kilogram,308.32--328.32,318.32,Quintal,"28,832.12--30,540.15","29,686.13"
Khulna,Satkhira,Satkhira Sadar,"Sultanpur Bazar, Satkhira",Shrimp Bagda,2025,Kilogram,"1,050--1,150","1,100",Quintal,"100,000--110,000","105,000"
Khulna,Satkhira,Satkhira Sadar,"Sultanpur Bazar, Satkhira",Shrimp Golda,2025,Kilogram,"1,150--1,250","1,200",Quintal,"110,000--120,000","115,000"
Khulna,Satkhira,Satkhira Sadar,"Sultanpur Bazar, Satkhira",Shrimp-small,2025,Kilogram,650--680,665,Quintal,"60,000--64,000","62,000"
Khulna,Satkhira,Satkhira Sadar,"Sultanpur Bazar, Satkhira",Silver Carp,2025,Kilogram,184.96--202.04,193.5,Quintal,"16,496.35--18,204.38","17,350.36"
Khulna,Satkhira,Satkhira Sadar,"Sultanpur Bazar, Satkhira",Grass carp,2025,Kilogram,227.88--244.96,236.42,Quintal,"20,788.32--22,496.35","21,642.34"
Khulna,Satkhira,Satkhira Sadar,"Sultanpur Bazar, Satkhira",Telapia/Nilotica,2025,Kilogram,154.74--167.88,161.31,Quintal,"13,474.45--14,788.32","14,131.39"
Khulna,Satkhira,Satkhira Sadar,"Sultanpur Bazar, Satkhira",Koral,2025,Kilogram,800--850,825,Quintal,"75,000--80,000","77,500"
Khulna,Satkhira,Satkhira Sadar,"Sultanpur Bazar, Satkhira",Ruhi (Local) - small (1.50-2.00 kg),2026,Kilogram,360--380,370,Quintal,"34,000--36,000","35,000"
Khulna,Satkhira,Satkhira Sadar,"Sultanpur Bazar, Satkhira",Katla-Small (1.50-2.00 kg),2026,Kilogram,320--340,330,Quintal,"30,000--32,000","31,000"
Khulna,Satkhira,Satkhira Sadar,"Sultanpur Bazar, Satkhira",Shrimp Bagda,2026,Kilogram,"1,050--1,150","1,100",Quintal,"100,000--110,000","105,000"
Khulna,Satkhira,Satkhira Sadar,"Sultanpur Bazar, Satkhira",Shrimp Golda,2026,Kilogram,"1,150--1,250","1,200",Quintal,"110,000--120,000","115,000"
Khulna,Satkhira,Satkhira Sadar,"Sultanpur Bazar, Satkhira",Shrimp-small,2026,Kilogram,650--680,665,Quintal,"60,000--64,000","62,000"
Khulna,Satkhira,Satkhira Sadar,"Sultanpur Bazar, Satkhira",Silver Carp,2026,Kilogram,180--200,190,Quintal,"16,000--18,000","17,000"
Khulna,Satkhira,Satkhira Sadar,"Sultanpur Bazar, Satkhira",Grass carp,2026,Kilogram,220--240,230,Quintal,"20,000--22,000","21,000"
Khulna,Satkhira,Satkhira Sadar,"Sultanpur Bazar, Satkhira",Telapia/Nilotica,2026,Kilogram,146.27--165.44,155.85,Quintal,"12,632.91--14,550.63","13,591.77"
Khulna,Satkhira,Satkhira Sadar,"Sultanpur Bazar, Satkhira",Koral,2026,Kilogram,800--850,825,Quintal,"75,000--80,000","77,500"
Khulna,Narail,Narail Sadar,Rupganj Bazar,Ruhi (Local) - small (1.50-2.00 kg),2025,Kilogram,295--342.5,318.75,Quintal,"26,750--28,500","27,625"
Khulna,Narail,Narail Sadar,Rupganj Bazar,Katla-Small (1.50-2.00 kg),2025,Kilogram,295--315,305,Quintal,"24,250--27,500","25,875"
Khulna,Narail,Narail Sadar,Rupganj Bazar,Pangash (big),2025,Kilogram,120--180,150,Quintal,"9,000--14,000","11,500"
Khulna,Narail,Narail Sadar,Rupganj Bazar,Silver Carp,2025,Kilogram,140--200,170,Quintal,"11,000--16,000","13,500"
Khulna,Narail,Narail Sadar,Rupganj Bazar,Telapia/Nilotica,2025,Kilogram,120--188.38,154.19,Quintal,"9,000--14,838.24","11,919.12"
Khulna,Narail,Narail Sadar,Rupganj Bazar,Ruhi (Local) - small (1.50-2.00 kg),2026,Kilogram,319.05--358.8,338.92,Quintal,"28,898.73--31,297.47","30,098.10"
Khulna,Narail,Narail Sadar,Rupganj Bazar,Katla-Small (1.50-2.00 kg),2026,Kilogram,311.14--332.28,321.71,Quintal,"26,677.22--29,265.82","27,971.52"
Khulna,Narail,Narail Sadar,Rupganj Bazar,Pangash (big),2026,Kilogram,126.84--184.56,155.7,Quintal,"9,455.7--14,455.7","11,955.70"
Khulna,Narail,Narail Sadar,Rupganj Bazar,Silver Carp,2026,Kilogram,145.82--207.28,176.55,Quintal,"11,145.57--16,291.14","13,718.35"
Khulna,Narail,Narail Sadar,Rupganj Bazar,Telapia/Nilotica,2026,Kilogram,133.29--196.01,164.65,Quintal,"9,955.7--14,955.7","12,455.70"
Khulna,Kushtia,Kushtia Sadar,Kushtia Sadar Bazar,Ruhi (Local) - small (1.50-2.00 kg),2025,Kilogram,331.47--401.47,366.47,Quintal,"30,319.12--36,676.47","33,497.79"
Khulna,Kushtia,Kushtia Sadar,Kushtia Sadar Bazar,Pangash (big),2025,Kilogram,180--190,185,Quintal,"16,000--17,000","16,500"
Khulna,Kushtia,Kushtia Sadar,Kushtia Sadar Bazar,Hilsha (500-900) gm,2025,Kilogram,"939.17--2,301.67","1,620.42",Quintal,"83,858.33--212,208.33","148,033.33"
Khulna,Kushtia,Kushtia Sadar,Kushtia Sadar Bazar,Silver Carp,2025,Kilogram,180--220,200,Quintal,"16,000--20,000","18,000"
Khulna,Kushtia,Kushtia Sadar,Kushtia Sadar Bazar,Telapia/Nilotica,2025,Kilogram,160--250,205,Quintal,"14,000--22,000","18,000"
Khulna,Kushtia,Kushtia Sadar,Kushtia Sadar Bazar,Ruhi (Local) - small (1.50-2.00 kg),2026,Kilogram,350--420,385,Quintal,"32,000--38,000","35,000"
Khulna,Kushtia,Kushtia Sadar,Kushtia Sadar Bazar,Pangash (big),2026,Kilogram,180--190,185,Quintal,"16,000--17,000","16,500"
Khulna,Kushtia,Kushtia Sadar,Kushtia Sadar Bazar,Hilsha (500-900) gm,2026,Kilogram,"1,333.76--2,857.32","2,095.54",Quintal,"123,375.8--266,242.04","194,808.92"
Khulna,Kushtia,Kushtia Sadar,Kushtia Sadar Bazar,Silver Carp,2026,Kilogram,180--220,200,Quintal,"16,000--20,000","18,000"
Khulna,Kushtia,Kushtia Sadar,Kushtia Sadar Bazar,Telapia/Nilotica,2026,Kilogram,160--250,205,Quintal,"14,000--22,000","18,000"
Khulna,Magura,Magura Sadar,Magura Sadar Bazar,Ruhi (Local) - small (1.50-2.00 kg),2025,Kilogram,317.88--365.4,341.64,Quintal,"27,799.27--32,065.69","29,932.48"
Khulna,Magura,Magura Sadar,Magura Sadar Bazar,Katla-Small (1.50-2.00 kg),2025,Kilogram,282.26--332.55,307.41,Quintal,"24,142.34--28,854.01","26,498.18"
Khulna,Magura,Magura Sadar,Magura Sadar Bazar,Mregal-small,2025,Kilogram,222.41--245.04,233.72,Quintal,"18,605.84--20,868.61","19,737.23"
Khulna,Magura,Magura Sadar,Magura Sadar Bazar,Pangash (big),2025,Kilogram,163.21--186.35,174.78,Quintal,"13,784.67--15,430.66","14,607.66"
Khulna,Magura,Magura Sadar,Magura Sadar Bazar,Silver Carp,2025,Kilogram,166.72--199.12,182.92,Quintal,"13,843.07--16,919.71","15,381.39"
Khulna,Magura,Magura Sadar,Magura Sadar Bazar,Telapia/Nilotica,2025,Kilogram,167.23--189.27,178.25,Quintal,"14,149.64--16,014.6","15,082.12"
Khulna,Magura,Magura Sadar,Magura Sadar Bazar,Ruhi (Local) - small (1.50-2.00 kg),2026,Kilogram,302.37--348.53,325.45,Quintal,"26,448.72--30,516.03","28,482.37"
Khulna,Magura,Magura Sadar,Magura Sadar Bazar,Katla-Small (1.50-2.00 kg),2026,Kilogram,271.12--317.66,294.39,Quintal,"23,554.49--27,756.41","25,655.45"
Khulna,Magura,Magura Sadar,Magura Sadar Bazar,Mregal-small,2026,Kilogram,206.15--238.59,222.37,Quintal,"17,900.64--20,778.85","19,339.74"
Khulna,Magura,Magura Sadar,Magura Sadar Bazar,Pangash (big),2026,Kilogram,171.41--198.33,184.87,Quintal,"14,543.59--16,973.72","15,758.65"
Khulna,Magura,Magura Sadar,Magura Sadar Bazar,Silver Carp,2026,Kilogram,164.17--211.41,187.79,Quintal,"13,788.46--18,176.92","15,982.69"
Khulna,Magura,Magura Sadar,Magura Sadar Bazar,Telapia/Nilotica,2026,Kilogram,174.17--213.59,193.88,Quintal,"15,150.64--18,624.36","16,887.50"
Khulna,Khulna,Dumuria,Dumuria Bazar,Ruhi (Local) - small (1.50-2.00 kg),2026,Kilogram,355.92--419.59,387.76,Quintal,"32,198.98--38,803.06","35,501.02"
Khulna,Khulna,Dumuria,Dumuria Bazar,Mregal-small,2026,Kilogram,140--180,160,Quintal,"6,634.84--8,846.45","7,740.65"
Khulna,Khulna,Dumuria,Dumuria Bazar,Katla-Small (1.50-2.00 kg),2026,Kilogram,250--350,300,Quintal,"23,000--33,000","28,000"
Khulna,Khulna,Khulna City Corporation,Khulna Sadar Bazar,Ruhi (Local) - small (1.50-2.00 kg),2025,Kilogram,301.02--344.91,322.96,Quintal,"27,259.26--31,333.33","29,296.30"
Khulna,Khulna,Khulna City Corporation,Khulna Sadar Bazar,Katla-Small (1.50-2.00 kg),2025,Kilogram,289.44--320.2,304.82,Quintal,"26,222.22--29,398.15","27,810.19"
Khulna,Khulna,Khulna City Corporation,Khulna Sadar Bazar,Pangash (big),2025,Kilogram,170.09--189.63,179.86,Quintal,"15,680.56--16,995.37","16,337.96"
Khulna,Khulna,Khulna City Corporation,Khulna Sadar Bazar,Shrimp-small,2025,Kilogram,581.02--679.17,630.09,Quintal,"48,059.26--59,425.93","53,742.59"
Khulna,Khulna,Khulna City Corporation,Khulna Sadar Bazar,Hilsha (500-900) gm,2025,Kilogram,"907.69--2,076.92","1,492.31",Quintal,"82,615.38--193,846.15","138,230.77"
Khulna,Khulna,Khulna City Corporation,Khulna Sadar Bazar,Ruhi (Local) - small (1.50-2.00 kg),2026,Kilogram,315.35--354.03,334.69,Quintal,"28,773.58--31,754.72","30,264.15"
Khulna,Khulna,Khulna City Corporation,Khulna Sadar Bazar,Katla-Small (1.50-2.00 kg),2026,Kilogram,288.74--325.72,307.23,Quintal,"26,845.91--29,207.55","28,026.73"
Khulna,Khulna,Khulna City Corporation,Khulna Sadar Bazar,Pangash (big),2026,Kilogram,174.72--195.72,185.22,Quintal,"16,528.3--17,503.14","17,015.72"
Khulna,Khulna,Khulna City Corporation,Khulna Sadar Bazar,Hilsha (500-900) gm,2026,Kilogram,"1,040.3--2,155.97","1,598.13",Quintal,"161,037.31--198,022.39","179,529.85"
Khulna,Khulna,Khulna City Corporation,Khulna Sadar Bazar,Shrimp-small,2026,Kilogram,645.91--741.51,693.71,Quintal,"51,833.96--63,333.33","57,583.65"
Khulna,Bagerhat,Bagerhat Sadar,Bagerhat Sadar Bazar,Ruhi (Local) - medium (2.50-4.50 kg),2025,Kilogram,300--350,325,Quintal,"27,000--30,000","28,500"
Khulna,Bagerhat,Bagerhat Sadar,Bagerhat Sadar Bazar,Ruhi (Local) - small (1.50-2.00 kg),2025,Kilogram,240--280,260,Quintal,"22,000--24,000","23,000"
Khulna,Bagerhat,Bagerhat Sadar,Bagerhat Sadar Bazar,Katla-Medium (2.50-4.50 kg),2025,Kilogram,300--350,325,Quintal,"27,000--30,000","28,500"
Khulna,Bagerhat,Bagerhat Sadar,Bagerhat Sadar Bazar,Katla-Small (1.50-2.00 kg),2025,Kilogram,240--280,260,Quintal,"22,000--24,000","23,000"
Khulna,Bagerhat,Bagerhat Sadar,Bagerhat Sadar Bazar,Mregal-small,2025,Kilogram,200--250,225,Quintal,"18,000--122,000","70,000"
Khulna,Bagerhat,Bagerhat Sadar,Bagerhat Sadar Bazar,Pangash (big),2025,Kilogram,171.02--214.01,192.52,Quintal,"13,401.46--18,401.46","15,901.46"
Khulna,Bagerhat,Bagerhat Sadar,Bagerhat Sadar Bazar,Hilsha (500-900) gm,2025,Kilogram,"762.7--1,515.57","1,139.14",Quintal,"64,434.43--134,047.54","99,240.98"
Khulna,Bagerhat,Bagerhat Sadar,Bagerhat Sadar Bazar,Shrimp-small,2025,Kilogram,510.95--610.95,560.95,Quintal,"45,985.4--55,985.4","50,985.40"
Khulna,Bagerhat,Bagerhat Sadar,Bagerhat Sadar Bazar,Silver Carp,2025,Kilogram,200--220,210,Quintal,"18,000--20,000","19,000"
Khulna,Bagerhat,Bagerhat Sadar,Bagerhat Sadar Bazar,Grass carp,2025,Kilogram,200--230,215,Quintal,"18,000--21,000","19,500"
Khulna,Bagerhat,Bagerhat Sadar,Bagerhat Sadar Bazar,Telapia/Nilotica,2025,Kilogram,128.25--196.5,162.37,Quintal,"10,824.82--16,708.03","13,766.42"
Khulna,Bagerhat,Bagerhat Sadar,Bagerhat Sadar Bazar,Ruhi (Local) - medium (2.50-4.50 kg),2026,Kilogram,300--350,325,Quintal,"27,000--30,000","28,500"
Khulna,Bagerhat,Bagerhat Sadar,Bagerhat Sadar Bazar,Ruhi (Local) - small (1.50-2.00 kg),2026,Kilogram,240--280,260,Quintal,"22,000--24,000","23,000"
Khulna,Bagerhat,Bagerhat Sadar,Bagerhat Sadar Bazar,Katla-Medium (2.50-4.50 kg),2026,Kilogram,300--350,325,Quintal,"27,000--30,000","28,500"
Khulna,Bagerhat,Bagerhat Sadar,Bagerhat Sadar Bazar,Katla-Small (1.50-2.00 kg),2026,Kilogram,240--280,260,Quintal,"22,000--24,000","23,000"
Khulna,Bagerhat,Bagerhat Sadar,Bagerhat Sadar Bazar,Mregal-small,2026,Kilogram,200--250,225,Quintal,"18,000--122,000","70,000"
Khulna,Bagerhat,Bagerhat Sadar,Bagerhat Sadar Bazar,Pangash (big),2026,Kilogram,180--232.32,206.16,Quintal,"14,615.89--19,615.89","17,115.89"
Khulna,Bagerhat,Bagerhat Sadar,Bagerhat Sadar Bazar,Hilsha (500-900) gm,2026,Kilogram,"937.09--1,731.13","1,334.11",Quintal,"42,192.72--62,132.78","52,162.75"
Khulna,Bagerhat,Bagerhat Sadar,Bagerhat Sadar Bazar,Shrimp-small,2026,Kilogram,500--600,550,Quintal,"45,000--55,000","50,000"
Khulna,Bagerhat,Bagerhat Sadar,Bagerhat Sadar Bazar,Silver Carp,2026,Kilogram,200--220,210,Quintal,"18,000--20,000","19,000"
Khulna,Bagerhat,Bagerhat Sadar,Bagerhat Sadar Bazar,Grass carp,2026,Kilogram,200--230,215,Quintal,"18,000--21,000","19,500"
Khulna,Bagerhat,Bagerhat Sadar,Bagerhat Sadar Bazar,Telapia/Nilotica,2026,Kilogram,100--140,120,Quintal,"8,000--12,000","10,000"
Khulna,Jhenaidah,Jhenaidah Sadar,Jhenaidah Sadar Paura Boro Bazar,Ruhi (Local) - small (1.50-2.00 kg),2025,Kilogram,295.59--343.38,319.49,Quintal,"26,558.82--31,117.65","28,838.24"
Khulna,Jhenaidah,Jhenaidah Sadar,Jhenaidah Sadar Paura Boro Bazar,Katla-Small (1.50-2.00 kg),2025,Kilogram,293.38--336.03,314.71,Quintal,"26,338.24--30,676.47","28,507.35"
Khulna,Jhenaidah,Jhenaidah Sadar,Jhenaidah Sadar Paura Boro Bazar,Mregal-small,2025,Kilogram,195.59--243.38,219.49,Quintal,"16,558.82--21,338.24","18,948.53"
Khulna,Jhenaidah,Jhenaidah Sadar,Jhenaidah Sadar Paura Boro Bazar,Pangash (small),2025,Kilogram,180--220,200,Quintal,"15,000--18,000","16,500"
Khulna,Jhenaidah,Jhenaidah Sadar,Jhenaidah Sadar Paura Boro Bazar,Pangash (big),2025,Kilogram,143.38--157.79,150.59,Quintal,"11,558.82--12,779.41","12,169.12"
Khulna,Jhenaidah,Jhenaidah Sadar,Jhenaidah Sadar Paura Boro Bazar,Kai,2025,Kilogram,250--300,275,Quintal,"22,500--27,000","24,750"
Khulna,Jhenaidah,Jhenaidah Sadar,Jhenaidah Sadar Paura Boro Bazar,Singhi,2025,Kilogram,350--500,425,Quintal,"32,000--47,000","39,500"
Khulna,Jhenaidah,Jhenaidah Sadar,Jhenaidah Sadar Paura Boro Bazar,Silver Carp,2025,Kilogram,150--214.12,182.06,Quintal,"12,000--18,411.76","15,205.88"
Khulna,Jhenaidah,Jhenaidah Sadar,Jhenaidah Sadar Paura Boro Bazar,Grass carp,2025,Kilogram,200--285.29,242.65,Quintal,"17,000--25,529.41","21,264.71"
Khulna,Jhenaidah,Jhenaidah Sadar,Jhenaidah Sadar Paura Boro Bazar,Telapia/Nilotica,2025,Kilogram,166.84--221.03,193.93,Quintal,"13,911.76--19,216.91","16,564.34"
Khulna,Jhenaidah,Jhenaidah Sadar,Jhenaidah Sadar Paura Boro Bazar,Hilsha (500-900) gm,2025,Kilogram,"798.17--1,504.59","1,151.38",Quintal,"73,165.14--140,458.72","106,811.93"
Khulna,Jhenaidah,Jhenaidah Sadar,Jhenaidah Sadar Paura Boro Bazar,Ruhi (Local) - small (1.50-2.00 kg),2026,Kilogram,289.09--347.53,318.31,Quintal,"25,493.51--31,337.66","28,415.58"
Khulna,Jhenaidah,Jhenaidah Sadar,Jhenaidah Sadar Paura Boro Bazar,Katla-Small (1.50-2.00 kg),2026,Kilogram,289.09--347.53,318.31,Quintal,"25,493.51--31,337.66","28,415.58"
Khulna,Jhenaidah,Jhenaidah Sadar,Jhenaidah Sadar Paura Boro Bazar,Mregal-small,2026,Kilogram,210.39--298.7,254.55,Quintal,"17,623.38--26,454.55","22,038.96"
Khulna,Jhenaidah,Jhenaidah Sadar,Jhenaidah Sadar Paura Boro Bazar,Pangash (small),2026,Kilogram,207.4--252.53,229.97,Quintal,"17,740.26--21,811.69","19,775.97"
Khulna,Jhenaidah,Jhenaidah Sadar,Jhenaidah Sadar Paura Boro Bazar,Pangash (big),2026,Kilogram,156.23--179.48,167.86,Quintal,"12,623.38--14,740.26","13,681.82"
Khulna,Jhenaidah,Jhenaidah Sadar,Jhenaidah Sadar Paura Boro Bazar,Hilsha (500-900) gm,2026,Kilogram,"1,161.69--2,034.42","1,598.05",Quintal,"104,415.58--188,311.69","146,363.64"
Khulna,Jhenaidah,Jhenaidah Sadar,Jhenaidah Sadar Paura Boro Bazar,Kai,2026,Kilogram,237.53--303.9,270.71,Quintal,"21,045.45--27,389.61","24,217.53"
Khulna,Jhenaidah,Jhenaidah Sadar,Jhenaidah Sadar Paura Boro Bazar,Singhi,2026,Kilogram,331.04--427.27,379.16,Quintal,"30,103.9--38,493.51","34,298.70"
Khulna,Jhenaidah,Jhenaidah Sadar,Jhenaidah Sadar Paura Boro Bazar,Silver Carp,2026,Kilogram,152.6--223.12,187.86,Quintal,"12,259.74--19,077.92","15,668.83"
Khulna,Jhenaidah,Jhenaidah Sadar,Jhenaidah Sadar Paura Boro Bazar,Grass carp,2026,Kilogram,216.23--310.39,263.31,Quintal,"18,207.79--27,623.38","22,915.58"
Khulna,Jhenaidah,Jhenaidah Sadar,Jhenaidah Sadar Paura Boro Bazar,Telapia/Nilotica,2026,Kilogram,176.1--222.66,199.38,Quintal,"14,987.01--19,266.23","17,126.62"
Khulna,Jhenaidah,Jhenaidah Sadar,Jhenaidah Sadar Paura Boro Bazar,Ruhi (Local) - medium (2.50-4.50 kg),2026,Kilogram,375--458.59,416.8,Quintal,"33,500--41,093.75","37,296.88"
Khulna,Jhenaidah,Jhenaidah Sadar,Jhenaidah Sadar Paura Boro Bazar,Katla-Medium (2.50-4.50 kg),2026,Kilogram,375--440,407.5,Quintal,"33,500--39,500","36,500"
Khulna,Jhenaidah,Kaliganj,"Kaliganj Bazar,",Ruhi (Local) - small (1.50-2.00 kg),2026,Kilogram,295.17--362.41,328.79,Quintal,"26,310.34--32,827.59","29,568.97"
Khulna,Jhenaidah,Kaliganj,"Kaliganj Bazar,",Katla-Small (1.50-2.00 kg),2026,Kilogram,286.21--350.69,318.45,Quintal,"25,620.69--32,068.97","28,844.83"
Khulna,Jhenaidah,Kaliganj,"Kaliganj Bazar,",Mregal-small,2026,Kilogram,210--300,255,Quintal,"17,200--27,000","22,100"
Khulna,Jhenaidah,Kaliganj,"Kaliganj Bazar,",Pangash (small),2026,Kilogram,200--278.97,239.48,Quintal,"17,000--25,172.41","21,086.21"
Khulna,Jhenaidah,Kaliganj,"Kaliganj Bazar,",Pangash (big),2026,Kilogram,160--180,170,Quintal,"12,500--15,000","13,750"
Khulna,Jhenaidah,Kaliganj,"Kaliganj Bazar,",Hilsha (500-900) gm,2026,Kilogram,"1,191.95--2,031.03","1,611.49",Quintal,"54,252.87--102,896.55","78,574.71"
Khulna,Jhenaidah,Kaliganj,"Kaliganj Bazar,",Kai,2026,Kilogram,240--400,320,Quintal,"22,000--36,000","29,000"
Khulna,Jhenaidah,Kaliganj,"Kaliganj Bazar,",Silver Carp,2026,Kilogram,135.52--213.79,174.66,Quintal,"11,551.72--18,551.72","15,051.72"
Khulna,Jhenaidah,Kaliganj,"Kaliganj Bazar,",Grass carp,2026,Kilogram,200--300,250,Quintal,"17,500--26,500","22,000"
Khulna,Jhenaidah,Kaliganj,"Kaliganj Bazar,",Telapia/Nilotica,2026,Kilogram,171.03--213.79,192.41,Quintal,"14,827.59--18,655.17","16,741.38"
Barisal,Jhalakathi,Jhalakathi Sadar,Jhalakathi Sadar Bazar,Ruhi (Local) - small (1.50-2.00 kg),2025,Kilogram,300--350,325,Quintal,"27,000--30,000","28,500"
Barisal,Jhalakathi,Jhalakathi Sadar,Jhalakathi Sadar Bazar,Ruhi (Imported) medium (2.50-4.50 kg),2025,Kilogram,400--450,425,Quintal,"36,444.44--38,888.89","37,666.67"
Barisal,Jhalakathi,Jhalakathi Sadar,Jhalakathi Sadar Bazar,Katla-Medium (2.50-4.50 kg),2025,Kilogram,390.8--421.75,406.28,Quintal,"35,474.45--39,474.45","37,474.45"
Barisal,Jhalakathi,Jhalakathi Sadar,Jhalakathi Sadar Bazar,Katla-Small (1.50-2.00 kg),2025,Kilogram,284.67--327.74,306.2,Quintal,"24,861.31--27,562.04","26,211.68"
Barisal,Jhalakathi,Jhalakathi Sadar,Jhalakathi Sadar Bazar,Mregal-small,2025,Kilogram,180--200,190,Quintal,"16,000--17,000","16,500"
Barisal,Jhalakathi,Jhalakathi Sadar,Jhalakathi Sadar Bazar,Pangash (small),2025,Kilogram,175.84--185.84,180.84,Quintal,"15,598.54--16,598.54","16,098.54"
Barisal,Jhalakathi,Jhalakathi Sadar,Jhalakathi Sadar Bazar,Pangash (big),2025,Kilogram,155.69--165.69,160.69,Quintal,"13,580.29--14,569.34","14,074.82"
Barisal,Jhalakathi,Jhalakathi Sadar,Jhalakathi Sadar Bazar,Shrimp Golda,2025,Kilogram,"1,100--1,200","1,150",Quintal,"105,000--115,000","110,000"
Barisal,Jhalakathi,Jhalakathi Sadar,Jhalakathi Sadar Bazar,Kai,2025,Kilogram,210--230,220,Quintal,"19,000--20,000","19,500"
Barisal,Jhalakathi,Jhalakathi Sadar,Jhalakathi Sadar Bazar,Silver Carp,2025,Kilogram,180--200,190,Quintal,"15,000--17,000","16,000"
Barisal,Jhalakathi,Jhalakathi Sadar,Jhalakathi Sadar Bazar,Grass carp,2025,Kilogram,180--200,190,Quintal,"15,000--16,000","15,500"
Barisal,Jhalakathi,Jhalakathi Sadar,Jhalakathi Sadar Bazar,Telapia/Nilotica,2025,Kilogram,156.93--200,178.47,Quintal,"14,000--17,693.43","15,846.72"
Barisal,Jhalakathi,Jhalakathi Sadar,Jhalakathi Sadar Bazar,Koral,2025,Kilogram,569.34--700,634.67,Quintal,"48,160.58--61,226.28","54,693.43"
Barisal,Jhalakathi,Jhalakathi Sadar,Jhalakathi Sadar Bazar,Poah,2025,Kilogram,350.36--496.72,423.54,Quintal,"30,343.07--42,153.28","36,248.18"
Barisal,Jhalakathi,Jhalakathi Sadar,Jhalakathi Sadar Bazar,Hilsha (500-900) gm,2025,Kilogram,"926.88--1,153.75","1,012.81",Quintal,"72,500--104,375","88,437.50"
Barisal,Jhalakathi,Jhalakathi Sadar,Jhalakathi Sadar Bazar,Ruhi (Local) - small (1.50-2.00 kg),2026,Kilogram,314.71--357.35,336.03,Quintal,"27,735.48--31,470.97","29,603.23"
Barisal,Jhalakathi,Jhalakathi Sadar,Jhalakathi Sadar Bazar,Katla-Medium (2.50-4.50 kg),2026,Kilogram,400--421.68,410.84,Quintal,"36,000--40,000","38,000"
Barisal,Jhalakathi,Jhalakathi Sadar,Jhalakathi Sadar Bazar,Katla-Small (1.50-2.00 kg),2026,Kilogram,301.68--341.68,321.68,Quintal,"26,167.74--28,335.48","27,251.61"
Barisal,Jhalakathi,Jhalakathi Sadar,Jhalakathi Sadar Bazar,Mregal-small,2026,Kilogram,180--200,190,Quintal,"16,000--17,000","16,500"
Barisal,Jhalakathi,Jhalakathi Sadar,Jhalakathi Sadar Bazar,Pangash (small),2026,Kilogram,184.84--194.84,189.84,Quintal,"16,483.87--17,483.87","16,983.87"
Barisal,Jhalakathi,Jhalakathi Sadar,Jhalakathi Sadar Bazar,Pangash (big),2026,Kilogram,157.42--167.42,162.42,Quintal,"13,741.94--14,741.94","14,241.94"
Barisal,Jhalakathi,Jhalakathi Sadar,Jhalakathi Sadar Bazar,Hilsha (500-900) gm,2026,Kilogram,848.68--976.97,912.83,Quintal,"64,868.42--77,697.37","71,282.89"
Barisal,Jhalakathi,Jhalakathi Sadar,Jhalakathi Sadar Bazar,Shrimp Golda,2026,Kilogram,"1,100--1,200","1,150",Quintal,"105,000--115,000","110,000"
Barisal,Jhalakathi,Jhalakathi Sadar,Jhalakathi Sadar Bazar,Kai,2026,Kilogram,229.61--242.26,235.94,Quintal,"20,348.39--21,348.39","20,848.39"
Barisal,Jhalakathi,Jhalakathi Sadar,Jhalakathi Sadar Bazar,Silver Carp,2026,Kilogram,180--200,190,Quintal,"15,000--17,000","16,000"
Barisal,Jhalakathi,Jhalakathi Sadar,Jhalakathi Sadar Bazar,Grass carp,2026,Kilogram,180--200,190,Quintal,"15,000--16,000","15,500"
Barisal,Jhalakathi,Jhalakathi Sadar,Jhalakathi Sadar Bazar,Telapia/Nilotica,2026,Kilogram,160--200,180,Quintal,"14,000--18,000","16,000"
Barisal,Jhalakathi,Jhalakathi Sadar,Jhalakathi Sadar Bazar,Koral,2026,Kilogram,600--700,650,Quintal,"50,000--60,000","55,000"
Barisal,Jhalakathi,Jhalakathi Sadar,Jhalakathi Sadar Bazar,Poah,2026,Kilogram,300--377.42,338.71,Quintal,"25,000--32,741.94","28,870.97"
Barisal,Jhalakathi,Jhalakathi Sadar,Jhalakathi Sadar Bazar,Ruhi (Local) - medium (2.50-4.50 kg),2026,Kilogram,400--440,420,Quintal,"36,000--40,000","38,000"
Barisal,Patuakhali,Patuakhali Sadar,Patuakhali Sadar Bazar,Ruhi (Local) - medium (2.50-4.50 kg),2025,Kilogram,350--450,400,Quintal,"32,500--38,500","35,500"
Barisal,Patuakhali,Patuakhali Sadar,Patuakhali Sadar Bazar,Ruhi (Imported) small (1.50-2.00 kg),2025,Kilogram,290--320,305,Quintal,"26,500--28,500","27,500"
Barisal,Patuakhali,Patuakhali Sadar,Patuakhali Sadar Bazar,Katla-Medium (2.50-4.50 kg),2025,Kilogram,380--460,420,Quintal,"32,000--38,000","35,000"
Barisal,Patuakhali,Patuakhali Sadar,Patuakhali Sadar Bazar,Katla-Small (1.50-2.00 kg),2025,Kilogram,280--320,300,Quintal,"25,000--27,500","26,250"
Barisal,Patuakhali,Patuakhali Sadar,Patuakhali Sadar Bazar,Pangash (big),2025,Kilogram,180--200,190,Quintal,"16,000--16,500","16,250"
Barisal,Patuakhali,Patuakhali Sadar,Patuakhali Sadar Bazar,Hilsha (500-900) gm,2025,Kilogram,"1,200--2,200","1,700",Quintal,"90,000--195,000","142,500"
Barisal,Pirojpur,Pirojpur Sadar,Pirojpur Sadar Bazar,Pangash (big),2025,Kilogram,157.84--221.27,189.55,Quintal,"14,447.76--19,865.67","17,156.72"
Barisal,Pirojpur,Pirojpur Sadar,Pirojpur Sadar Bazar,Telapia/Nilotica,2025,Kilogram,150.67--215.52,183.1,Quintal,"13,455.22--18,246.27","15,850.75"
Barisal,Pirojpur,Pirojpur Sadar,Pirojpur Sadar Bazar,Ruhi (Local) - small (1.50-2.00 kg),2025,Kilogram,230--260,245,Quintal,"20,000--24,000","22,000"
Barisal,Pirojpur,Pirojpur Sadar,Pirojpur Sadar Bazar,Ruhi (Local) - small (1.50-2.00 kg),2026,Kilogram,244.12--285.88,265,Quintal,"23,529.41--26,000","24,764.71"
Barisal,Pirojpur,Pirojpur Sadar,Pirojpur Sadar Bazar,Pangash (big),2026,Kilogram,157.4--223.27,190.33,Quintal,"13,726.67--20,080","16,903.33"
Barisal,Pirojpur,Pirojpur Sadar,Pirojpur Sadar Bazar,Telapia/Nilotica,2026,Kilogram,135.6--216.67,176.13,Quintal,"11,313.33--18,886.67","15,100"
Barisal,Pirojpur,Nazirpur,Nazirpur Bazar,Pangash (big),2026,Kilogram,150--224,187,Quintal,"13,000--19,880","16,440"
Barisal,Pirojpur,Nazirpur,Nazirpur Bazar,Telapia/Nilotica,2026,Kilogram,144.8--224.8,184.8,Quintal,"12,240--20,000","16,120"
Barisal,Barisal,Barisal Sadar,Barisal Sadar Bazar,Ruhi (Local) - small (1.50-2.00 kg),2025,Kilogram,268.8--318.8,293.8,Quintal,"21,880.34--26,880.34","24,380.34"
Barisal,Barisal,Barisal Sadar,Barisal Sadar Bazar,Ruhi (Imported) medium (2.50-4.50 kg),2025,Kilogram,368.8--418.8,393.8,Quintal,"31,880.34--36,880.34","34,380.34"
Barisal,Barisal,Barisal Sadar,Barisal Sadar Bazar,Katla-Medium (2.50-4.50 kg),2025,Kilogram,368.8--468.8,418.8,Quintal,"31,880.34--41,880.34","36,880.34"
Barisal,Barisal,Barisal Sadar,Barisal Sadar Bazar,Katla-Small (1.50-2.00 kg),2025,Kilogram,288.8--318.8,303.8,Quintal,"22,940.17--26,880.34","24,910.26"
Barisal,Barisal,Barisal Sadar,Barisal Sadar Bazar,Pangash (small),2025,Kilogram,198.8--228.21,213.5,Quintal,"16,880.34--19,820.51","18,350.43"
Barisal,Barisal,Barisal Sadar,Barisal Sadar Bazar,Telapia/Nilotica,2025,Kilogram,168.8--218.8,193.8,Quintal,"13,880.34--18,880.34","16,380.34"
Barisal,Barisal,Barisal Sadar,Barisal Sadar Bazar,Ruhi (Local) - small (1.50-2.00 kg),2026,Kilogram,270--320,295,Quintal,"22,000--27,000","24,500"
Barisal,Barisal,Barisal Sadar,Barisal Sadar Bazar,Ruhi (Imported) medium (2.50-4.50 kg),2026,Kilogram,370--420,395,Quintal,"32,000--37,000","34,500"
Barisal,Barisal,Barisal Sadar,Barisal Sadar Bazar,Katla-Medium (2.50-4.50 kg),2026,Kilogram,370--470,420,Quintal,"32,000--42,000","37,000"
Barisal,Barisal,Barisal Sadar,Barisal Sadar Bazar,Katla-Small (1.50-2.00 kg),2026,Kilogram,290--320,305,Quintal,"23,000--27,000","25,000"
Barisal,Barisal,Barisal Sadar,Barisal Sadar Bazar,Pangash (small),2026,Kilogram,200--230,215,Quintal,"17,000--20,000","18,500"
Barisal,Barisal,Barisal Sadar,Barisal Sadar Bazar,Telapia/Nilotica,2026,Kilogram,152.37--202.37,177.37,Quintal,"12,237.29--17,237.29","14,737.29"
Barisal,Bhola,Bhola Sadar,Bhola Sadar Bazar,Ruhi (Local) - small (1.50-2.00 kg),2025,Kilogram,249.29--397.86,323.57,Quintal,"23,071.43--37,071.43","30,071.43"
Barisal,Bhola,Bhola Sadar,Bhola Sadar Bazar,Shrimp-small,2025,Kilogram,608.57--845,726.79,Quintal,"56,285.71--78,785.71","67,535.71"
Barisal,Bhola,Bhola Sadar,Bhola Sadar Bazar,Telapia/Nilotica,2025,Kilogram,197.86--247.14,222.5,Quintal,"17,928.57--22,892.86","20,410.71"
Barisal,Bhola,Bhola Sadar,Bhola Sadar Bazar,Hilsha (500-900) gm,2025,Kilogram,"1,193.33--1,903.33","1,548.33",Quintal,"109,333.33--180,333.33","144,833.33"
Barisal,Bhola,Bhola Sadar,Bhola Sadar Bazar,Ruhi (Local) - small (1.50-2.00 kg),2026,Kilogram,263.42--400,331.71,Quintal,"24,342.11--37,000","30,671.05"
Barisal,Bhola,Bhola Sadar,Bhola Sadar Bazar,Shrimp-small,2026,Kilogram,538.16--988.82,763.49,Quintal,"25,101.97--88,881.58","56,991.78"
Barisal,Bhola,Bhola Sadar,Bhola Sadar Bazar,Telapia/Nilotica,2026,Kilogram,200--250,225,Quintal,"18,000--23,000","20,500"
Barisal,Barguna,Amtali,Amtali Bazar,Ruhi (Local) - medium (2.50-4.50 kg),2026,Kilogram,425.51--609.18,517.35,Quintal,"37,959.18--54,734.69","46,346.94"
Barisal,Barguna,Amtali,Amtali Bazar,Ruhi (Local) - small (1.50-2.00 kg),2026,Kilogram,334.72--406.67,370.69,Quintal,"29,305.56--37,194.44","33,250"
Barisal,Barguna,Amtali,Amtali Bazar,Pangash (big),2026,Kilogram,164.44--184.44,174.44,Quintal,"14,444.44--15,722.22","15,083.33"
Barisal,Barguna,Amtali,Amtali Bazar,Hilsha (500-900) gm,2026,Kilogram,"1,527.03--2,145.95","1,836.49",Quintal,"139,054.05--193,513.51","166,283.78"
Barisal,Barguna,Barguna Sadar,Barguna Sadar Bazar,Ruhi (Local) - small (1.50-2.00 kg),2025,Kilogram,267.01--320,293.51,Quintal,"23,746.27--28,910.45","26,328.36"
Barisal,Barguna,Barguna Sadar,Barguna Sadar Bazar,Ruhi (Imported) medium (2.50-4.50 kg),2025,Kilogram,344.78--442.69,393.73,Quintal,"30,432.84--36,810.45","33,621.64"
Barisal,Barguna,Barguna Sadar,Barguna Sadar Bazar,Katla-Medium (2.50-4.50 kg),2025,Kilogram,281.82--295.45,288.64,Quintal,"25,636.36--26,818.18","26,227.27"
Barisal,Barguna,Barguna Sadar,Barguna Sadar Bazar,Katla-Small (1.50-2.00 kg),2025,Kilogram,240--251.82,245.91,Quintal,"20,000--21,181.82","20,590.91"
Barisal,Barguna,Barguna Sadar,Barguna Sadar Bazar,Hilsha (500-900) gm,2025,Kilogram,"1,063.98--1,706.78","1,639.62",Quintal,"63,267.8--90,948.73","103,815.89"
Barisal,Barguna,Barguna Sadar,Barguna Sadar Bazar,Pangash (small),2025,Kilogram,177.03--203.07,190.05,Quintal,"15,821.78--17,249.5","16,535.64"
Barisal,Barguna,Barguna Sadar,Barguna Sadar Bazar,Pangash (big),2025,Kilogram,144.06--165.25,154.65,Quintal,"12,405.94--14,524.75","13,465.35"
Barisal,Barguna,Barguna Sadar,Barguna Sadar Bazar,Ruhi (Local) - small (1.50-2.00 kg),2026,Kilogram,317.81--385.99,351.9,Quintal,"27,992.7--35,423.36","31,708.03"
Barisal,Barguna,Barguna Sadar,Barguna Sadar Bazar,Ruhi (Imported) medium (2.50-4.50 kg),2026,Kilogram,402.22--556.94,479.58,Quintal,"35,861.11--50,509.26","43,185.19"
Barisal,Barguna,Barguna Sadar,Barguna Sadar Bazar,Pangash (small),2026,Kilogram,187.57--245.41,216.49,Quintal,"16,000--21,405.41","18,702.70"
Barisal,Barguna,Barguna Sadar,Barguna Sadar Bazar,Pangash (big),2026,Kilogram,159.93--181.46,170.69,Quintal,"13,992.7--15,649.64","14,821.17"
Barisal,Barguna,Barguna Sadar,Barguna Sadar Bazar,Hilsha (500-900) gm,2026,Kilogram,"1,458.62--2,120.69","1,789.66",Quintal,"39,655.17--54,137.93","46,896.55"
Sylhet,Sylhet,Beanibazar,Beanibazar Market,Ruhi (Local) - small (1.50-2.00 kg),2026,Kilogram,257.76--400,328.88,Quintal,"22,775.86--37,000","29,887.93"
Sylhet,Sylhet,Beanibazar,Beanibazar Market,Katla-Small (1.50-2.00 kg),2026,Kilogram,240.34--380,310.17,Quintal,"21,034.48--35,000","28,017.24"
Sylhet,Sylhet,Beanibazar,Beanibazar Market,Mregal-big,2026,Kilogram,340--450,395,Quintal,"31,000--41,000","36,000"
Sylhet,Sylhet,Beanibazar,Beanibazar Market,Mregal-small,2026,Kilogram,227.76--320,273.88,Quintal,"20,517.24--29,000","24,758.62"
Sylhet,Sylhet,Beanibazar,Beanibazar Market,Pangash (small),2026,Kilogram,200--237.93,218.97,Quintal,"18,000--21,793.1","19,896.55"
Sylhet,Sylhet,Beanibazar,Beanibazar Market,Pangash (big),2026,Kilogram,150--197.93,173.97,Quintal,"13,000--17,793.1","15,396.55"
Sylhet,Sylhet,Beanibazar,Beanibazar Market,Hilsha (500-900) gm,2026,Kilogram,"1,000--2,600","1,800",Quintal,"90,000--245,000","167,500"
Sylhet,Sylhet,Beanibazar,Beanibazar Market,Kai,2026,Kilogram,180--335,257.5,Quintal,"15,000--31,000","23,000"
Sylhet,Sylhet,Beanibazar,Beanibazar Market,Telapia/Nilotica,2026,Kilogram,152.07--202.41,177.24,Quintal,"13,137.93--17,172.41","15,155.17"
Sylhet,Sylhet,Sylhet Sadar,Sylhet Sadar Bazaar,Ruhi (Local) - small (1.50-2.00 kg),2025,Kilogram,265.11--394.38,329.74,Quintal,"23,510.95--36,437.96","29,974.45"
Sylhet,Sylhet,Sylhet Sadar,Sylhet Sadar Bazaar,Katla-Small (1.50-2.00 kg),2025,Kilogram,258.69--372.12,315.4,Quintal,"22,868.61--34,211.68","28,540.15"
Sylhet,Sylhet,Sylhet Sadar,Sylhet Sadar Bazaar,Mregal-big,2025,Kilogram,320.66--411.61,366.13,Quintal,"28,386.86--37,080.29","32,733.58"
Sylhet,Sylhet,Sylhet Sadar,Sylhet Sadar Bazaar,Mregal-small,2025,Kilogram,270--313.8,291.9,Quintal,"23,554.74--27,664.23","25,609.49"
Sylhet,Sylhet,Sylhet Sadar,Sylhet Sadar Bazaar,Pangash (small),2025,Kilogram,200--243.65,221.82,Quintal,"17,868.61--21,284.67","19,576.64"
Sylhet,Sylhet,Sylhet Sadar,Sylhet Sadar Bazaar,Pangash (big),2025,Kilogram,153.58--180,166.79,Quintal,"13,138.69--15,868.61","14,503.65"
Sylhet,Sylhet,Sylhet Sadar,Sylhet Sadar Bazaar,Hilsha (500-900) gm,2025,Kilogram,"923.5--2,395.73","1,659.62",Quintal,"82,350.43--229,572.65","155,961.54"
Sylhet,Sylhet,Sylhet Sadar,Sylhet Sadar Bazaar,Kai,2025,Kilogram,228.69--278.03,253.36,Quintal,"20,131.39--24,802.92","22,467.15"
Sylhet,Sylhet,Sylhet Sadar,Sylhet Sadar Bazaar,Telapia/Nilotica,2025,Kilogram,155.83--227.18,191.5,Quintal,"13,106.8--20,000","16,553.40"
Sylhet,Sylhet,Sylhet Sadar,Sylhet Sadar Bazaar,Ruhi (Local) - small (1.50-2.00 kg),2026,Kilogram,260.25--399.75,330,Quintal,"23,069.62--36,360.76","29,715.19"
Sylhet,Sylhet,Sylhet Sadar,Sylhet Sadar Bazaar,Katla-Small (1.50-2.00 kg),2026,Kilogram,263.73--386.58,325.16,Quintal,"23,417.72--35,658.23","29,537.97"
Sylhet,Sylhet,Sylhet Sadar,Sylhet Sadar Bazaar,Mregal-big,2026,Kilogram,360.89--466.96,413.92,Quintal,"33,088.61--43,132.91","38,110.76"
Sylhet,Sylhet,Sylhet Sadar,Sylhet Sadar Bazaar,Mregal-small,2026,Kilogram,260.63--345.76,303.2,Quintal,"23,512.66--31,575.95","27,544.30"
Sylhet,Sylhet,Sylhet Sadar,Sylhet Sadar Bazaar,Pangash (small),2026,Kilogram,219.24--248.35,233.8,Quintal,"19,044.3--21,208.86","20,126.58"
Sylhet,Sylhet,Sylhet Sadar,Sylhet Sadar Bazaar,Pangash (big),2026,Kilogram,159.24--207.47,183.35,Quintal,"13,550.63--17,746.84","15,648.73"
Sylhet,Sylhet,Sylhet Sadar,Sylhet Sadar Bazaar,Hilsha (500-900) gm,2026,Kilogram,"969.54--2,507.95","1,738.74",Quintal,"86,953.64--237,781.46","162,367.55"
Sylhet,Sylhet,Sylhet Sadar,Sylhet Sadar Bazaar,Kai,2026,Kilogram,188.73--326.77,257.75,Quintal,"15,873.42--29,803.8","22,838.61"
Sylhet,Sylhet,Sylhet Sadar,Sylhet Sadar Bazaar,Telapia/Nilotica,2026,Kilogram,161.96--224.05,193.01,Quintal,"13,753.16--19,272.15","16,512.66"
Sylhet,Moulvibazar,Moulvibazar Sadar,Moulvibazar Sadar Bazar,Ruhi (Local) - medium (2.50-4.50 kg),2025,Kilogram,363.65--426.5,395.07,Quintal,"33,664.23--39,226.28","36,445.26"
Sylhet,Moulvibazar,Moulvibazar Sadar,Moulvibazar Sadar Bazar,Ruhi (Local) - small (1.50-2.00 kg),2025,Kilogram,277.15--328.39,302.77,Quintal,"25,007.3--29,656.93","27,332.12"
Sylhet,Moulvibazar,Moulvibazar Sadar,Moulvibazar Sadar Bazar,Katla-Small (1.50-2.00 kg),2025,Kilogram,282.7--334.23,308.47,Quintal,"25,532.85--30,218.98","27,875.91"
Sylhet,Moulvibazar,Moulvibazar Sadar,Moulvibazar Sadar Bazar,Pangash (big),2025,Kilogram,159.82--184.53,172.17,Quintal,"13,981.75--16,390.51","15,186.13"
Sylhet,Moulvibazar,Moulvibazar Sadar,Moulvibazar Sadar Bazar,Hilsha (500-900) gm,2025,Kilogram,"860.34--1,962.07","1,411.21",Quintal,0--0,0
Sylhet,Moulvibazar,Moulvibazar Sadar,Moulvibazar Sadar Bazar,Silver Carp,2025,Kilogram,157.59--228.18,192.88,Quintal,"13,759.12--20,255.47","17,007.30"
Sylhet,Moulvibazar,Moulvibazar Sadar,Moulvibazar Sadar Bazar,Telapia/Nilotica,2025,Kilogram,172.85--204.45,188.65,Quintal,"15,288.32--17,989.05","16,638.69"
Sylhet,Moulvibazar,Moulvibazar Sadar,Moulvibazar Sadar Bazar,Ruhi (Local) - medium (2.50-4.50 kg),2026,Kilogram,376.04--414.72,395.38,Quintal,"33,924.53--37,754.72","35,839.62"
Sylhet,Moulvibazar,Moulvibazar Sadar,Moulvibazar Sadar Bazar,Ruhi (Local) - small (1.50-2.00 kg),2026,Kilogram,309.37--349.5,329.43,Quintal,"27,628.93--31,616.35","29,622.64"
Sylhet,Moulvibazar,Moulvibazar Sadar,Moulvibazar Sadar Bazar,Katla-Small (1.50-2.00 kg),2026,Kilogram,305.41--347.17,326.29,Quintal,"27,232.7--31,232.7","29,232.70"
Sylhet,Moulvibazar,Moulvibazar Sadar,Moulvibazar Sadar Bazar,Pangash (big),2026,Kilogram,165.72--191.38,178.55,Quintal,"14,308.18--16,396.23","15,352.20"
Sylhet,Moulvibazar,Moulvibazar Sadar,Moulvibazar Sadar Bazar,Hilsha (500-900) gm,2026,Kilogram,"985.53--1,852.83","1,419.18",Quintal,0--0,0
Sylhet,Moulvibazar,Moulvibazar Sadar,Moulvibazar Sadar Bazar,Silver Carp,2026,Kilogram,169.69--211.51,190.6,Quintal,"14,361.64--18,490.57","16,426.10"
Sylhet,Moulvibazar,Moulvibazar Sadar,Moulvibazar Sadar Bazar,Telapia/Nilotica,2026,Kilogram,171.07--211.38,191.23,Quintal,"14,968.55--18,075.47","16,522.01"
Sylhet,Moulvibazar,Sreemangal,Srimangal Bazar,Pangash (big),2026,Kilogram,160--200,180,Quintal,"14,000--16,500","15,250"
Sylhet,Habiganj,Baniachong,Banyachong Market,Katla-Small (1.50-2.00 kg),2026,Kilogram,300--400,350,Quintal,"27,000--37,000","32,000"
Sylhet,Habiganj,Baniachong,Banyachong Market,Telapia/Nilotica,2026,Kilogram,150--220,185,Quintal,"12,000--20,000","16,000"
Sylhet,Habiganj,Habiganj Sadar,Habiganj Sadar Bazar,Ruhi (Local) - small (1.50-2.00 kg),2025,Kilogram,250--350,300,Quintal,"22,000--32,000","27,000"
Sylhet,Habiganj,Habiganj Sadar,Habiganj Sadar Bazar,Katla-Small (1.50-2.00 kg),2025,Kilogram,300--400,350,Quintal,"27,000--37,000","32,000"
Sylhet,Habiganj,Habiganj Sadar,Habiganj Sadar Bazar,Pangash (small),2025,Kilogram,170--200,185,Quintal,"14,000--17,000","15,500"
Sylhet,Habiganj,Habiganj Sadar,Habiganj Sadar Bazar,Silver Carp,2025,Kilogram,183.7--250,216.85,Quintal,"16,044.44--23,000","19,522.22"
Sylhet,Habiganj,Habiganj Sadar,Habiganj Sadar Bazar,Grass carp,2025,Kilogram,220--313.48,266.74,Quintal,"19,000--27,348.15","23,174.07"
Sylhet,Habiganj,Habiganj Sadar,Habiganj Sadar Bazar,Telapia/Nilotica,2025,Kilogram,150--230,190,Quintal,"12,000--20,000","16,000"
Sylhet,Habiganj,Habiganj Sadar,Habiganj Sadar Bazar,Ruhi (Local) - small (1.50-2.00 kg),2026,Kilogram,253.35--347.78,300.57,Quintal,"22,493.67--32,000","27,246.84"
Sylhet,Habiganj,Habiganj Sadar,Habiganj Sadar Bazar,Katla-Small (1.50-2.00 kg),2026,Kilogram,298.1--397.47,347.78,Quintal,"27,000--37,000","32,000"
Sylhet,Habiganj,Habiganj Sadar,Habiganj Sadar Bazar,Pangash (small),2026,Kilogram,168.92--198.73,183.83,Quintal,"14,000--17,000","15,500"
Sylhet,Habiganj,Habiganj Sadar,Habiganj Sadar Bazar,Silver Carp,2026,Kilogram,198.73--248.42,223.58,Quintal,"18,000--23,000","20,500"
Sylhet,Habiganj,Habiganj Sadar,Habiganj Sadar Bazar,Grass carp,2026,Kilogram,218.61--317.97,268.29,Quintal,"19,000--28,000","23,500"
Sylhet,Habiganj,Habiganj Sadar,Habiganj Sadar Bazar,Telapia/Nilotica,2026,Kilogram,149.05--223.16,186.11,Quintal,"12,000--20,000","16,000"
Sylhet,Sunamganj,Sunamganj Sadar,Sunamganj Sadar Bazar,Ruhi (Local) - small (1.50-2.00 kg),2025,Kilogram,376.74--449.77,413.26,Quintal,"33,340.91--38,431.82","35,886.36"
Sylhet,Sunamganj,Sunamganj Sadar,Sunamganj Sadar Bazar,Ruhi (Imported) small (1.50-2.00 kg),2025,Kilogram,373.64--400.38,387.01,Quintal,"31,787.88--34,234.85","33,011.36"
Sylhet,Sunamganj,Sunamganj Sadar,Sunamganj Sadar Bazar,Katla-Small (1.50-2.00 kg),2025,Kilogram,321.74--367.8,344.77,Quintal,"28,136.36--31,787.88","29,962.12"
Sylhet,Sunamganj,Sunamganj Sadar,Sunamganj Sadar Bazar,Pangash (small),2025,Kilogram,184.17--214.24,199.2,Quintal,"15,696.97--17,954.55","16,825.76"
Sylhet,Sunamganj,Sunamganj Sadar,Sunamganj Sadar Bazar,Pangash (big),2025,Kilogram,117.8--138.3,128.05,Quintal,"9,780.3--11,207.58","10,493.94"
Sylhet,Sunamganj,Sunamganj Sadar,Sunamganj Sadar Bazar,Hilsha (500-900) gm,2025,Kilogram,18.18--54.55,"1,390.91",Quintal,"1,666.67--4,848.48","122,500"
Sylhet,Sunamganj,Sunamganj Sadar,Sunamganj Sadar Bazar,Shrimp-small,2025,Kilogram,496.21--605.68,550.95,Quintal,"39,621.21--50,568.18","45,094.70"
Sylhet,Sunamganj,Sunamganj Sadar,Sunamganj Sadar Bazar,Kai,2025,Kilogram,199.7--237.35,218.52,Quintal,"15,492.42--19,181.82","17,337.12"
Sylhet,Sunamganj,Sunamganj Sadar,Sunamganj Sadar Bazar,Telapia/Nilotica,2025,Kilogram,194.39--231.82,213.11,Quintal,"16,128.79--19,825.76","17,977.27"
Sylhet,Sunamganj,Sunamganj Sadar,Sunamganj Sadar Bazar,Ruhi (Local) - small (1.50-2.00 kg),2026,Kilogram,337.97--435.49,386.73,Quintal,"27,575.16--36,640.52","32,107.84"
Sylhet,Sunamganj,Sunamganj Sadar,Sunamganj Sadar Bazar,Ruhi (Imported) small (1.50-2.00 kg),2026,Kilogram,349.41--424.05,386.73,Quintal,"29,928.1--34,764.71","32,346.41"
Sylhet,Sunamganj,Sunamganj Sadar,Sunamganj Sadar Bazar,Katla-Small (1.50-2.00 kg),2026,Kilogram,309.28--394.05,351.67,Quintal,"26,202.61--33,692.81","29,947.71"
Sylhet,Sunamganj,Sunamganj Sadar,Sunamganj Sadar Bazar,Pangash (small),2026,Kilogram,183.01--200.39,191.7,Quintal,"16,323.53--17,803.92","17,063.73"
Sylhet,Sunamganj,Sunamganj Sadar,Sunamganj Sadar Bazar,Pangash (big),2026,Kilogram,155.82--165.82,160.82,Quintal,"13,679.74--14,575.16","14,127.45"
Sylhet,Sunamganj,Sunamganj Sadar,Sunamganj Sadar Bazar,Hilsha (500-900) gm,2026,Kilogram,0--0,"1,200",Quintal,0--0,"107,500"
Sylhet,Sunamganj,Sunamganj Sadar,Sunamganj Sadar Bazar,Shrimp-small,2026,Kilogram,518.63--639.87,579.25,Quintal,"41,588.24--52,509.8","47,049.02"
Sylhet,Sunamganj,Sunamganj Sadar,Sunamganj Sadar Bazar,Kai,2026,Kilogram,216.6--254.9,235.75,Quintal,"18,117.65--21,908.5","20,013.07"
Sylhet,Sunamganj,Sunamganj Sadar,Sunamganj Sadar Bazar,Telapia/Nilotica,2026,Kilogram,175.42--210.59,193.01,Quintal,"15,248.37--17,470.59","16,359.48"
Dhaka,Narsingdi,Narsingdi Sadar,Narsingdi Sadar Bazar,Ruhi (Local) - small (1.50-2.00 kg),2025,Kilogram,306.91--330.59,318.75,Quintal,"26,580.88--28,580.88","27,580.88"
Dhaka,Narsingdi,Narsingdi Sadar,Narsingdi Sadar Bazar,Pangash (small),2025,Kilogram,180--201.25,190.63,Quintal,"15,095.59--17,044.12","16,069.85"
Dhaka,Narsingdi,Narsingdi Sadar,Narsingdi Sadar Bazar,Pangash (big),2025,Kilogram,140--150.07,145.04,Quintal,"12,000--13,003.68","12,501.84"
Dhaka,Narsingdi,Narsingdi Sadar,Narsingdi Sadar Bazar,Ruhi (Local) - medium (2.50-4.50 kg),2025,Kilogram,330.33--376.92,353.63,Quintal,"29,541.67--33,175","31,358.33"
Dhaka,Narsingdi,Narsingdi Sadar,Narsingdi Sadar Bazar,Ruhi (Imported) medium (2.50-4.50 kg),2025,Kilogram,328.75--376,352.38,Quintal,"28,616.67--33,091.67","30,854.17"
Dhaka,Narsingdi,Narsingdi Sadar,Narsingdi Sadar Bazar,Katla-Small (1.50-2.00 kg),2025,Kilogram,238.75--269.17,253.96,Quintal,"21,033.33--23,016.67","22,025"
Dhaka,Narsingdi,Narsingdi Sadar,Narsingdi Sadar Bazar,Hilsha (500-900) gm,2025,Kilogram,"834.52--1,539.29","1,186.90",Quintal,"71,250--132,261.9","101,755.95"
Dhaka,Narsingdi,Narsingdi Sadar,Narsingdi Sadar Bazar,Ruhi (Local) - medium (2.50-4.50 kg),2026,Kilogram,357.28--393.92,375.6,Quintal,"31,867.09--35,253.16","33,560.13"
Dhaka,Narsingdi,Narsingdi Sadar,Narsingdi Sadar Bazar,Ruhi (Local) - small (1.50-2.00 kg),2026,Kilogram,314.3--333.48,323.89,Quintal,"27,905.06--29,822.78","28,863.92"
Dhaka,Narsingdi,Narsingdi Sadar,Narsingdi Sadar Bazar,Ruhi (Imported) medium (2.50-4.50 kg),2026,Kilogram,323.76--367.29,345.53,Quintal,"28,552.94--32,552.94","30,552.94"
Dhaka,Narsingdi,Narsingdi Sadar,Narsingdi Sadar Bazar,Katla-Small (1.50-2.00 kg),2026,Kilogram,288.29--321.2,304.75,Quintal,"26,253.16--28,613.92","27,433.54"
Dhaka,Narsingdi,Narsingdi Sadar,Narsingdi Sadar Bazar,Pangash (small),2026,Kilogram,188.67--204.81,196.74,Quintal,"16,221.52--17,427.85","16,824.68"
Dhaka,Narsingdi,Narsingdi Sadar,Narsingdi Sadar Bazar,Pangash (big),2026,Kilogram,149.81--159.81,154.81,Quintal,"12,981.01--13,981.01","13,481.01"
Dhaka,Narsingdi,Narsingdi Sadar,Narsingdi Sadar Bazar,Hilsha (500-900) gm,2026,Kilogram,"900--1,490.59","1,195.29",Quintal,"75,000--125,823.53","100,411.76"
Dhaka,Narsingdi,Shibpur,Shibpur Bazar,Ruhi (Imported) medium (2.50-4.50 kg),2026,Kilogram,304.59--365.68,335.14,Quintal,"27,378.38--31,567.57","29,472.97"
Dhaka,Narsingdi,Shibpur,Shibpur Bazar,Ruhi (Imported) small (1.50-2.00 kg),2026,Kilogram,271.62--320.27,295.95,Quintal,"23,270.27--27,216.22","25,243.24"
Dhaka,Narsingdi,Shibpur,Shibpur Bazar,Pangash (small),2026,Kilogram,190--200,195,Quintal,"16,000--17,000","16,500"
Dhaka,Narsingdi,Shibpur,Shibpur Bazar,Pangash (big),2026,Kilogram,151.89--170,160.95,Quintal,"13,189.19--14,189.19","13,689.19"
Dhaka,Narsingdi,Shibpur,Shibpur Bazar,Telapia/Nilotica,2026,Kilogram,160--200.81,180.41,Quintal,"13,189.19--17,081.08","15,135.14"
Dhaka,Gazipur,Gazipur Sadar,Joydevpur market,Ruhi (Local) - medium (2.50-4.50 kg),2025,Kilogram,400--420,410,Quintal,"37,000--38,000","37,500"
Dhaka,Gazipur,Gazipur Sadar,Joydevpur market,Ruhi (Local) - small (1.50-2.00 kg),2025,Kilogram,330--360,345,Quintal,"28,500--30,000","29,250"
Dhaka,Gazipur,Gazipur Sadar,Joydevpur market,Katla-Medium (2.50-4.50 kg),2025,Kilogram,350--380,365,Quintal,"31,000--33,000","32,000"
Dhaka,Gazipur,Gazipur Sadar,Joydevpur market,Katla-Small (1.50-2.00 kg),2025,Kilogram,300--320,310,Quintal,"27,000--28,000","27,500"
Dhaka,Gazipur,Gazipur Sadar,Joydevpur market,Mregal-big,2025,Kilogram,250--280,265,Quintal,"21,000--23,000","22,000"
Dhaka,Gazipur,Gazipur Sadar,Joydevpur market,Pangash (big),2025,Kilogram,155.22--194.78,175,Quintal,"12,391.3--16,347.83","14,369.57"
Dhaka,Gazipur,Gazipur Sadar,Joydevpur market,Shrimp Bagda,2025,Kilogram,847.83--947.83,897.83,Quintal,"67,391.3--77,391.3","72,391.30"
Dhaka,Gazipur,Gazipur Sadar,Joydevpur market,Kai,2025,Kilogram,200--250,225,Quintal,"17,000--19,000","18,000"
Dhaka,Gazipur,Gazipur Sadar,Joydevpur market,Singhi,2025,Kilogram,347.17--365.43,356.3,Quintal,"27,478.26--35,217.39","31,347.83"
Dhaka,Gazipur,Gazipur Sadar,Joydevpur market,Silver Carp,2025,Kilogram,169.78--199.57,184.67,Quintal,"13,978.26--16,956.52","15,467.39"
Dhaka,Gazipur,Gazipur Sadar,Joydevpur market,Grass carp,2025,Kilogram,289.57--309.57,299.57,Quintal,"24,478.26--25,478.26","24,978.26"
Dhaka,Gazipur,Gazipur Sadar,Joydevpur market,Telapia/Nilotica,2025,Kilogram,180--200,190,Quintal,"13,000--15,000","14,000"
Dhaka,Gazipur,Gazipur Sadar,Joydevpur market,Ruhi (Local) - medium (2.50-4.50 kg),2026,Kilogram,400--420,410,Quintal,"37,000--38,000","37,500"
Dhaka,Gazipur,Gazipur Sadar,Joydevpur market,Ruhi (Local) - small (1.50-2.00 kg),2026,Kilogram,330--360,345,Quintal,"28,500--30,000","29,250"
Dhaka,Gazipur,Gazipur Sadar,Joydevpur market,Katla-Medium (2.50-4.50 kg),2026,Kilogram,350--380,365,Quintal,"31,000--33,000","32,000"
Dhaka,Gazipur,Gazipur Sadar,Joydevpur market,Katla-Small (1.50-2.00 kg),2026,Kilogram,300--320,310,Quintal,"27,000--28,000","27,500"
Dhaka,Gazipur,Gazipur Sadar,Joydevpur market,Mregal-big,2026,Kilogram,250--280,265,Quintal,"21,000--23,000","22,000"
Dhaka,Gazipur,Gazipur Sadar,Joydevpur market,Pangash (big),2026,Kilogram,131.08--181.08,156.08,Quintal,"10,738.85--15,738.85","13,238.85"
Dhaka,Gazipur,Gazipur Sadar,Joydevpur market,Shrimp Bagda,2026,Kilogram,"900--1,000",950,Quintal,"70,000--80,000","75,000"
Dhaka,Gazipur,Gazipur Sadar,Joydevpur market,Kai,2026,Kilogram,200--250,225,Quintal,"17,000--19,000","18,000"
Dhaka,Gazipur,Gazipur Sadar,Joydevpur market,Singhi,2026,Kilogram,361.08--374.78,367.93,Quintal,"30,000--32,000","31,000"
Dhaka,Gazipur,Gazipur Sadar,Joydevpur market,Silver Carp,2026,Kilogram,170--200,185,Quintal,"14,000--17,000","15,500"
Dhaka,Gazipur,Gazipur Sadar,Joydevpur market,Grass carp,2026,Kilogram,300--320,310,Quintal,"25,000--26,000","25,500"
Dhaka,Gazipur,Gazipur Sadar,Joydevpur market,Telapia/Nilotica,2026,Kilogram,161.08--187.39,174.24,Quintal,"13,000--15,000","14,000"
Dhaka,Shariatpur,Shariatpur Sadar,Shariatpur Bazar,Ruhi (Local) - medium (2.50-4.50 kg),2025,Kilogram,450--500,475,Quintal,"40,000--45,000","42,500"
Dhaka,Shariatpur,Shariatpur Sadar,Shariatpur Bazar,Katla-Medium (2.50-4.50 kg),2025,Kilogram,370--550,460,Quintal,"32,000--50,000","41,000"
Dhaka,Shariatpur,Shariatpur Sadar,Shariatpur Bazar,Mregal-big,2025,Kilogram,180--220,200,Quintal,"16,000--20,000","18,000"
Dhaka,Shariatpur,Shariatpur Sadar,Shariatpur Bazar,Pangash (small),2025,Kilogram,180--200,190,Quintal,"14,000--16,000","15,000"
Dhaka,Shariatpur,Shariatpur Sadar,Shariatpur Bazar,Hilsha (500-900) gm,2025,Kilogram,"603.88--1,703.88","1,153.88",Quintal,"50,194.17--155,825.24","103,009.71"
Dhaka,Shariatpur,Shariatpur Sadar,Shariatpur Bazar,Silver Carp,2025,Kilogram,180--260,220,Quintal,"16,000--24,000","20,000"
Dhaka,Shariatpur,Shariatpur Sadar,Shariatpur Bazar,Telapia/Nilotica,2025,Kilogram,160--200,180,Quintal,"14,000--18,000","16,000"
Dhaka,Shariatpur,Shariatpur Sadar,Shariatpur Bazar,Kai,2025,Kilogram,180--220,200,Quintal,"16,000--20,000","18,000"
Dhaka,Shariatpur,Shariatpur Sadar,Shariatpur Bazar,Ruhi (Local) - medium (2.50-4.50 kg),2026,Kilogram,450--500,475,Quintal,"40,000--45,000","42,500"
Dhaka,Shariatpur,Shariatpur Sadar,Shariatpur Bazar,Katla-Medium (2.50-4.50 kg),2026,Kilogram,370--550,460,Quintal,"32,000--50,000","41,000"
Dhaka,Shariatpur,Shariatpur Sadar,Shariatpur Bazar,Mregal-big,2026,Kilogram,186.08--229.11,207.59,Quintal,"16,607.59--20,607.59","18,607.59"
Dhaka,Shariatpur,Shariatpur Sadar,Shariatpur Bazar,Pangash (small),2026,Kilogram,186.08--215.19,200.63,Quintal,"14,607.59--17,822.78","16,215.19"
Dhaka,Shariatpur,Shariatpur Sadar,Shariatpur Bazar,Hilsha (500-900) gm,2026,Kilogram,"623.08--1,700","1,161.54",Quintal,"53,461.54--160,000","106,730.77"
Dhaka,Shariatpur,Shariatpur Sadar,Shariatpur Bazar,Kai,2026,Kilogram,199.75--249.3,224.53,Quintal,"17,018.99--21,974.68","19,496.84"
Dhaka,Shariatpur,Shariatpur Sadar,Shariatpur Bazar,Silver Carp,2026,Kilogram,212.41--266.08,239.24,Quintal,"17,215.19--24,303.8","20,759.49"
Dhaka,Shariatpur,Shariatpur Sadar,Shariatpur Bazar,Telapia/Nilotica,2026,Kilogram,166.08--215.19,190.63,Quintal,"14,607.59--19,215.19","16,911.39"
Dhaka,Narayanganj,Narayanganj Sadar,Narayanganj Sadar Bazar,Ruhi (Local) big (above 5 kg),2025,Kilogram,455.88--505.88,480.88,Quintal,"40,588.24--50,000","45,294.12"
Dhaka,Narayanganj,Narayanganj Sadar,Narayanganj Sadar Bazar,Ruhi (Local) - medium (2.50-4.50 kg),2025,Kilogram,350--360,355,Quintal,"33,000--34,000","33,500"
Dhaka,Narayanganj,Narayanganj Sadar,Narayanganj Sadar Bazar,Katla-Medium (2.50-4.50 kg),2025,Kilogram,320--360,340,Quintal,"30,000--34,000","32,000"
Dhaka,Narayanganj,Narayanganj Sadar,Narayanganj Sadar Bazar,Pangash (big),2025,Kilogram,180--200,190,Quintal,"17,000--18,000","17,500"
Dhaka,Narayanganj,Narayanganj Sadar,Narayanganj Sadar Bazar,Telapia/Nilotica,2025,Kilogram,180--200,190,Quintal,"16,000--18,000","17,000"
Dhaka,Narayanganj,Narayanganj Sadar,Narayanganj Sadar Bazar,Ruhi (Local) big (above 5 kg),2026,Kilogram,450--500,475,Quintal,"40,000--50,000","45,000"
Dhaka,Narayanganj,Narayanganj Sadar,Narayanganj Sadar Bazar,Ruhi (Local) - medium (2.50-4.50 kg),2026,Kilogram,350--360,355,Quintal,"33,000--34,000","33,500"
Dhaka,Narayanganj,Narayanganj Sadar,Narayanganj Sadar Bazar,Katla-Medium (2.50-4.50 kg),2026,Kilogram,320--360,340,Quintal,"30,000--34,000","32,000"
Dhaka,Narayanganj,Narayanganj Sadar,Narayanganj Sadar Bazar,Pangash (big),2026,Kilogram,180--200,190,Quintal,"17,000--18,000","17,500"
Dhaka,Narayanganj,Narayanganj Sadar,Narayanganj Sadar Bazar,Telapia/Nilotica,2026,Kilogram,180--200,190,Quintal,"16,000--18,000","17,000"
Dhaka,Tangail,Madhupur,Madhupur Bazar,Ruhi (Local) - small (1.50-2.00 kg),2026,Kilogram,"300.16--1,570.65",935.4,Quintal,"28,209.68--36,774.19","32,491.94"
Dhaka,Tangail,Madhupur,Madhupur Bazar,Katla (Local),2026,Kilogram,284.84--315.4,300.12,Quintal,"26,661.29--29,733.87","28,197.58"
Dhaka,Tangail,Tangail Sadar,Tangail Bazar,Ruhi (Local) - small (1.50-2.00 kg),2025,Kilogram,280--320,300,Quintal,"22,000--25,000","23,500"
Dhaka,Tangail,Tangail Sadar,Tangail Bazar,Katla-Small (1.50-2.00 kg),2025,Kilogram,280--325,302.5,Quintal,"23,000--24,500","23,750"
Dhaka,Tangail,Tangail Sadar,Tangail Bazar,Mregal-small,2025,Kilogram,260--300,280,Quintal,"17,500--18,000","17,750"
Dhaka,Tangail,Tangail Sadar,Tangail Bazar,Pangash (big),2025,Kilogram,150--180,165,Quintal,"12,300--13,000","12,650"
Dhaka,Tangail,Tangail Sadar,Tangail Bazar,Silver Carp,2025,Kilogram,180--200,190,Quintal,"14,000--14,500","14,250"
Dhaka,Tangail,Tangail Sadar,Tangail Bazar,Ruhi (Local) - small (1.50-2.00 kg),2026,Kilogram,280--301.67,290.83,Quintal,"22,000--24,083.33","23,041.67"
Dhaka,Tangail,Tangail Sadar,Tangail Bazar,Katla-Small (1.50-2.00 kg),2026,Kilogram,276.15--334.94,305.54,Quintal,"22,500--24,250","23,375"
Dhaka,Tangail,Tangail Sadar,Tangail Bazar,Mregal-small,2026,Kilogram,257.5--295,276.25,Quintal,"17,575--18,250","17,912.50"
Dhaka,Tangail,Tangail Sadar,Tangail Bazar,Pangash (big),2026,Kilogram,170.58--207.44,189.01,Quintal,"12,780.13--13,685.9","13,233.01"
Dhaka,Tangail,Tangail Sadar,Tangail Bazar,Silver Carp,2026,Kilogram,172.44--200,186.22,Quintal,"14,000--14,500","14,250"
Dhaka,Tangail,Dhanbari,Dhanbari Bazar,Ruhi (Local) - medium (2.50-4.50 kg),2026,Kilogram,370--380,375,Quintal,"34,000--36,000","35,000"
Dhaka,Tangail,Dhanbari,Dhanbari Bazar,Katla-Medium (2.50-4.50 kg),2026,Kilogram,322.56--342.56,332.56,Quintal,"30,256.41--32,000","31,128.21"
Dhaka,Tangail,Dhanbari,Dhanbari Bazar,Pangash (big),2026,Kilogram,175--180,177.5,Quintal,"16,000--17,000","16,500"
Dhaka,Tangail,Dhanbari,Dhanbari Bazar,Telapia/Nilotica,2026,Kilogram,180--190,185,Quintal,"17,000--18,000","17,500"
Dhaka,Tangail,Dhanbari,Dhanbari Bazar,Mregal-small,2026,Kilogram,210--230,220,Quintal,"18,000--20,000","19,000"
Dhaka,Kishoreganj,Kishoreganj Sadar,Kishoreganj Bazar,Ruhi (Local) - small (1.50-2.00 kg),2025,Kilogram,336.29--346.29,341.29,Quintal,"30,629.31--31,629.31","31,129.31"
Dhaka,Kishoreganj,Kishoreganj Sadar,Kishoreganj Bazar,Katla-Small (1.50-2.00 kg),2025,Kilogram,310--330,320,Quintal,"29,000--30,000","29,500"
Dhaka,Kishoreganj,Kishoreganj Sadar,Kishoreganj Bazar,Mregal-small,2025,Kilogram,200--220,210,Quintal,"18,000--20,000","19,000"
Dhaka,Kishoreganj,Kishoreganj Sadar,Kishoreganj Bazar,Pangash (big),2025,Kilogram,177.16--187.33,182.24,Quintal,"15,715.52--16,732.76","16,224.14"
Dhaka,Kishoreganj,Kishoreganj Sadar,Kishoreganj Bazar,Ruhi (Local) - small (1.50-2.00 kg),2026,Kilogram,340--350,345,Quintal,"31,000--32,000","31,500"
Dhaka,Kishoreganj,Kishoreganj Sadar,Kishoreganj Bazar,Katla-Small (1.50-2.00 kg),2026,Kilogram,312.92--331.94,322.43,Quintal,"29,291.67--30,291.67","29,791.67"
Dhaka,Kishoreganj,Kishoreganj Sadar,Kishoreganj Bazar,Mregal-small,2026,Kilogram,200--221.94,210.97,Quintal,"18,194.44--20,194.44","19,194.44"
Dhaka,Kishoreganj,Kishoreganj Sadar,Kishoreganj Bazar,Pangash (big),2026,Kilogram,175.63--185.63,180.63,Quintal,"15,677.08--16,562.5","16,119.79"
Dhaka,Kishoreganj,Bajitpur,Bajitpur Bazar,Ruhi (Local) - small (1.50-2.00 kg),2026,Kilogram,340--350,345,Quintal,"31,000--32,000","31,500"
Dhaka,Kishoreganj,Bajitpur,Bajitpur Bazar,Katla-Small (1.50-2.00 kg),2026,Kilogram,315.06--333.37,324.22,Quintal,"29,506.02--30,506.02","30,006.02"
Dhaka,Kishoreganj,Bajitpur,Bajitpur Bazar,Pangash (big),2026,Kilogram,162.59--168.43,165.51,Quintal,"14,759.04--15,259.04","15,009.04"
Dhaka,Manikganj,Saturia,Saturia Bazar,Ruhi (Local) big (above 5 kg),2026,Kilogram,400--450,425,Quintal,"37,000--42,000","39,500"
Dhaka,Manikganj,Saturia,Saturia Bazar,Ruhi (Local) - small (1.50-2.00 kg),2026,Kilogram,292.27--338.4,315.33,Quintal,"26,840--31,453.33","29,146.67"
Dhaka,Manikganj,Saturia,Saturia Bazar,Katla-Small (1.50-2.00 kg),2026,Kilogram,292.27--338.4,315.33,Quintal,"26,840--31,453.33","29,146.67"
Dhaka,Manikganj,Saturia,Saturia Bazar,Katla (Local),2026,Kilogram,400--450,425,Quintal,"37,000--42,000","39,500"
Dhaka,Manikganj,Saturia,Saturia Bazar,Pangash (big),2026,Kilogram,170.53--184.13,177.33,Quintal,"15,053.33--16,413.33","15,733.33"
Dhaka,Manikganj,Saturia,Saturia Bazar,Singhi,2026,Kilogram,350--400,375,Quintal,"33,000--37,000","35,000"
Dhaka,Manikganj,Saturia,Saturia Bazar,Telapia/Nilotica,2026,Kilogram,170--200,185,Quintal,"15,253.33--18,253.33","16,753.33"
Dhaka,Manikganj,Manikganj Sadar,Manikganj Bazar,Ruhi (Local) big (above 5 kg),2025,Kilogram,400.07--445.62,422.85,Quintal,"36,620.44--40,897.81","38,759.12"
Dhaka,Manikganj,Manikganj Sadar,Manikganj Bazar,Ruhi (Local) - small (1.50-2.00 kg),2025,Kilogram,337.08--365.47,351.28,Quintal,"30,810.22--33,299.27","32,054.74"
Dhaka,Manikganj,Manikganj Sadar,Manikganj Bazar,Katla-Small (1.50-2.00 kg),2025,Kilogram,290.07--329.42,309.74,Quintal,"26,386.86--28,649.64","27,518.25"
Dhaka,Manikganj,Manikganj Sadar,Manikganj Bazar,Katla (Local),2025,Kilogram,315.69--341.24,328.47,Quintal,"28,014.6--31,204.38","29,609.49"
Dhaka,Manikganj,Manikganj Sadar,Manikganj Bazar,Pangash (big),2025,Kilogram,159.2--190.15,174.67,Quintal,"13,729.93--16,729.93","15,229.93"
Dhaka,Manikganj,Manikganj Sadar,Manikganj Bazar,Singhi,2025,Kilogram,341.61--391.24,366.42,Quintal,"29,394.16--34,364.96","31,879.56"
Dhaka,Manikganj,Manikganj Sadar,Manikganj Bazar,Silver Carp,2025,Kilogram,184.38--222.34,203.36,Quintal,"15,437.96--19,489.05","17,463.50"
Dhaka,Manikganj,Manikganj Sadar,Manikganj Bazar,Telapia/Nilotica,2025,Kilogram,179.93--217.15,198.54,Quintal,"15,992.7--19,186.13","17,589.42"
Dhaka,Manikganj,Manikganj Sadar,Manikganj Bazar,Hilsha (500-900) gm,2025,Kilogram,"1,000--1,700","1,350",Quintal,"90,000--150,000","120,000"
Dhaka,Manikganj,Manikganj Sadar,Manikganj Bazar,Ruhi (Local) big (above 5 kg),2026,Kilogram,406.71--452.66,429.68,Quintal,"37,639.24--40,468.35","39,053.80"
Dhaka,Manikganj,Manikganj Sadar,Manikganj Bazar,Ruhi (Local) - small (1.50-2.00 kg),2026,Kilogram,291.9--338.8,315.35,Quintal,"26,018.99--29,848.1","27,933.54"
Dhaka,Manikganj,Manikganj Sadar,Manikganj Bazar,Katla-Small (1.50-2.00 kg),2026,Kilogram,253.23--303.23,278.23,Quintal,"23,322.78--27,107.59","25,215.19"
Dhaka,Manikganj,Manikganj Sadar,Manikganj Bazar,Katla (Local),2026,Kilogram,340--370,355,Quintal,"30,000--34,000","32,000"
Dhaka,Manikganj,Manikganj Sadar,Manikganj Bazar,Pangash (big),2026,Kilogram,176.36--195.44,185.9,Quintal,"15,322.78--17,287.97","16,305.38"
Dhaka,Manikganj,Manikganj Sadar,Manikganj Bazar,Singhi,2026,Kilogram,340.19--390.19,365.19,Quintal,"29,018.99--34,018.99","31,518.99"
Dhaka,Manikganj,Manikganj Sadar,Manikganj Bazar,Silver Carp,2026,Kilogram,192.03--230,211.01,Quintal,"16,202.53--20,000","18,101.27"
Dhaka,Manikganj,Manikganj Sadar,Manikganj Bazar,Telapia/Nilotica,2026,Kilogram,183.99--222.34,203.16,Quintal,"16,398.73--19,335.44","17,867.09"
Dhaka,Manikganj,Singiar,Singair Bazar,Ruhi (Local) big (above 5 kg),2026,Kilogram,398.48--436.95,417.71,Quintal,"37,619.05--41,276.19","39,447.62"
Dhaka,Manikganj,Singiar,Singair Bazar,Ruhi (Local) - small (1.50-2.00 kg),2026,Kilogram,293.43--328.76,311.1,Quintal,"26,552.38--30,466.67","28,509.52"
Dhaka,Manikganj,Singiar,Singair Bazar,Katla-Small (1.50-2.00 kg),2026,Kilogram,293.43--330.48,311.95,Quintal,"26,552.38--30,114.29","28,333.33"
Dhaka,Manikganj,Singiar,Singair Bazar,Katla (Local),2026,Kilogram,398.57--426.19,412.38,Quintal,"37,485.71--40,476.19","38,980.95"
Dhaka,Manikganj,Singiar,Singair Bazar,Pangash (big),2026,Kilogram,172.71--191.62,182.17,Quintal,"15,361.9--17,261.9","16,311.90"
Dhaka,Manikganj,Singiar,Singair Bazar,Singhi,2026,Kilogram,349.33--399.52,374.43,Quintal,"32,638.1--36,752.38","34,695.24"
Dhaka,Manikganj,Singiar,Singair Bazar,Silver Carp,2026,Kilogram,180.38--202.29,191.33,Quintal,"16,011.43--18,190.48","17,100.95"
Dhaka,Manikganj,Singiar,Singair Bazar,Telapia/Nilotica,2026,Kilogram,178.29--214.48,196.38,Quintal,"16,326.67--19,512.38","17,919.52"
Dhaka,Dhaka,Savar,Savar Bazar,Ruhi (Local) - medium (2.50-4.50 kg),2026,Kilogram,400--450,425,Quintal,"35,000--4,000","19,500"
Dhaka,Dhaka,Savar,Savar Bazar,Ruhi (Local) - small (1.50-2.00 kg),2026,Kilogram,300--320,310,Quintal,"29,000--29,500","29,250"
Dhaka,Dhaka,Savar,Savar Bazar,Katla-Small (1.50-2.00 kg),2026,Kilogram,300--350,325,Quintal,"25,000--30,000","27,500"
Dhaka,Dhaka,Savar,Savar Bazar,Pangash (big),2026,Kilogram,140--160,150,Quintal,"12,000--13,000","12,500"
Dhaka,Dhaka,Savar,Savar Bazar,Shrimp Bagda,2026,Kilogram,600--900,750,Quintal,"60,000--65,000","62,500"
Dhaka,Dhaka,Savar,Savar Bazar,Kai,2026,Kilogram,172--184,178,Quintal,"15,000--15,560","15,280"
Dhaka,Dhaka,Savar,Savar Bazar,Singhi,2026,Kilogram,250--300,275,Quintal,"25,000--28,500","26,750"
Dhaka,Dhaka,Savar,Savar Bazar,Silver Carp,2026,Kilogram,180--200,190,Quintal,"18,000--19,500","18,750"
Dhaka,Dhaka,Savar,Savar Bazar,Telapia/Nilotica,2026,Kilogram,164--204,184,Quintal,"14,400--15,200","14,800"
Dhaka,Dhaka,Dhaka North City Corporation,Mohammadpur Krishi Market,Ruhi (Local) - medium (2.50-4.50 kg),2025,Kilogram,391.47--419.85,405.66,Quintal,"35,573.53--37,705.88","36,639.71"
Dhaka,Dhaka,Dhaka North City Corporation,Mohammadpur Krishi Market,Ruhi (Local) - small (1.50-2.00 kg),2025,Kilogram,340--360,350,Quintal,"29,000--31,000","30,000"
Dhaka,Dhaka,Dhaka North City Corporation,Mohammadpur Krishi Market,Katla-Small (1.50-2.00 kg),2025,Kilogram,314.85--334.85,324.85,Quintal,"27,415.44--29,485.29","28,450.37"
Dhaka,Dhaka,Dhaka North City Corporation,Mohammadpur Krishi Market,Pangash (big),2025,Kilogram,184.26--204.26,194.26,Quintal,"14,426.47--16,213.24","15,319.85"
Dhaka,Dhaka,Dhaka North City Corporation,Mohammadpur Krishi Market,Shrimp Bagda,2025,Kilogram,700--800,750,Quintal,"62,000--69,000","65,500"
Dhaka,Dhaka,Dhaka North City Corporation,Mohammadpur Krishi Market,Kai,2025,Kilogram,220--250,235,Quintal,"18,000--20,000","19,000"
Dhaka,Dhaka,Dhaka North City Corporation,Mohammadpur Krishi Market,Singhi,2025,Kilogram,330.74--450.74,390.74,Quintal,"27,404.41--38,338.24","32,871.32"
Dhaka,Dhaka,Dhaka North City Corporation,Mohammadpur Krishi Market,Silver Carp,2025,Kilogram,181.62--221.32,201.47,Quintal,"15,173.53--19,051.47","17,112.50"
Dhaka,Dhaka,Dhaka North City Corporation,Mohammadpur Krishi Market,Grass carp,2025,Kilogram,250--300,275,Quintal,"22,000--27,000","24,500"
Dhaka,Dhaka,Dhaka North City Corporation,Mohammadpur Krishi Market,Telapia/Nilotica,2025,Kilogram,191.62--223.53,207.57,Quintal,"16,169.12--18,352.94","17,261.03"
Dhaka,Dhaka,Dhaka North City Corporation,Mohammadpur Krishi Market,Chitol-(small),2025,Kilogram,500--600,550,Quintal,"40,000--48,000","44,000"
Dhaka,Dhaka,Dhaka North City Corporation,Mohammadpur Krishi Market,Hilsha (500-900) gm,2025,Kilogram,"1,122.73--1,884.09","1,503.41",Quintal,"89,590.91--153,409.09","121,500"
Dhaka,Dhaka,Dhaka North City Corporation,Mohammadpur Krishi Market,Ruhi (Local) - medium (2.50-4.50 kg),2026,Kilogram,402.58--450,426.29,Quintal,"36,258.06--40,000","38,129.03"
Dhaka,Dhaka,Dhaka North City Corporation,Mohammadpur Krishi Market,Ruhi (Local) - small (1.50-2.00 kg),2026,Kilogram,333.61--354.9,344.26,Quintal,"28,938.71--30,874.19","29,906.45"
Dhaka,Dhaka,Dhaka North City Corporation,Mohammadpur Krishi Market,Katla-Small (1.50-2.00 kg),2026,Kilogram,341.29--365.16,353.23,Quintal,"29,822.58--32,387.1","31,104.84"
Dhaka,Dhaka,Dhaka North City Corporation,Mohammadpur Krishi Market,Pangash (big),2026,Kilogram,185.87--200,192.94,Quintal,"14,587.1--16,000","15,293.55"
Dhaka,Dhaka,Dhaka North City Corporation,Mohammadpur Krishi Market,Shrimp Bagda,2026,Kilogram,725.16--825.16,775.16,Quintal,"63,574.19--71,367.74","67,470.97"
Dhaka,Dhaka,Dhaka North City Corporation,Mohammadpur Krishi Market,Kai,2026,Kilogram,220--250,235,Quintal,"17,929.03--20,000","18,964.52"
Dhaka,Dhaka,Dhaka North City Corporation,Mohammadpur Krishi Market,Singhi,2026,Kilogram,386.84--500,443.42,Quintal,"32,025.81--42,000","37,012.90"
Dhaka,Dhaka,Dhaka North City Corporation,Mohammadpur Krishi Market,Silver Carp,2026,Kilogram,170--207.42,188.71,Quintal,"14,400--18,167.74","16,283.87"
Dhaka,Dhaka,Dhaka North City Corporation,Mohammadpur Krishi Market,Grass carp,2026,Kilogram,250--300,275,Quintal,"22,000--27,000","24,500"
Dhaka,Dhaka,Dhaka North City Corporation,Mohammadpur Krishi Market,Telapia/Nilotica,2026,Kilogram,201.42--222.9,212.16,Quintal,"17,070.97--18,680.65","17,875.81"
Dhaka,Dhaka,Dhaka North City Corporation,kawran Bazar,Telapia/Nilotica,2026,Kilogram,183.65--233.8,208.72,Quintal,"9,682.48--12,343.07","14,998.18"
Dhaka,Dhaka,Dhaka North City Corporation,kawran Bazar,Ruhi (Local) - small (1.50-2.00 kg),2026,Kilogram,333.62--368.3,350.96,Quintal,"3,680.85--4,361.7","24,765.96"
Dhaka,Dhaka,Dhaka North City Corporation,kawran Bazar,Ruhi (Imported) medium (2.50-4.50 kg),2026,Kilogram,403.83--479.15,441.49,Quintal,"5,319.15--6,276.6","36,085.11"
Dhaka,Dhaka,Dhaka North City Corporation,kawran Bazar,Katla-Medium (2.50-4.50 kg),2026,Kilogram,388.3--450,419.15,Quintal,"5,234.04--6,106.38","33,882.98"
Dhaka,Dhaka,Dhaka North City Corporation,kawran Bazar,Katla-Small (1.50-2.00 kg),2026,Kilogram,324.89--359.15,342.02,Quintal,"3,340.43--4,191.49","22,851.06"
Dhaka,Dhaka,Dhaka North City Corporation,kawran Bazar,Pangash (small),2026,Kilogram,220--251.7,235.85,Quintal,"2,808.51--3,148.94","17,085.11"
Dhaka,Dhaka,Dhaka North City Corporation,kawran Bazar,Pangash (big),2026,Kilogram,174.89--199.57,187.23,Quintal,"2,000--2,276.6","12,925.53"
Dhaka,Dhaka,Dhaka North City Corporation,Mirpur 1 no. Bazar,Telapia/Nilotica,2026,Kilogram,184.47--240.12,212.29,Quintal,"13,970.59--16,527.06","15,248.82"
Dhaka,Dhaka,Dhaka North City Corporation,Mirpur 1 no. Bazar,Ruhi (Local) - medium (2.50-4.50 kg),2026,Kilogram,380--450,415,Quintal,0--0,0
Dhaka,Dhaka,Dhaka North City Corporation,Mirpur 1 no. Bazar,Ruhi (Imported) small (1.50-2.00 kg),2026,Kilogram,330--370,350,Quintal,0--0,0
Dhaka,Dhaka,Dhaka North City Corporation,Mirpur 1 no. Bazar,Katla-Medium (2.50-4.50 kg),2026,Kilogram,390--450,420,Quintal,0--0,0
Dhaka,Dhaka,Dhaka North City Corporation,Mirpur 1 no. Bazar,Katla-Small (1.50-2.00 kg),2026,Kilogram,320--350,335,Quintal,0--0,0
Dhaka,Dhaka,Dhaka North City Corporation,Mirpur 1 no. Bazar,Pangash (small),2026,Kilogram,220--250,235,Quintal,0--0,0
Dhaka,Dhaka,Dhaka North City Corporation,Mirpur 1 no. Bazar,Pangash (big),2026,Kilogram,170--200,185,Quintal,0--0,0
Dhaka,Munshiganj,Munshiganj Sadar,Munshiganj Sadar Bazar,Ruhi (Local) - small (1.50-2.00 kg),2025,Kilogram,391.93--414.89,403.41,Quintal,"34,644.44--36,555.56","35,600"
Dhaka,Munshiganj,Munshiganj Sadar,Munshiganj Sadar Bazar,Katla-Small (1.50-2.00 kg),2025,Kilogram,346--365.11,355.56,Quintal,"31,666.67--32,800","32,233.33"
Dhaka,Munshiganj,Munshiganj Sadar,Munshiganj Sadar Bazar,Pangash (small),2025,Kilogram,227.56--241.63,234.59,Quintal,"19,088.89--19,959.26","19,524.07"
Dhaka,Munshiganj,Munshiganj Sadar,Munshiganj Sadar Bazar,Pangash (big),2025,Kilogram,170.96--183.04,177,Quintal,"13,822.22--14,633.33","14,227.78"
Dhaka,Munshiganj,Munshiganj Sadar,Munshiganj Sadar Bazar,Hilsha (500-900) gm,2025,Kilogram,"970.56--2,068.22","1,519.39",Quintal,"80,831.78--186,383.18","133,607.48"
Dhaka,Munshiganj,Munshiganj Sadar,Munshiganj Sadar Bazar,Silver Carp,2025,Kilogram,202.07--219.63,210.85,Quintal,"15,859.26--17,192.59","16,525.93"
Dhaka,Munshiganj,Munshiganj Sadar,Munshiganj Sadar Bazar,Telapia/Nilotica,2025,Kilogram,182.59--212.89,197.74,Quintal,"14,688.89--16,985.19","15,837.04"
Dhaka,Munshiganj,Munshiganj Sadar,Munshiganj Sadar Bazar,Ruhi (Local) - small (1.50-2.00 kg),2026,Kilogram,399.48--448.7,424.09,Quintal,"35,948.05--37,948.05","36,948.05"
Dhaka,Munshiganj,Munshiganj Sadar,Munshiganj Sadar Bazar,Katla-Small (1.50-2.00 kg),2026,Kilogram,379.74--399.74,389.74,Quintal,"33,000--35,000","34,000"
Dhaka,Munshiganj,Munshiganj Sadar,Munshiganj Sadar Bazar,Pangash (small),2026,Kilogram,219.48--239.22,229.35,Quintal,"16,000--16,987.01","16,493.51"
Dhaka,Munshiganj,Munshiganj Sadar,Munshiganj Sadar Bazar,Pangash (big),2026,Kilogram,179.61--189.61,184.61,Quintal,"14,000--14,980.52","14,490.26"
Dhaka,Munshiganj,Munshiganj Sadar,Munshiganj Sadar Bazar,Hilsha (500-900) gm,2026,Kilogram,"897.4--2,000","1,448.70",Quintal,"74,870.13--180,000","127,435.06"
Dhaka,Munshiganj,Munshiganj Sadar,Munshiganj Sadar Bazar,Silver Carp,2026,Kilogram,230--250,240,Quintal,"20,000--21,500","20,750"
Dhaka,Munshiganj,Munshiganj Sadar,Munshiganj Sadar Bazar,Telapia/Nilotica,2026,Kilogram,180--220,200,Quintal,"14,000--18,000","16,000"
Dhaka,Rajbari,Rajbari Sadar,Rajbari Sadar Bazar,Ruhi (Local) - small (1.50-2.00 kg),2025,Kilogram,375.37--417.91,396.64,Quintal,"33,850.75--37,791.04","35,820.90"
Dhaka,Rajbari,Rajbari Sadar,Rajbari Sadar Bazar,Katla-Small (1.50-2.00 kg),2025,Kilogram,291.94--331.94,311.94,Quintal,"25,194.03--29,194.03","27,194.03"
Dhaka,Rajbari,Rajbari Sadar,Rajbari Sadar Bazar,Mregal-small,2025,Kilogram,180--200,190,Quintal,"16,000--18,000","17,000"
Dhaka,Rajbari,Rajbari Sadar,Rajbari Sadar Bazar,Pangash (big),2025,Kilogram,195.37--215.37,205.37,Quintal,"17,537.31--19,537.31","18,537.31"
Dhaka,Rajbari,Rajbari Sadar,Rajbari Sadar Bazar,Ruhi (Local) - small (1.50-2.00 kg),2026,Kilogram,369.94--397.22,383.58,Quintal,"32,993.67--35,721.52","34,357.59"
Dhaka,Rajbari,Rajbari Sadar,Rajbari Sadar Bazar,Katla-Small (1.50-2.00 kg),2026,Kilogram,337.72--365.95,351.84,Quintal,"29,772.15--32,594.94","31,183.54"
Dhaka,Rajbari,Rajbari Sadar,Rajbari Sadar Bazar,Mregal-small,2026,Kilogram,164.56--179.87,172.22,Quintal,"14,455.7--16,006.33","15,231.01"
Dhaka,Rajbari,Rajbari Sadar,Rajbari Sadar Bazar,Pangash (big),2026,Kilogram,192.28--203.86,198.07,Quintal,"17,227.85--18,386.08","17,806.96"
Dhaka,Madaripur,Madaripur Sadar,"Sadar Bazar, Madaripur",Ruhi (Local) - medium (2.50-4.50 kg),2025,Kilogram,400--448.24,424.12,Quintal,"36,000--40,000","38,000"
Dhaka,Madaripur,Madaripur Sadar,"Sadar Bazar, Madaripur",Ruhi (Local) - small (1.50-2.00 kg),2025,Kilogram,295.74--320,307.87,Quintal,"26,000--28,000","27,000"
Dhaka,Madaripur,Madaripur Sadar,"Sadar Bazar, Madaripur",Katla-Medium (2.50-4.50 kg),2025,Kilogram,380--420,400,Quintal,"34,000--38,000","36,000"
Dhaka,Madaripur,Madaripur Sadar,"Sadar Bazar, Madaripur",Katla-Small (1.50-2.00 kg),2025,Kilogram,250--270,260,Quintal,"22,000--24,000","23,000"
Dhaka,Madaripur,Madaripur Sadar,"Sadar Bazar, Madaripur",Pangash (big),2025,Kilogram,195--206.18,200.59,Quintal,"16,977.94--18,051.47","17,514.71"
Dhaka,Madaripur,Madaripur Sadar,"Sadar Bazar, Madaripur",Hilsha (500-900) gm,2025,Kilogram,"700.78--1,446.88","1,073.83",Quintal,"60,078.13--129,843.75","94,960.94"
Dhaka,Madaripur,Madaripur Sadar,"Sadar Bazar, Madaripur",Ruhi (Local) - medium (2.50-4.50 kg),2026,Kilogram,380--420,400,Quintal,"35,000--40,000","37,500"
Dhaka,Madaripur,Madaripur Sadar,"Sadar Bazar, Madaripur",Ruhi (Local) - small (1.50-2.00 kg),2026,Kilogram,280--310.19,295.1,Quintal,"25,509.55--27,668.79","26,589.17"
Dhaka,Madaripur,Madaripur Sadar,"Sadar Bazar, Madaripur",Katla-Medium (2.50-4.50 kg),2026,Kilogram,380--420,400,Quintal,"34,000--38,000","36,000"
Dhaka,Madaripur,Madaripur Sadar,"Sadar Bazar, Madaripur",Katla-Small (1.50-2.00 kg),2026,Kilogram,277.13--297.13,287.13,Quintal,"23,808.92--24,904.46","24,356.69"
Dhaka,Madaripur,Madaripur Sadar,"Sadar Bazar, Madaripur",Pangash (big),2026,Kilogram,201.53--215.67,208.6,Quintal,"17,726.11--18,726.11","18,226.11"
Dhaka,Madaripur,Madaripur Sadar,"Sadar Bazar, Madaripur",Hilsha (500-900) gm,2026,Kilogram,"700--1,464.97","1,082.48",Quintal,"60,000--126,496.82","93,248.41"
Dhaka,Gopalganj,Gopalganj Sadar,Gopaldanj Sadar Boro Bazar,Ruhi (Local) - small (1.50-2.00 kg),2025,Kilogram,393.65--440.15,416.9,Quintal,"35,343.07--39,992.7","37,667.88"
Dhaka,Gopalganj,Gopalganj Sadar,Gopaldanj Sadar Boro Bazar,Katla-Small (1.50-2.00 kg),2025,Kilogram,332.19--375.33,353.76,Quintal,"27,120.44--33,897.81","30,509.12"
Dhaka,Gopalganj,Gopalganj Sadar,Gopaldanj Sadar Boro Bazar,Mregal-big,2025,Kilogram,318.32--336.06,327.19,Quintal,"28,109.49--30,605.84","29,357.66"
Dhaka,Gopalganj,Gopalganj Sadar,Gopaldanj Sadar Boro Bazar,Mregal-small,2025,Kilogram,178.91--194.45,186.68,Quintal,"14,890.51--16,445.26","15,667.88"
Dhaka,Gopalganj,Gopalganj Sadar,Gopaldanj Sadar Boro Bazar,Pangash (big),2025,Kilogram,188.91--233.36,211.13,Quintal,"15,890.51--20,335.77","18,113.14"
Dhaka,Gopalganj,Gopalganj Sadar,Gopaldanj Sadar Boro Bazar,Silver Carp,2025,Kilogram,206.13--236.13,221.13,Quintal,"17,613.14--20,613.14","19,113.14"
Dhaka,Gopalganj,Gopalganj Sadar,Gopaldanj Sadar Boro Bazar,Grass carp,2025,Kilogram,270.51--312.34,291.42,Quintal,"23,416.06--27,598.54","25,507.30"
Dhaka,Gopalganj,Gopalganj Sadar,Gopaldanj Sadar Boro Bazar,Telapia/Nilotica,2025,Kilogram,191.68--233.5,212.59,Quintal,"16,167.88--20,350.36","18,259.12"
Dhaka,Gopalganj,Gopalganj Sadar,Gopaldanj Sadar Boro Bazar,Ruhi (Local) - small (1.50-2.00 kg),2026,Kilogram,376.82--419.11,397.96,Quintal,"33,057.32--36,910.83","34,984.08"
Dhaka,Gopalganj,Gopalganj Sadar,Gopaldanj Sadar Boro Bazar,Katla-Small (1.50-2.00 kg),2026,Kilogram,317.01--355.73,336.37,Quintal,"14,261.15--32,178.34","23,219.75"
Dhaka,Gopalganj,Gopalganj Sadar,Gopaldanj Sadar Boro Bazar,Mregal-big,2026,Kilogram,317.01--355.73,336.37,Quintal,"28,305.73--31,628.03","29,966.88"
Dhaka,Gopalganj,Gopalganj Sadar,Gopaldanj Sadar Boro Bazar,Mregal-small,2026,Kilogram,168.79--206.31,187.55,Quintal,"13,878.98--16,878.98","15,378.98"
Dhaka,Gopalganj,Gopalganj Sadar,Gopaldanj Sadar Boro Bazar,Pangash (big),2026,Kilogram,175.29--212.17,193.73,Quintal,"14,496.82--17,821.66","16,159.24"
Dhaka,Gopalganj,Gopalganj Sadar,Gopaldanj Sadar Boro Bazar,Silver Carp,2026,Kilogram,195.92--225.92,210.92,Quintal,"16,216.56--19,197.45","17,707.01"
Dhaka,Gopalganj,Gopalganj Sadar,Gopaldanj Sadar Boro Bazar,Grass carp,2026,Kilogram,237.58--267.58,252.58,Quintal,"20,006.37--23,006.37","21,506.37"
Dhaka,Gopalganj,Gopalganj Sadar,Gopaldanj Sadar Boro Bazar,Telapia/Nilotica,2026,Kilogram,181.27--218.79,200.03,Quintal,"14,751.59--18,127.39","16,439.49"
Dhaka,Gopalganj,Tungipara,Tungipara Bazar,Ruhi (Local) - small (1.50-2.00 kg),2026,Kilogram,400--450,425,Quintal,"35,000--38,000","36,500"
Dhaka,Gopalganj,Tungipara,Tungipara Bazar,Mregal-big,2026,Kilogram,350--400,375,Quintal,"32,000--35,000","33,500"
Dhaka,Gopalganj,Tungipara,Tungipara Bazar,Mregal-small,2026,Kilogram,200--250,225,Quintal,"17,000--20,000","18,500"
Dhaka,Gopalganj,Tungipara,Tungipara Bazar,Pangash (big),2026,Kilogram,200--250,225,Quintal,"17,000--21,000","19,000"
Dhaka,Gopalganj,Tungipara,Tungipara Bazar,Silver Carp,2026,Kilogram,250--270,260,Quintal,"21,000--23,000","22,000"
Dhaka,Gopalganj,Tungipara,Tungipara Bazar,Grass carp,2026,Kilogram,300--350,325,Quintal,"25,000--28,000","26,500"
Dhaka,Gopalganj,Tungipara,Tungipara Bazar,Telapia/Nilotica,2026,Kilogram,200--250,225,Quintal,"16,000--20,000","18,000"
Dhaka,Faridpur,Faridpur Sadar,Faridpur Sadar Bazar,Ruhi (Local) - medium (2.50-4.50 kg),2025,Kilogram,337.48--394.96,366.22,Quintal,"31,496.4--35,496.4","33,496.40"
Dhaka,Faridpur,Faridpur Sadar,Faridpur Sadar Bazar,Hilsha (500-900) gm,2025,Kilogram,"757.26--1,908.87","1,333.06",Quintal,"53,790.32--150,645.16","102,217.74"
Dhaka,Faridpur,Faridpur Sadar,Faridpur Sadar Bazar,Ruhi (Local) - medium (2.50-4.50 kg),2026,Kilogram,345.74--401.55,373.65,Quintal,"31,574.19--36,038.71","33,806.45"
Dhaka,Faridpur,Faridpur Sadar,Faridpur Sadar Bazar,Hilsha (500-900) gm,2026,Kilogram,"962.58--2,243.23","1,602.90",Quintal,"22,645.16--69,677.42","132,500"
Rangpur,Panchagarh,Panchagarh Sadar,Panchagarh Sadar Bazar,Ruhi (Local) - small (1.50-2.00 kg),2025,Kilogram,254.81--269.56,262.19,Quintal,0--0,0
Rangpur,Panchagarh,Panchagarh Sadar,Panchagarh Sadar Bazar,Pangash (small),2025,Kilogram,163.56--173.26,168.41,Quintal,0--0,0
Rangpur,Panchagarh,Panchagarh Sadar,Panchagarh Sadar Bazar,Katla-Small (1.50-2.00 kg),2025,Kilogram,263.74--277.22,270.48,Quintal,0--0,0
Rangpur,Panchagarh,Panchagarh Sadar,Panchagarh Sadar Bazar,Ruhi (Local) - small (1.50-2.00 kg),2026,Kilogram,232.18--247.88,240.03,Quintal,0--0,0
Rangpur,Panchagarh,Panchagarh Sadar,Panchagarh Sadar Bazar,Katla-Small (1.50-2.00 kg),2026,Kilogram,259.29--274.87,267.08,Quintal,0--0,0
Rangpur,Panchagarh,Panchagarh Sadar,Panchagarh Sadar Bazar,Pangash (small),2026,Kilogram,169.52--180,174.76,Quintal,0--0,0
Rangpur,Dinajpur,Parbatipur,Parbatipur Bazar,Ruhi (Imported) small (1.50-2.00 kg),2026,Kilogram,312.89--360.12,336.51,Quintal,"28,506.02--32,759.04","30,632.53"
Rangpur,Dinajpur,Parbatipur,Parbatipur Bazar,Katla-Small (1.50-2.00 kg),2026,Kilogram,314.1--350.72,332.41,Quintal,"28,506.02--32,012.05","30,259.04"
Rangpur,Dinajpur,Parbatipur,Parbatipur Bazar,Pangash (big),2026,Kilogram,153.01--186.02,169.52,Quintal,"12,301.2--15,602.41","13,951.81"
Rangpur,Dinajpur,Parbatipur,Parbatipur Bazar,Silver Carp,2026,Kilogram,150--197.59,173.8,Quintal,"12,000--16,759.04","14,379.52"
Rangpur,Dinajpur,Dinajpur Sadar,"Bahadur Bazar, Dinajpur",Ruhi (Local) - small (1.50-2.00 kg),2025,Kilogram,358.37--383.81,371.09,Quintal,"32,962.96--35,651.85","34,307.41"
Rangpur,Dinajpur,Dinajpur Sadar,"Bahadur Bazar, Dinajpur",Katla-Small (1.50-2.00 kg),2025,Kilogram,352.44--381.04,366.74,Quintal,"32,577.78--35,533.33","34,055.56"
Rangpur,Dinajpur,Dinajpur Sadar,"Bahadur Bazar, Dinajpur",Mregal-small,2025,Kilogram,214.07--246.89,230.48,Quintal,"18,859.26--22,570.37","20,714.81"
Rangpur,Dinajpur,Dinajpur Sadar,"Bahadur Bazar, Dinajpur",Pangash (big),2025,Kilogram,139.41--171.19,155.3,Quintal,"11,762.96--14,940.74","13,351.85"
Rangpur,Dinajpur,Dinajpur Sadar,"Bahadur Bazar, Dinajpur",Silver Carp,2025,Kilogram,170.59--203.63,187.11,Quintal,"14,192.59--17,925.93","16,059.26"
Rangpur,Dinajpur,Dinajpur Sadar,"Bahadur Bazar, Dinajpur",Telapia/Nilotica,2025,Kilogram,148.59--182.3,165.44,Quintal,"12,037.04--15,259.26","13,648.15"
Rangpur,Dinajpur,Dinajpur Sadar,"Bahadur Bazar, Dinajpur",Ruhi (Local) - small (1.50-2.00 kg),2026,Kilogram,337.12--377.5,357.31,Quintal,"30,551.28--34,846.15","32,698.72"
Rangpur,Dinajpur,Dinajpur Sadar,"Bahadur Bazar, Dinajpur",Katla-Small (1.50-2.00 kg),2026,Kilogram,331.54--371.67,351.6,Quintal,"30,602.56--34,384.62","32,493.59"
Rangpur,Dinajpur,Dinajpur Sadar,"Bahadur Bazar, Dinajpur",Mregal-small,2026,Kilogram,181.15--214.81,197.98,Quintal,"14,980.77--18,346.15","16,663.46"
Rangpur,Dinajpur,Dinajpur Sadar,"Bahadur Bazar, Dinajpur",Pangash (big),2026,Kilogram,147.37--181.28,164.33,Quintal,"4,952.56--14,993.59","9,973.08"
Rangpur,Dinajpur,Dinajpur Sadar,"Bahadur Bazar, Dinajpur",Silver Carp,2026,Kilogram,167.12--193.53,180.32,Quintal,"14,141.03--16,769.23","15,455.13"
Rangpur,Dinajpur,Dinajpur Sadar,"Bahadur Bazar, Dinajpur",Telapia/Nilotica,2026,Kilogram,145.26--168.65,156.96,Quintal,"11,993.59--14,185.9","13,089.74"
Rangpur,Lalmonirhat,Lalmonirhat Sadar,"Goshala Bazar, Lalmonirhat",Ruhi (Local) - small (1.50-2.00 kg),2025,Kilogram,300--340,320,Quintal,"27,000--29,000","28,000"
Rangpur,Lalmonirhat,Lalmonirhat Sadar,"Goshala Bazar, Lalmonirhat",Pangash (big),2025,Kilogram,180--200,190,Quintal,"14,000--18,000","16,000"
Rangpur,Lalmonirhat,Lalmonirhat Sadar,Lalmonirhat Sadar Bazar,Ruhi (Imported) small (1.50-2.00 kg),2025,Kilogram,300--330.98,315.49,Quintal,"27,609.76--28,792.68","28,201.22"
Rangpur,Lalmonirhat,Lalmonirhat Sadar,Lalmonirhat Sadar Bazar,Pangash (big),2025,Kilogram,171.95--181.95,176.95,Quintal,"14,872.66--15,523.44","15,198.05"
Rangpur,Lalmonirhat,Lalmonirhat Sadar,Lalmonirhat Sadar Bazar,Pangash (big),2026,Kilogram,175.32--195.71,185.51,Quintal,"15,730.77--17,637.82","16,684.29"
Rangpur,Lalmonirhat,Kaliganj,Kaliganj Bazar,Pangash (big),2026,Kilogram,188--208,198,Quintal,"11,045--18,400","14,722.50"
Rangpur,Nilphamari,Syedpur,Saidpur Bazar,Ruhi (Local) - small (1.50-2.00 kg),2026,Kilogram,294.29--317.14,305.71,Quintal,"27,500--29,357.14","28,428.57"
Rangpur,Nilphamari,Syedpur,Saidpur Bazar,Katla-Small (1.50-2.00 kg),2026,Kilogram,277.14--297.14,287.14,Quintal,"25,714.29--27,714.29","26,714.29"
Rangpur,Nilphamari,Syedpur,Saidpur Bazar,Pangash (big),2026,Kilogram,150--160,155,Quintal,"13,000--14,000","13,500"
Rangpur,Nilphamari,Syedpur,Saidpur Bazar,Ruhi (Local) - medium (2.50-4.50 kg),2026,Kilogram,371--392.5,381.75,Quintal,"34,250--36,250","35,250"
Rangpur,Nilphamari,Syedpur,Saidpur Bazar,Katla-Medium (2.50-4.50 kg),2026,Kilogram,320--350,335,Quintal,"30,000--33,000","31,500"
Rangpur,Nilphamari,Syedpur,Saidpur Bazar,Mregal-big,2026,Kilogram,260--280,270,Quintal,"24,000--26,000","25,000"
Rangpur,Nilphamari,Syedpur,Saidpur Bazar,Mregal-small,2026,Kilogram,250--260,255,Quintal,"23,000--230,000","126,500"
Rangpur,Nilphamari,Syedpur,Saidpur Bazar,Pangash (small),2026,Kilogram,220--250,235,Quintal,"20,000--23,000","21,500"
Rangpur,Nilphamari,Syedpur,Saidpur Bazar,Hilsha (500-900) gm,2026,Kilogram,"1,200--2,000","1,600",Quintal,"110,000--190,000","150,000"
Rangpur,Nilphamari,Domar,Domar Bazar,Katla-Small (1.50-2.00 kg),2026,Kilogram,280--300,290,Quintal,"26,000--28,000","27,000"
Rangpur,Nilphamari,Domar,Domar Bazar,Pangash (big),2026,Kilogram,150--160,155,Quintal,"13,000--14,000","13,500"
Rangpur,Nilphamari,Nilphamari Sadar,Nilphamari Sadar Bazar,Ruhi (Local) - small (1.50-2.00 kg),2025,Kilogram,285.45--320,302.73,Quintal,"26,545.45--29,500","28,022.73"
Rangpur,Nilphamari,Nilphamari Sadar,Nilphamari Sadar Bazar,Katla-Small (1.50-2.00 kg),2025,Kilogram,265.45--300,282.73,Quintal,"24,545.45--28,000","26,272.73"
Rangpur,Nilphamari,Nilphamari Sadar,Nilphamari Sadar Bazar,Pangash (big),2025,Kilogram,150--160,155,Quintal,"13,000--14,000","13,500"
Rangpur,Nilphamari,Nilphamari Sadar,Nilphamari Sadar Bazar,Ruhi (Local) - small (1.50-2.00 kg),2026,Kilogram,298.06--319.48,308.77,Quintal,"27,948.39--29,629.03","28,788.71"
Rangpur,Nilphamari,Nilphamari Sadar,Nilphamari Sadar Bazar,Katla-Small (1.50-2.00 kg),2026,Kilogram,278.19--299.1,288.65,Quintal,"26,000--28,051.61","27,025.81"
Rangpur,Nilphamari,Nilphamari Sadar,Nilphamari Sadar Bazar,Pangash (big),2026,Kilogram,149.03--158.97,154,Quintal,"13,000--14,000","13,500"
Rangpur,Gaibandha,Gaibandha Sadar,Gaibandha Sadar Bazar,Ruhi (Local) - small (1.50-2.00 kg),2025,Kilogram,303.75--347.06,325.4,Quintal,"28,073.53--31,220.59","29,647.06"
Rangpur,Gaibandha,Gaibandha Sadar,Gaibandha Sadar Bazar,Katla-Small (1.50-2.00 kg),2025,Kilogram,291.53--335.81,313.67,Quintal,"27,191.18--29,382.35","28,286.76"
Rangpur,Gaibandha,Gaibandha Sadar,Gaibandha Sadar Bazar,Pangash (big),2025,Kilogram,139.49--149.49,144.49,Quintal,"11,948.53--12,948.53","12,448.53"
Rangpur,Gaibandha,Gaibandha Sadar,Gaibandha Sadar Bazar,Hilsha (500-900) gm,2025,Kilogram,"865.83--2,145.83","1,505.83",Quintal,"73,083.33--196,500","134,791.67"
Rangpur,Gaibandha,Gaibandha Sadar,Gaibandha Sadar Bazar,Telapia/Nilotica,2025,Kilogram,186.32--280,233.16,Quintal,"16,632.35--25,000","20,816.18"
Rangpur,Gaibandha,Gaibandha Sadar,Gaibandha Sadar Bazar,Ruhi (Local) - small (1.50-2.00 kg),2026,Kilogram,320.78--377.25,349.02,Quintal,"30,058.82--33,836.6","31,947.71"
Rangpur,Gaibandha,Gaibandha Sadar,Gaibandha Sadar Bazar,Katla-Small (1.50-2.00 kg),2026,Kilogram,293.2--333.01,313.1,Quintal,"26,980.39--28,640.52","27,810.46"
Rangpur,Gaibandha,Gaibandha Sadar,Gaibandha Sadar Bazar,Pangash (big),2026,Kilogram,140--150,145,Quintal,"12,000--13,000","12,500"
Rangpur,Gaibandha,Gaibandha Sadar,Gaibandha Sadar Bazar,Hilsha (500-900) gm,2026,Kilogram,"1,085.62--2,033.33","1,559.48",Quintal,"400,803.92--184,052.29","292,428.10"
Rangpur,Gaibandha,Gaibandha Sadar,Gaibandha Sadar Bazar,Telapia/Nilotica,2026,Kilogram,140--280,210,Quintal,"12,000--25,000","18,500"
Rangpur,Gaibandha,Gobindaganj,Gobindaganj Bazar,Ruhi (Local) - small (1.50-2.00 kg),2026,Kilogram,304.79--337.65,321.22,Quintal,"29,478.99--33,815.13","31,647.06"
Rangpur,Gaibandha,Gobindaganj,Gobindaganj Bazar,Katla-Small (1.50-2.00 kg),2026,Kilogram,425.21--330.92,378.07,Quintal,"27,537.82--29,075.63","28,306.72"
Rangpur,Gaibandha,Gobindaganj,Gobindaganj Bazar,Pangash (big),2026,Kilogram,156.22--167.65,161.93,Quintal,"14,373.95--15,420.17","14,897.06"
Rangpur,Gaibandha,Gobindaganj,Gobindaganj Bazar,Hilsha (500-900) gm,2026,Kilogram,"927.27--1,345.45","1,136.36",Quintal,"827,272.73--130,909.09","479,090.91"
Rangpur,Gaibandha,Gobindaganj,Gobindaganj Bazar,Silver Carp,2026,Kilogram,164.88--175,169.94,Quintal,"14,000--15,000","14,500"
Rangpur,Gaibandha,Gobindaganj,Gobindaganj Bazar,Telapia/Nilotica,2026,Kilogram,152.57--189.62,171.1,Quintal,"13,657.14--16,828.57","15,242.86"
Rangpur,Thakurgaon,Thakurgaon Sadar,"Sadar Bazar, Thakurgaon",Ruhi (Local) - small (1.50-2.00 kg),2025,Kilogram,293.94--348.64,321.29,Quintal,"27,393.94--32,371.21","29,882.58"
Rangpur,Thakurgaon,Thakurgaon Sadar,"Sadar Bazar, Thakurgaon",Katla-Small (1.50-2.00 kg),2025,Kilogram,303.48--356.67,330.08,Quintal,"28,348.48--33,621.21","30,984.85"
Rangpur,Thakurgaon,Thakurgaon Sadar,"Sadar Bazar, Thakurgaon",Mregal-small,2025,Kilogram,205--241.97,223.48,Quintal,"18,500--22,196.97","20,348.48"
Rangpur,Thakurgaon,Thakurgaon Sadar,"Sadar Bazar, Thakurgaon",Pangash (big),2025,Kilogram,177.05--199.85,188.45,Quintal,"29,886.36--17,984.85","23,935.61"
Rangpur,Thakurgaon,Thakurgaon Sadar,"Sadar Bazar, Thakurgaon",Silver Carp,2025,Kilogram,195.3--253.03,224.17,Quintal,"17,583.33--23,143.94","20,363.64"
Rangpur,Thakurgaon,Thakurgaon Sadar,"Sadar Bazar, Thakurgaon",Grass carp,2025,Kilogram,220.38--292.5,256.44,Quintal,"20,000--26,734.85","23,367.42"
Rangpur,Thakurgaon,Thakurgaon Sadar,"Sadar Bazar, Thakurgaon",Telapia/Nilotica,2025,Kilogram,185.91--225.08,205.49,Quintal,"16,734.85--20,393.94","18,564.39"
Rangpur,Thakurgaon,Thakurgaon Sadar,"Sadar Bazar, Thakurgaon",Ruhi (Local) - small (1.50-2.00 kg),2026,Kilogram,303.21--349.62,326.41,Quintal,"28,320.51--32,782.05","30,551.28"
Rangpur,Thakurgaon,Thakurgaon Sadar,"Sadar Bazar, Thakurgaon",Katla-Small (1.50-2.00 kg),2026,Kilogram,301.67--355.38,328.53,Quintal,"28,166.67--33,256.41","30,711.54"
Rangpur,Thakurgaon,Thakurgaon Sadar,"Sadar Bazar, Thakurgaon",Mregal-small,2026,Kilogram,234.17--272.56,253.37,Quintal,"21,416.67--25,256.41","23,336.54"
Rangpur,Thakurgaon,Thakurgaon Sadar,"Sadar Bazar, Thakurgaon",Pangash (big),2026,Kilogram,160.51--200,180.26,Quintal,"14,051.28--18,000","16,025.64"
Rangpur,Thakurgaon,Thakurgaon Sadar,"Sadar Bazar, Thakurgaon",Silver Carp,2026,Kilogram,212.56--271.67,242.12,Quintal,"19,256.41--25,166.67","22,211.54"
Rangpur,Thakurgaon,Thakurgaon Sadar,"Sadar Bazar, Thakurgaon",Grass carp,2026,Kilogram,265.51--298.21,281.86,Quintal,"24,461.54--27,820.51","26,141.03"
Rangpur,Thakurgaon,Thakurgaon Sadar,"Sadar Bazar, Thakurgaon",Telapia/Nilotica,2026,Kilogram,180.32--224.62,202.47,Quintal,"16,051.28--20,461.54","18,256.41"
Rangpur,Rangpur,Mithapukur,Mithapukur Bazar,Ruhi (Local) - small (1.50-2.00 kg),2026,Kilogram,282.86--350,316.43,Quintal,"25,271.43--29,642.86","27,457.14"
Rangpur,Rangpur,Mithapukur,Mithapukur Bazar,Pangash (big),2026,Kilogram,179.05--221.33,200.19,Quintal,"15,680.95--19,523.81","17,602.38"
Rangpur,Rangpur,Mithapukur,Mithapukur Bazar,Telapia/Nilotica,2026,Kilogram,180--240,210,Quintal,"15,000--20,500","17,750"
Rangpur,Rangpur,Rangpur City Corporation,"City Bazar, Rangpur",Ruhi (Local) - small (1.50-2.00 kg),2025,Kilogram,322.34--357.45,339.89,Quintal,"29,744.53--32,744.53","31,244.53"
Rangpur,Rangpur,Rangpur City Corporation,"City Bazar, Rangpur",Pangash (big),2025,Kilogram,160--190,175,Quintal,"14,000--17,000","15,500"
Rangpur,Rangpur,Rangpur City Corporation,"City Bazar, Rangpur",Telapia/Nilotica,2025,Kilogram,175.11--210.22,192.66,Quintal,"15,510.95--19,021.9","17,266.42"
Rangpur,Rangpur,Rangpur City Corporation,"City Bazar, Rangpur",Ruhi (Local) - small (1.50-2.00 kg),2026,Kilogram,320--360,340,Quintal,"30,000--33,000","31,500"
Rangpur,Rangpur,Rangpur City Corporation,"City Bazar, Rangpur",Pangash (big),2026,Kilogram,160--190,175,Quintal,"14,000--17,000","15,500"
Rangpur,Rangpur,Rangpur City Corporation,"City Bazar, Rangpur",Telapia/Nilotica,2026,Kilogram,180--220,200,Quintal,"16,000--20,000","18,000"
Rangpur,Kurigram,Kurigram Sadar,Sadar (Zia Bazar) Kurigram,Ruhi (Local) - small (1.50-2.00 kg),2025,Kilogram,295.74--316.32,306.03,Quintal,"27,488.97--28,867.65","28,178.31"
Rangpur,Kurigram,Kurigram Sadar,Sadar (Zia Bazar) Kurigram,Katla-Small (1.50-2.00 kg),2025,Kilogram,266.76--284.12,275.44,Quintal,"25,018.38--26,106.62","25,562.50"
Rangpur,Kurigram,Kurigram Sadar,Sadar (Zia Bazar) Kurigram,Pangash (big),2025,Kilogram,156.32--167.43,161.88,Quintal,"13,894.85--14,716.18","14,305.51"
Rangpur,Kurigram,Kurigram Sadar,Sadar (Zia Bazar) Kurigram,Silver Carp,2025,Kilogram,158.71--169.01,163.86,Quintal,"14,220.59--14,946.32","14,583.46"
Rangpur,Kurigram,Kurigram Sadar,Sadar (Zia Bazar) Kurigram,Telapia/Nilotica,2025,Kilogram,189.71--206.99,198.35,Quintal,"16,963.24--18,352.94","17,658.09"
Rangpur,Kurigram,Kurigram Sadar,Sadar (Zia Bazar) Kurigram,Ruhi (Local) - small (1.50-2.00 kg),2026,Kilogram,304.12--321.7,312.91,Quintal,"28,465.41--29,783.02","29,124.21"
Rangpur,Kurigram,Kurigram Sadar,Sadar (Zia Bazar) Kurigram,Katla-Small (1.50-2.00 kg),2026,Kilogram,283.77--298.3,291.04,Quintal,"26,544.03--27,738.99","27,141.51"
Rangpur,Kurigram,Kurigram Sadar,Sadar (Zia Bazar) Kurigram,Pangash (big),2026,Kilogram,167.7--177.86,172.78,Quintal,"15,232.7--16,245.28","15,738.99"
Rangpur,Kurigram,Kurigram Sadar,Sadar (Zia Bazar) Kurigram,Silver Carp,2026,Kilogram,161.38--171.82,166.6,Quintal,"14,858.49--15,660.38","15,259.43"
Rangpur,Kurigram,Kurigram Sadar,Sadar (Zia Bazar) Kurigram,Telapia/Nilotica,2026,Kilogram,196.67--207.67,202.17,Quintal,"18,022.01--19,018.87","18,520.44"
Rangpur,Kurigram,Nageshwari,Nageshwari Bazar,Ruhi (Local) - small (1.50-2.00 kg),2026,Kilogram,310.3--330.3,320.3,Quintal,"29,030.3--30,808.08","29,919.19"
Rangpur,Kurigram,Nageshwari,Nageshwari Bazar,Katla (Local),2026,Kilogram,300--320,310,Quintal,"28,000--30,000","29,000"
Rangpur,Kurigram,Nageshwari,Nageshwari Bazar,Pangash (big),2026,Kilogram,169.7--180,174.85,Quintal,"15,146.46--16,000","15,573.23"
Rangpur,Kurigram,Nageshwari,Nageshwari Bazar,Silver Carp,2026,Kilogram,172.65--188.98,180.82,Quintal,"15,265.31--16,265.31","15,765.31"
Rangpur,Kurigram,Nageshwari,Nageshwari Bazar,Telapia/Nilotica,2026,Kilogram,180--200,190,Quintal,"16,000--17,000","16,500"
Mymensingh,Sherpur,Sherpur Sadar,Sherpur Sadar Bazar,Ruhi (Local) - small (1.50-2.00 kg),2025,Kilogram,300--350,325,Quintal,"27,570.71--30,848.48","29,209.60"
Mymensingh,Sherpur,Sherpur Sadar,Sherpur Sadar Bazar,Pangash (big),2025,Kilogram,208.64--225.45,217.05,Quintal,"18,161.62--20,636.36","19,398.99"
Mymensingh,Sherpur,Sherpur Sadar,Sherpur Sadar Bazar,Ruhi (Local) - small (1.50-2.00 kg),2026,Kilogram,326.33--350,338.16,Quintal,"28,377.55--29,683.67","29,030.61"
Mymensingh,Sherpur,Sherpur Sadar,Sherpur Sadar Bazar,Pangash (big),2026,Kilogram,209.59--224.08,216.84,Quintal,"18,857.14--20,923.47","19,890.31"
Mymensingh,Sherpur,Sherpur Sadar,Sherpur Sadar Bazar,Telapia/Nilotica,2026,Kilogram,240--250,245,Quintal,"21,000--22,000","21,500"
Mymensingh,Mymensingh,Fulbaria,Fulbaria Bazar,Ruhi (Local) - small (1.50-2.00 kg),2026,Kilogram,327.58--372.12,349.85,Quintal,"28,545.45--30,666.67","29,606.06"
Mymensingh,Mymensingh,Fulbaria,Fulbaria Bazar,Katla-Small (1.50-2.00 kg),2026,Kilogram,328.79--374.55,351.67,Quintal,"30,060.61--32,378.79","31,219.70"
Mymensingh,Mymensingh,Fulbaria,Fulbaria Bazar,Pangash (big),2026,Kilogram,159.7--187.88,173.79,Quintal,"14,090.91--15,030.3","14,560.61"
Mymensingh,Mymensingh,Trishal,Trisal Bazar,Pangash (big),2026,Kilogram,174.79--198.75,186.77,Quintal,"15,375--16,375","15,875"
Mymensingh,Mymensingh,Trishal,Trisal Bazar,Ruhi (Local) - small (1.50-2.00 kg),2026,Kilogram,331.52--365,348.26,Quintal,"30,173.91--33,086.96","31,630.43"
Mymensingh,Mymensingh,Mymensingh Sadar,"Mechua Bazar, Mymensingh",Ruhi (Local) - small (1.50-2.00 kg),2025,Kilogram,323.46--364.08,343.77,Quintal,"28,938.46--32,469.23","30,703.85"
Mymensingh,Mymensingh,Mymensingh Sadar,"Mechua Bazar, Mymensingh",Katla-Small (1.50-2.00 kg),2025,Kilogram,348.15--389.38,368.77,Quintal,"31,346.15--35,469.23","33,407.69"
Mymensingh,Mymensingh,Mymensingh Sadar,"Mechua Bazar, Mymensingh",Pangash (big),2025,Kilogram,170--180,175,Quintal,"15,000--16,000","15,500"
Mymensingh,Mymensingh,Mymensingh Sadar,"Mechua Bazar, Mymensingh",Ruhi (Local) - small (1.50-2.00 kg),2026,Kilogram,332.7--358.18,345.44,Quintal,"29,635.22--32,817.61","31,226.42"
Mymensingh,Mymensingh,Mymensingh Sadar,"Mechua Bazar, Mymensingh",Katla-Small (1.50-2.00 kg),2026,Kilogram,352.7--396.35,374.53,Quintal,"31,452.83--35,000","33,226.42"
Mymensingh,Mymensingh,Mymensingh Sadar,"Mechua Bazar, Mymensingh",Pangash (big),2026,Kilogram,178.11--196.23,187.17,Quintal,"15,811.32--16,811.32","16,311.32"
Mymensingh,Jamalpur,Jamalpur Sadar,Jamalpur Sadar Bazar,Ruhi (Local) - medium (2.50-4.50 kg),2025,Kilogram,373.51--445.3,409.4,Quintal,"33,447.76--40,485.07","36,966.42"
Mymensingh,Jamalpur,Jamalpur Sadar,Jamalpur Sadar Bazar,Ruhi (Local) - small (1.50-2.00 kg),2025,Kilogram,323.66--353.13,338.4,Quintal,"29,246.27--31,082.09","30,164.18"
Mymensingh,Jamalpur,Jamalpur Sadar,Jamalpur Sadar Bazar,Katla-Medium (2.50-4.50 kg),2025,Kilogram,335.45--399.25,367.35,Quintal,"30,716.42--35,037.31","32,876.87"
Mymensingh,Jamalpur,Jamalpur Sadar,Jamalpur Sadar Bazar,Pangash (big),2025,Kilogram,153.7--164.33,159.01,Quintal,"13,700--14,945.52","14,322.76"
Mymensingh,Jamalpur,Jamalpur Sadar,Jamalpur Sadar Bazar,Ruhi (Local) - medium (2.50-4.50 kg),2026,Kilogram,377.79--458.62,418.21,Quintal,"34,744.83--41,455.17","38,100"
Mymensingh,Jamalpur,Jamalpur Sadar,Jamalpur Sadar Bazar,Ruhi (Local) - small (1.50-2.00 kg),2026,Kilogram,287.31--338.69,313,Quintal,"25,062.07--30,075.86","27,568.97"
Mymensingh,Jamalpur,Jamalpur Sadar,Jamalpur Sadar Bazar,Katla-Medium (2.50-4.50 kg),2026,Kilogram,359.1--434.97,397.03,Quintal,"32,200--39,379.31","35,789.66"
Mymensingh,Jamalpur,Jamalpur Sadar,Jamalpur Sadar Bazar,Pangash (big),2026,Kilogram,159.92--166.17,163.05,Quintal,"14,451.72--15,055.17","14,753.45"
Mymensingh,Netrokona,Mohongonj,Mohanganj Bazar,Mregal-small,2026,Kilogram,204.71--253.03,228.87,Quintal,"18,470.59--22,176.47","20,323.53"
Mymensingh,Netrokona,Mohongonj,Mohanganj Bazar,Boal-big,2026,Kilogram,"700--1,000",850,Quintal,"60,000--90,000","75,000"
Mymensingh,Netrokona,Mohongonj,Mohanganj Bazar,Boal-small,2026,Kilogram,550.6--659.04,604.82,Quintal,"45,060.24--55,903.61","50,481.93"
Mymensingh,Netrokona,Mohongonj,Mohanganj Bazar,Ruhi (Local) - small (1.50-2.00 kg),2026,Kilogram,304.71--362.52,333.61,Quintal,"27,235.29--32,831.93","30,033.61"
Mymensingh,Netrokona,Mohongonj,Mohanganj Bazar,Silver Carp,2026,Kilogram,150--187.29,168.64,Quintal,"13,305.08--14,728.81","14,016.95"
Mymensingh,Netrokona,Mohongonj,Mohanganj Bazar,Grass carp,2026,Kilogram,230.68--267.88,249.28,Quintal,"18,711.86--23,432.2","21,072.03"
Mymensingh,Netrokona,Mohongonj,Mohanganj Bazar,Singhi,2026,Kilogram,242.77--308.13,275.45,Quintal,"21,082.14--26,683.04","23,882.59"
Mymensingh,Netrokona,Mohongonj,Mohanganj Bazar,Pangash (big),2026,Kilogram,160--165,162.5,Quintal,"13,500--13,797.3","13,648.65"
Mymensingh,Netrokona,Mohongonj,Mohanganj Bazar,Pangash (small),2026,Kilogram,190--200,195,Quintal,"16,905.41--17,405.41","17,155.41"
Mymensingh,Netrokona,Netrokona Sadar,"Pouro Super Market, Netrokona",Ruhi (Local) - small (1.50-2.00 kg),2025,Kilogram,310--350,330,Quintal,"27,000--28,000","27,500"
Mymensingh,Netrokona,Netrokona Sadar,"Pouro Super Market, Netrokona",Pangash (big),2025,Kilogram,150--160,155,Quintal,"12,000--13,000","12,500"
Mymensingh,Netrokona,Netrokona Sadar,"Pouro Super Market, Netrokona",Ruhi (Local) - small (1.50-2.00 kg),2026,Kilogram,310--350,330,Quintal,"27,000--28,000","27,500"
Mymensingh,Netrokona,Netrokona Sadar,"Pouro Super Market, Netrokona",Pangash (big),2026,Kilogram,150--160,155,Quintal,"12,129.5--13,000","12,564.75"
,,,,,,,,,,,
,,,,,,,,,,,
,,,,,,,,,,,
,,,,,,,,,,,
,,,,,,,,,,,
,,,,,,,,,,,
,,,,,,,,,,,
,,,,,,,,,,,
,,,,,,,,,,,
,,,,,,,,,,,
,,,,,,,,,,,
