Division,District,Upazila,Market Name,Commodity Name,Year,Retail Unit,Retail Price,Average Price,Whole Sale Unit,Wholesale price,Average Price
Chattagram,Comilla,Chandina,Chandina Bazar,Rice-Boro-Hybrid -Fine,2026,Kilogram,80--82,81,Quintal,"7,391.78--7,586.3","7,489.04"
Chattagram,Comilla,Chandina,Chandina Bazar,Rice - Boro - Hybrid - Medium,2026,Kilogram,60--62,61,Quintal,"5,349.32--5,543.84","5,446.58"
Chattagram,Comilla,Chandina,Chandina Bazar,Rice - Boro - Hybrid - Coarse,2026,Kilogram,50--52,51,Quintal,"4,473.97--4,668.49","4,571.23"
Chattagram,Comilla,Chandina,Chandina Bazar,Rice - Aman-Fine,2026,Kilogram,82--85,83.5,Quintal,"7,500--7,700","7,600"
Chattagram,Comilla,Chandina,Chandina Bazar,Rice - Aman - Medium,2026,Kilogram,58--62,60,Quintal,"5,500--5,600","5,550"
Chattagram,Comilla,Chandina,Chandina Bazar,Rice - Aman - Coarse,2026,Kilogram,50--52,51,Quintal,"4,500--4,709.52","4,604.76"
Chattagram,Comilla,Chandina,Chandina Bazar,Rice - Aush - Hybrid - Narrow,2026,Kilogram,80.6--84.4,82.5,Quintal,"7,400--7,700","7,550"
Chattagram,Comilla,Chandina,Chandina Bazar,Rice - Aush - Hybrid - Medium,2026,Kilogram,58--62,60,Quintal,"5,500--5,800","5,650"
Chattagram,Comilla,Chandina,Chandina Bazar,Rice - Aush - Hybrid - Coarse,2026,Kilogram,50--52,51,Quintal,"4,600--4,800","4,700"
Chattagram,Comilla,Comilla Sadar,Comilla Sadar Bazar,Rice - Aman-Fine,2025,Kilogram,82.63--85.75,84.19,Quintal,"7,453.85--7,723.08","7,588.46"
Chattagram,Comilla,Comilla Sadar,Comilla Sadar Bazar,Rice - Aman - Medium,2025,Kilogram,62.77--66.08,64.42,Quintal,"5,539.23--5,800","5,669.62"
Chattagram,Comilla,Comilla Sadar,Comilla Sadar Bazar,Rice - Aman - Coarse,2025,Kilogram,49.72--53.72,51.72,Quintal,"4,502.31--4,788.46","4,645.38"
Chattagram,Comilla,Comilla Sadar,Comilla Sadar Bazar,Rice-Boro-Hybrid -Fine,2025,Kilogram,81.95--84.47,83.21,Quintal,"7,600--7,800","7,700"
Chattagram,Comilla,Comilla Sadar,Comilla Sadar Bazar,Rice - Boro - Hybrid - Medium,2025,Kilogram,60.05--64.54,62.29,Quintal,"5,404.62--5,800","5,602.31"
Chattagram,Comilla,Comilla Sadar,Comilla Sadar Bazar,Rice - Boro - Hybrid - Coarse,2025,Kilogram,50--55,52.5,Quintal,"4,597.69--4,795.38","4,696.54"
Chattagram,Comilla,Comilla Sadar,Comilla Sadar Bazar,Rice - Aman-Fine,2026,Kilogram,82.28--84.84,83.56,Quintal,"7,500--7,700","7,600"
Chattagram,Comilla,Comilla Sadar,Comilla Sadar Bazar,Rice - Aman - Medium,2026,Kilogram,59.58--63.75,61.67,Quintal,"5,500--5,716.78","5,608.39"
Chattagram,Comilla,Comilla Sadar,Comilla Sadar Bazar,Rice - Aman - Coarse,2026,Kilogram,50--53.43,51.71,Quintal,"4,500--4,800","4,650"
Chattagram,Comilla,Comilla Sadar,Comilla Sadar Bazar,Rice-Boro-Hybrid -Fine,2026,Kilogram,82.2--84.3,83.25,Quintal,"7,600--7,800","7,700"
Chattagram,Comilla,Comilla Sadar,Comilla Sadar Bazar,Rice - Boro - Hybrid - Medium,2026,Kilogram,60--64,62,Quintal,"5,400--5,800","5,600"
Chattagram,Comilla,Comilla Sadar,Comilla Sadar Bazar,Rice - Boro - Hybrid - Coarse,2026,Kilogram,50--52.83,51.41,Quintal,"4,600--4,800","4,700"
Chattagram,Comilla,Comilla Sadar,Comilla Sadar Bazar,Rice - Aush - Hybrid - Narrow,2026,Kilogram,82--85,83.5,Quintal,"7,500--7,700","7,600"
Chattagram,Comilla,Comilla Sadar,Comilla Sadar Bazar,Rice - Aush - Hybrid - Medium,2026,Kilogram,58--62,60,Quintal,"5,500--5,800","5,650"
Chattagram,Comilla,Comilla Sadar,Comilla Sadar Bazar,Rice - Aush - Hybrid - Coarse,2026,Kilogram,50--52,51,Quintal,"4,587.5--4,800","4,693.75"
Chattagram,Comilla,Burichang,Kangshanagar Bazar,Rice-Boro-Hybrid -Fine,2026,Kilogram,82--84,83,Quintal,"7,600--7,800","7,700"
Chattagram,Comilla,Burichang,Kangshanagar Bazar,Rice - Boro - Hybrid - Medium,2026,Kilogram,60--64,62,Quintal,"5,297.19--5,800","5,548.60"
Chattagram,Comilla,Burichang,Kangshanagar Bazar,Rice - Boro - Hybrid - Coarse,2026,Kilogram,50--52,51,Quintal,"4,600--4,800","4,700"
Chattagram,Comilla,Burichang,Burichong Bazar,Rice-Boro-Hybrid -Fine,2026,Kilogram,82--84,83,Quintal,"7,600--7,800","7,700"
Chattagram,Comilla,Burichang,Burichong Bazar,Rice - Boro - Hybrid - Medium,2026,Kilogram,60--64,62,Quintal,"5,400--5,800","5,600"
Chattagram,Comilla,Burichang,Burichong Bazar,Ricel-Boro-Mota,2026,Kilogram,50--52,51,Quintal,"4,600--4,800","4,700"
Chattagram,Comilla,Burichang,Burichong Bazar,Rice - Aman-Fine,2026,Kilogram,82--85,83.5,Quintal,"7,500--7,700","7,600"
Chattagram,Comilla,Burichang,Burichong Bazar,Rice - Aman - Medium,2026,Kilogram,58--62,60,Quintal,"5,500--5,600","5,550"
Chattagram,Comilla,Burichang,Burichong Bazar,Rice - Amon - Hybrid - Coarse,2026,Kilogram,50--52,51,Quintal,"4,500--4,800","4,650"
Chattagram,Comilla,Burichang,Burichong Bazar,Rice - Aush - Hybrid - Narrow,2026,Kilogram,82--85,83.5,Quintal,"7,500--7,700","7,600"
Chattagram,Comilla,Burichang,Burichong Bazar,Rice - Aush - Hybrid - Medium,2026,Kilogram,58--62,60,Quintal,"5,500--5,800","5,650"
Chattagram,Comilla,Burichang,Burichong Bazar,Rice - Aush - Hybrid - Coarse,2026,Kilogram,50--52,51,Quintal,"4,600--4,800","4,700"
Chattagram,Comilla,Lalmai,Lalmai Bazar,Rice-Boro-Hybrid -Fine,2026,Kilogram,80--82,81,Quintal,"7,600--7,800","7,700"
Chattagram,Comilla,Lalmai,Lalmai Bazar,Rice - Boro - Hybrid - Medium,2026,Kilogram,60--62,61,Quintal,"5,500--5,700","5,600"
Chattagram,Comilla,Lalmai,Lalmai Bazar,Rice - Aush - Hybrid - Coarse,2026,Kilogram,50--52,51,Quintal,"4,516.67--4,800","4,658.33"
Chattagram,Comilla,Lalmai,Lalmai Bazar,Rice - Aman-Fine,2026,Kilogram,79.33--84,81.67,Quintal,"7,283.33--7,716.67","7,500"
Chattagram,Comilla,Lalmai,Lalmai Bazar,Rice - Aman - Medium,2026,Kilogram,58--61.33,59.67,Quintal,"5,433.33--5,566.67","5,500"
Chattagram,Comilla,Lalmai,Lalmai Bazar,Rice - Aman - Coarse,2026,Kilogram,50--52,51,Quintal,"4,500--4,800","4,650"
Chattagram,Comilla,Lalmai,Lalmai Bazar,Rice - Aush - Hybrid - Narrow,2026,Kilogram,75--82,78.5,Quintal,"7,000--7,700","7,350"
Chattagram,Comilla,Lalmai,Lalmai Bazar,Rice - Aush - Hybrid - Medium,2026,Kilogram,56.2--60,58.1,Quintal,"5,180--5,500","5,340"
Chattagram,Feni,Chhagalnaiya,Chagalnaiya Bazar,Rice - Aman-Fine,2026,Kilogram,77.19--80.88,79.03,Quintal,"7,327.78--7,630.56","7,479.17"
Chattagram,Feni,Chhagalnaiya,Chagalnaiya Bazar,Rice - Aman - Medium,2026,Kilogram,59.19--62.99,61.09,Quintal,"5,473.15--5,881.48","5,677.31"
Chattagram,Feni,Chhagalnaiya,Chagalnaiya Bazar,Rice - Aman - Coarse,2026,Kilogram,49.63--53.69,51.66,Quintal,"4,616.67--4,851.85","4,734.26"
Chattagram,Feni,Feni Sadar,Feni Sadar,Rice - Aman-Fine,2025,Kilogram,75.54--80.5,78.02,Quintal,"7,222.18--7,695.73","7,458.95"
Chattagram,Feni,Feni Sadar,Feni Sadar,Rice - Aman - Medium,2025,Kilogram,59.03--64.46,61.75,Quintal,"5,573.79--6,129.03","5,851.41"
Chattagram,Feni,Feni Sadar,Feni Sadar,Rice - Aman - Coarse,2025,Kilogram,51.48--54.73,53.1,Quintal,"4,872.58--5,084.68","4,978.63"
Chattagram,Feni,Feni Sadar,Feni Sadar,Rice - Aman-Fine,2026,Kilogram,74.72--79.54,77.13,Quintal,"7,063.76--7,558.05","7,310.91"
Chattagram,Feni,Feni Sadar,Feni Sadar,Rice - Aman - Medium,2026,Kilogram,57.77--61.24,59.5,Quintal,"5,383.89--5,808.05","5,595.97"
Chattagram,Feni,Feni Sadar,Feni Sadar,Rice - Aman - Coarse,2026,Kilogram,49.3--51.3,50.3,Quintal,"4,531.54--4,704.03","4,617.79"
Chattagram,Brahmanbaria,Brahmanbaria Sadar,Brahmanbaria Sadar Bazar,Rice - Aman - Medium,2025,Kilogram,58.52--61.14,59.83,Quintal,"5,593.43--5,812.41","5,702.92"
Chattagram,Brahmanbaria,Brahmanbaria Sadar,Brahmanbaria Sadar Bazar,Rice-Boro-Hybrid -Fine,2025,Kilogram,69.67--83.57,76.62,Quintal,"6,622.63--8,033.58","7,328.10"
Chattagram,Brahmanbaria,Brahmanbaria Sadar,Brahmanbaria Sadar Bazar,Rice - Boro - Hybrid - Medium,2025,Kilogram,56.11--66.43,61.27,Quintal,"5,250.36--6,183.94","5,717.15"
Chattagram,Brahmanbaria,Brahmanbaria Sadar,Brahmanbaria Sadar Bazar,Rice - Aman - Medium,2026,Kilogram,52.85--59.04,55.95,Quintal,"4,810.83--5,436.94","5,123.89"
Chattagram,Brahmanbaria,Brahmanbaria Sadar,Brahmanbaria Sadar Bazar,Rice-Boro-Hybrid -Fine,2026,Kilogram,70.99--85.91,78.45,Quintal,"6,615.92--7,977.71","7,296.82"
Chattagram,Brahmanbaria,Brahmanbaria Sadar,Brahmanbaria Sadar Bazar,Rice - Boro - Hybrid - Medium,2026,Kilogram,57.1--62.38,59.74,Quintal,"5,159.87--5,687.26","5,423.57"
Chattagram,Brahmanbaria,Brahmanbaria Sadar,Brahmanbaria Sadar Bazar,Ricel-Boro-Mota,2026,Kilogram,50--52.2,51.1,Quintal,"4,640--4,880","4,760"
Chattagram,Brahmanbaria,Brahmanbaria Sadar,Brahmanbaria Sadar Bazar,Rice - Aman - Coarse,2026,Kilogram,49.42--51.49,50.45,Quintal,"4,469.13--4,646.31","4,557.72"
Chattagram,Brahmanbaria,Brahmanbaria Sadar,Brahmanbaria Sadar Bazar,Rice - Amon - Hybrid - Narrow,2026,Kilogram,70--80,75,Quintal,"6,500--7,322.22","6,911.11"
Chattagram,Brahmanbaria,Bijoynagar,Amtoli Bazar,Rice - Aman - Medium,2026,Kilogram,53.55--60.75,57.15,Quintal,"4,850--5,536","5,193"
Chattagram,Brahmanbaria,Bijoynagar,Amtoli Bazar,Rice - Aman - Coarse,2026,Kilogram,48.07--52.08,50.08,Quintal,"4,371.5--4,575","4,473.25"
Chattagram,Brahmanbaria,Bijoynagar,Amtoli Bazar,Rice - Boro - Hybrid - Medium,2026,Kilogram,56.25--61.23,58.74,Quintal,"5,122--5,535","5,328.50"
Chattagram,Brahmanbaria,Bijoynagar,Amtoli Bazar,Rice-Boro-Hybrid -Fine,2026,Kilogram,71.31--85.1,78.21,Quintal,"6,575.76--7,908.08","7,241.92"
Chattagram,Rangamati,Rangamati Sadar,Rangamati Sadar Bazar,Rice - Aman-Fine,2025,Kilogram,82.25--85.73,83.99,Quintal,"7,721.05--8,084.96","7,903.01"
Chattagram,Rangamati,Rangamati Sadar,Rangamati Sadar Bazar,Rice - Aman - Medium,2025,Kilogram,68.54--72.19,70.36,Quintal,"6,400--6,751.88","6,575.94"
Chattagram,Rangamati,Rangamati Sadar,Rangamati Sadar Bazar,Rice - Aman - Coarse,2025,Kilogram,51.32--54.68,53,Quintal,"4,768.42--5,018.8","4,893.61"
Chattagram,Rangamati,Rangamati Sadar,Rangamati Sadar Bazar,Rice-Boro-Hybrid -Fine,2025,Kilogram,79.25--82.45,80.85,Quintal,"7,473.68--7,781.95","7,627.82"
Chattagram,Rangamati,Rangamati Sadar,Rangamati Sadar Bazar,Rice - Atap,2025,Kilogram,51.05--52.96,52.01,Quintal,"4,686.47--4,871.43","4,778.95"
Chattagram,Rangamati,Rangamati Sadar,Rangamati Sadar Bazar,Rice - Boro - Hybrid - Medium,2025,Kilogram,67.67--71.58,69.62,Quintal,"6,314.29--6,705.26","6,509.77"
Chattagram,Rangamati,Rangamati Sadar,Rangamati Sadar Bazar,Rice - Boro - Hybrid - Coarse,2025,Kilogram,50.8--54.44,52.62,Quintal,"4,784.21--4,983.46","4,883.83"
Chattagram,Rangamati,Rangamati Sadar,Rangamati Sadar Bazar,Chinigura Rice,2025,Kilogram,133.91--140.64,137.27,Quintal,"12,502.26--12,930.83","12,716.54"
Chattagram,Rangamati,Rangamati Sadar,Rangamati Sadar Bazar,Kataribhog,2025,Kilogram,90.09--94.68,92.38,Quintal,"8,314.29--8,800","8,557.14"
Chattagram,Rangamati,Rangamati Sadar,Rangamati Sadar Bazar,Rice - Aman-Fine,2026,Kilogram,79.45--84.41,81.93,Quintal,"7,500--8,000","7,750"
Chattagram,Rangamati,Rangamati Sadar,Rangamati Sadar Bazar,Rice - Aman - Medium,2026,Kilogram,63.66--68.62,66.14,Quintal,"5,928.28--6,410.34","6,169.31"
Chattagram,Rangamati,Rangamati Sadar,Rangamati Sadar Bazar,Rice - Aman - Coarse,2026,Kilogram,49.66--52.13,50.89,Quintal,"4,600--4,800","4,700"
Chattagram,Rangamati,Rangamati Sadar,Rangamati Sadar Bazar,Rice-Boro-Hybrid -Fine,2026,Kilogram,72.46--77.4,74.93,Quintal,"6,874.48--7,315.17","7,094.83"
Chattagram,Rangamati,Rangamati Sadar,Rangamati Sadar Bazar,Rice - Atap,2026,Kilogram,45.99--48.37,47.18,Quintal,"4,326.21--4,526.21","4,426.21"
Chattagram,Rangamati,Rangamati Sadar,Rangamati Sadar Bazar,Rice - Boro - Hybrid - Medium,2026,Kilogram,61.99--67.45,64.72,Quintal,"5,800--6,293.1","6,046.55"
Chattagram,Rangamati,Rangamati Sadar,Rangamati Sadar Bazar,Rice - Boro - Hybrid - Coarse,2026,Kilogram,50.46--54.62,52.54,Quintal,"4,699.31--5,000","4,849.66"
Chattagram,Rangamati,Rangamati Sadar,Rangamati Sadar Bazar,Chinigura Rice,2026,Kilogram,147.86--157.17,152.52,Quintal,"13,798.62--14,281.38","14,040"
Chattagram,Rangamati,Rangamati Sadar,Rangamati Sadar Bazar,Kataribhog,2026,Kilogram,88.04--92.34,90.19,Quintal,"8,428.97--8,700.69","8,564.83"
Chattagram,Rangamati,Kaptai,Kaptai Bazar,Rice - Aman-Fine,2026,Kilogram,80--85,82.5,Quintal,"7,500--8,000","7,750"
Chattagram,Rangamati,Kaptai,Kaptai Bazar,Rice - Aman - Medium,2026,Kilogram,62--64,63,Quintal,"5,800--6,200","6,000"
Chattagram,Rangamati,Kaptai,Kaptai Bazar,Rice - Aman - Coarse,2026,Kilogram,48--50,49,Quintal,"4,500--4,800","4,650"
Chattagram,Rangamati,Kaptai,Kaptai Bazar,Chinigura Rice,2026,Kilogram,164.04--169.04,166.54,Quintal,"15,683.15--15,865.17","15,774.16"
Chattagram,Rangamati,Kawkhali,Kaukhali Bazar,Rice - Boro - Hybrid - Coarse,2026,Kilogram,46.82--50.22,48.52,Quintal,"4,316.67--4,586.67","4,451.67"
Chattagram,Rangamati,Kawkhali,Kaukhali Bazar,Rice-Boro-Medium,2026,Kilogram,56--62,59,Quintal,"5,200--5,500","5,350"
Chattagram,Rangamati,Kawkhali,Kaukhali Bazar,Rice - Amon - Hybrid - Narrow,2026,Kilogram,84.73--90,87.37,Quintal,"7,946.15--8,346.15","8,146.15"
Chattagram,Noakhali,Noakhali Sadar,Noakhali Sadar Bazar,Rice - Aman - Pajam,2025,Kilogram,63.53--65.06,64.29,Quintal,"6,014.53--6,214.53","6,114.53"
Chattagram,Noakhali,Noakhali Sadar,Noakhali Sadar Bazar,Rice-Boro-Hybrid -Fine,2025,Kilogram,84.17--89.4,86.79,Quintal,"8,200--8,466.67","8,333.33"
Chattagram,Noakhali,Noakhali Sadar,Noakhali Sadar Bazar,Rice - Boro - Hybrid - Medium,2025,Kilogram,62.85--65.32,64.09,Quintal,"5,871.79--6,190.6","6,031.20"
Chattagram,Noakhali,Noakhali Sadar,Noakhali Sadar Bazar,Rice - Boro - Hybrid - Coarse,2025,Kilogram,54.94--57.14,56.04,Quintal,"5,185.47--5,331.62","5,258.55"
Chattagram,Noakhali,Noakhali Sadar,Noakhali Sadar Bazar,Rice - Aman - Pajam,2026,Kilogram,56.69--57.8,57.24,Quintal,"5,406.67--5,539.26","5,472.96"
Chattagram,Noakhali,Noakhali Sadar,Noakhali Sadar Bazar,Rice-Boro-Hybrid -Fine,2026,Kilogram,80.35--82.13,81.24,Quintal,"7,844.44--8,013.33","7,928.89"
Chattagram,Noakhali,Noakhali Sadar,Noakhali Sadar Bazar,Rice - Boro - Hybrid - Medium,2026,Kilogram,59.27--61.53,60.4,Quintal,"5,665.19--5,927.41","5,796.30"
Chattagram,Noakhali,Noakhali Sadar,Noakhali Sadar Bazar,Rice - Boro - Hybrid - Coarse,2026,Kilogram,47.59--49.53,48.56,Quintal,"4,544.44--4,317.78","4,626.67"
Chattagram,Noakhali,Begumganj,Begumganj Bazar,Rice - Aman - Pajam,2026,Kilogram,59.91--61.63,60.77,Quintal,"5,602.44--5,776.83","5,689.63"
Chattagram,Noakhali,Begumganj,Begumganj Bazar,Rice-Boro-Hybrid -Fine,2026,Kilogram,82--83.07,82.54,Quintal,"7,982.93--8,091.46","8,037.20"
Chattagram,Noakhali,Begumganj,Begumganj Bazar,Rice - Boro - Hybrid - Medium,2026,Kilogram,59.61--61.84,60.73,Quintal,"5,651.22--5,902.44","5,776.83"
Chattagram,Noakhali,Begumganj,Begumganj Bazar,Rice - Boro - Hybrid - Coarse,2026,Kilogram,52.23--54.21,53.22,Quintal,"4,876.83--5,076.83","4,976.83"
Chattagram,Chandpur,Chandpur Sadar,Chandpur Sadaar,Rice-Boro-Hybrid -Fine,2025,Kilogram,73.58--74.58,74.08,Quintal,"7,039.37--7,199.21","7,119.29"
Chattagram,Chandpur,Chandpur Sadar,Chandpur Sadaar,Rice - Boro - Hybrid - Medium,2025,Kilogram,60.85--62.85,61.85,Quintal,"5,730.88--5,886.03","5,808.46"
Chattagram,Chandpur,Chandpur Sadar,Chandpur Sadaar,Rice - Boro - Hybrid - Coarse,2025,Kilogram,53.49--54.6,54.05,Quintal,"5,049.26--5,155.15","5,102.21"
Chattagram,Chandpur,Chandpur Sadar,Chandpur Sadaar,Chinigura Rice,2025,Kilogram,125--130,127.5,Quintal,"11,500--12,000","11,750"
Chattagram,Chandpur,Chandpur Sadar,Chandpur Sadaar,Rice - Amon - Hybrid - Narrow,2025,Kilogram,74--75,74.5,Quintal,"7,200--7,300","7,250"
Chattagram,Chandpur,Chandpur Sadar,Chandpur Sadaar,Rice-Boro-Hybrid -Fine,2026,Kilogram,70.86--72.42,71.64,Quintal,"6,746.26--6,872.11","6,809.18"
Chattagram,Chandpur,Chandpur Sadar,Chandpur Sadaar,Rice - Boro - Hybrid - Medium,2026,Kilogram,55.78--57.29,56.53,Quintal,"5,302.72--5,415.65","5,359.18"
Chattagram,Chandpur,Chandpur Sadar,Chandpur Sadaar,Rice - Boro - Hybrid - Coarse,2026,Kilogram,45.83--47.61,46.72,Quintal,"4,337.58--4,440.13","4,388.85"
Chattagram,Chandpur,Chandpur Sadar,Chandpur Sadaar,Chinigura Rice,2026,Kilogram,141.62--146.62,144.12,Quintal,"13,047.77--13,547.77","13,297.77"
Chattagram,Chandpur,Hajiganj,Hajiganj Bazar,Rice - Aush - Hybrid - Narrow,2026,Kilogram,51--52.5,51.75,Quintal,"4,800--4,950","4,875"
Chattagram,Chandpur,Hajiganj,Hajiganj Bazar,Rice - Boro - Hybrid - Medium,2026,Kilogram,40.5--42,41.25,Quintal,"3,825--3,975","3,900"
Chattagram,Chandpur,Hajiganj,Hajiganj Bazar,Rice - Boro - Hybrid - Coarse,2026,Kilogram,34.5--36,35.25,Quintal,"3,225--3,375","3,300"
Chattagram,Chandpur,Hajiganj,Hajiganj Bazar,Chinigura Rice,2026,Kilogram,138.75--150,144.38,Quintal,"13,125--13,875","13,500"
Chattagram,Lakshmipur,Lakshmipur Sadar,"Sadar Bazar, Lakshmipur",Rice - Aman-Fine,2025,Kilogram,83.85--85.12,84.48,Quintal,"7,874.8--7,974.8","7,924.80"
Chattagram,Lakshmipur,Lakshmipur Sadar,"Sadar Bazar, Lakshmipur",Rice - Aman - Medium,2025,Kilogram,61.39--62.91,62.15,Quintal,"5,727.56--5,880.31","5,803.94"
Chattagram,Lakshmipur,Lakshmipur Sadar,"Sadar Bazar, Lakshmipur",Rice - Aman - Coarse,2025,Kilogram,55.76--57.12,56.44,Quintal,"5,067.72--5,231.5","5,149.61"
Chattagram,Lakshmipur,Lakshmipur Sadar,"Sadar Bazar, Lakshmipur",Chinigura Rice,2025,Kilogram,120--125,122.5,Quintal,"10,000--10,500","10,250"
Chattagram,Lakshmipur,Lakshmipur Sadar,"Sadar Bazar, Lakshmipur",Rice - Aman-Fine,2026,Kilogram,84--85,84.5,Quintal,"7,900--8,000","7,950"
Chattagram,Lakshmipur,Lakshmipur Sadar,"Sadar Bazar, Lakshmipur",Rice - Aman - Medium,2026,Kilogram,58--60,59,Quintal,"5,400--5,500","5,450"
Chattagram,Lakshmipur,Lakshmipur Sadar,"Sadar Bazar, Lakshmipur",Rice - Aman - Coarse,2026,Kilogram,55--56,55.5,Quintal,"5,000--5,200","5,100"
Chattagram,Lakshmipur,Lakshmipur Sadar,"Sadar Bazar, Lakshmipur",Chinigura Rice,2026,Kilogram,138.5--145.23,141.87,Quintal,"12,583.33--12,971.33","12,777.33"
Chattagram,Lakshmipur,Raipur,Raipur Bazar,Rice - Aman-Fine,2026,Kilogram,84--85,84.5,Quintal,"7,900--8,000","7,950"
Chattagram,Lakshmipur,Raipur,Raipur Bazar,Rice - Aman - Pajam,2026,Kilogram,58--60,59,Quintal,"5,400--5,500","5,450"
Chattagram,Lakshmipur,Raipur,Raipur Bazar,Rice - Aman - Coarse,2026,Kilogram,55--56,55.5,Quintal,"5,000--5,200","5,100"
Chattagram,Lakshmipur,Raipur,Raipur Bazar,Chinigura Rice,2026,Kilogram,142.98--151.97,147.48,Quintal,"12,298.25--13,153.51","12,725.88"
Chattagram,Chattogram,Chattogram City Corporation,Chittagong Sadar Bazar,Rice - Aman-Fine,2025,Kilogram,71.36--85,78.18,Quintal,"6,690.91--7,800","7,245.45"
Chattagram,Chattogram,Chattogram City Corporation,Chittagong Sadar Bazar,Rice - Aman - Medium,2025,Kilogram,59.64--65.09,62.36,Quintal,"5,490.91--6,054.55","5,772.73"
Chattagram,Chattogram,Chattogram City Corporation,Chittagong Sadar Bazar,Rice - Aman - Coarse,2025,Kilogram,51.73--58.27,55,Quintal,"4,836.36--5,363.64","5,100"
Chattagram,Chattogram,Chattogram City Corporation,Chittagong Sadar Bazar,Rice-Boro-Hybrid -Fine,2025,Kilogram,75.45--87.45,81.45,Quintal,"6,954.55--7,945.45","7,450"
Chattagram,Chattogram,Chattogram City Corporation,Chittagong Sadar Bazar,Rice - Boro - Hybrid - Medium,2025,Kilogram,56.36--65.91,61.14,Quintal,"5,227.27--6,181.82","5,704.55"
Chattagram,Chattogram,Chattogram City Corporation,Chittagong Sadar Bazar,Rice - Boro - Hybrid - Coarse,2025,Kilogram,51.09--57.27,54.18,Quintal,"4,654.55--5,263.64","4,959.09"
Chattagram,Chattogram,Chattogram City Corporation,Chittagong Sadar Bazar,Chinigura Rice,2025,Kilogram,94.09--135,114.55,Quintal,"8,672.73--12,272.73","10,472.73"
Chattagram,Chattogram,Chattogram City Corporation,Chittagong Sadar Bazar,Rice - Aman-Fine,2026,Kilogram,73.79--85,79.4,Quintal,"6,903.27--7,800","7,351.63"
Chattagram,Chattogram,Chattogram City Corporation,Chittagong Sadar Bazar,Rice - Aman - Medium,2026,Kilogram,62.25--83.79,73.02,Quintal,"5,725.49--7,503.27","6,614.38"
Chattagram,Chattogram,Chattogram City Corporation,Chittagong Sadar Bazar,Rice - Aman - Coarse,2026,Kilogram,50.73--58.48,54.6,Quintal,"4,545.1--5,178.43","4,861.76"
Chattagram,Chattogram,Chattogram City Corporation,Chittagong Sadar Bazar,Rice-Boro-Hybrid -Fine,2026,Kilogram,70--82,76,Quintal,"6,500--7,400","6,950"
Chattagram,Chattogram,Chattogram City Corporation,Chittagong Sadar Bazar,Rice - Boro - Hybrid - Medium,2026,Kilogram,60--62.75,61.37,Quintal,"5,500--5,699.35","5,599.67"
Chattagram,Chattogram,Chattogram City Corporation,Chittagong Sadar Bazar,Rice - Boro - Hybrid - Coarse,2026,Kilogram,58.26--63.76,61.01,Quintal,"5,375.82--5,875.82","5,625.82"
Chattagram,Chattogram,Chattogram City Corporation,Chittagong Sadar Bazar,Chinigura Rice,2026,Kilogram,134.31--144.31,139.31,Quintal,"13,095.42--13,369.28","13,232.35"
Chattagram,Coxsbazar,Coxsbazar Sadar,Cox's Bazar Sadar,Rice-Boro-Hybrid -Fine,2025,Kilogram,80--85,82.5,Quintal,"7,607.14--8,200","7,903.57"
Chattagram,Coxsbazar,Coxsbazar Sadar,Cox's Bazar Sadar,Rice - Boro - Hybrid - Medium,2025,Kilogram,60--70,65,Quintal,"5,700--6,600","6,150"
Chattagram,Coxsbazar,Coxsbazar Sadar,Cox's Bazar Sadar,Rice - Boro - Hybrid - Coarse,2025,Kilogram,50--55,52.5,Quintal,"4,693.57--5,181.43","4,937.50"
Chattagram,Coxsbazar,Coxsbazar Sadar,Cox's Bazar Sadar,Rice-Boro-Hybrid -Fine,2026,Kilogram,80--85,82.5,Quintal,"7,600--8,021.66","7,810.83"
Chattagram,Coxsbazar,Coxsbazar Sadar,Cox's Bazar Sadar,Rice - Boro - Hybrid - Medium,2026,Kilogram,60--70,65,Quintal,"5,621.02--6,600","6,110.51"
Chattagram,Coxsbazar,Coxsbazar Sadar,Cox's Bazar Sadar,Rice - Boro - Hybrid - Coarse,2026,Kilogram,48.54--53.54,51.04,Quintal,"4,349.68--4,668.79","4,509.24"
Chattagram,Coxsbazar,Chakaria,Chakaria Bazar,Rice-Boro-Hybrid -Fine,2026,Kilogram,76--80.75,78.38,Quintal,"7,130--7,600","7,365"
Chattagram,Coxsbazar,Chakaria,Chakaria Bazar,Rice - Boro - Hybrid - Medium,2026,Kilogram,64.2--66.5,65.35,Quintal,"5,320--6,180","5,750"
Chattagram,Coxsbazar,Chakaria,Chakaria Bazar,Rice - Boro - Hybrid - Coarse,2026,Kilogram,42.75--45.7,44.23,Quintal,"3,640--3,840","3,740"
Chattagram,Khagrachhari,Khagrachhari Sadar,Khagrachari Sadar Pouro Bazar,Rice - Aman-Fine,2025,Kilogram,75.07--85.36,80.21,Quintal,"7,031.62--8,061.03","7,546.32"
Chattagram,Khagrachhari,Khagrachhari Sadar,Khagrachari Sadar Pouro Bazar,Rice - Aman - Medium,2025,Kilogram,60.24--62.28,61.05,Quintal,"5,597.06--5,872.06","5,734.56"
Chattagram,Khagrachhari,Khagrachhari Sadar,Khagrachari Sadar Pouro Bazar,Rice - Aman - Coarse,2025,Kilogram,48.04--50.04,49.04,Quintal,"4,442.65--4,587.5","4,515.07"
Chattagram,Khagrachhari,Khagrachhari Sadar,Khagrachari Sadar Pouro Bazar,Rice - Aman - Pajam,2025,Kilogram,56.09--60,58.04,Quintal,"5,140.44--5,577.21","5,358.82"
Chattagram,Khagrachhari,Khagrachhari Sadar,Khagrachari Sadar Pouro Bazar,Chinigura Rice,2025,Kilogram,95.46--103.4,99.43,Quintal,"9,045.59--9,840.44","9,443.01"
Chattagram,Khagrachhari,Khagrachhari Sadar,Khagrachari Sadar Pouro Bazar,Kalojira,2025,Kilogram,140.85--145.81,143.33,Quintal,"13,687.5--14,187.5","13,937.50"
Chattagram,Khagrachhari,Khagrachhari Sadar,Khagrachari Sadar Pouro Bazar,Kataribhog,2025,Kilogram,81.6--88.85,85.22,Quintal,"7,721.32--8,394.85","8,058.09"
Chattagram,Khagrachhari,Khagrachhari Sadar,Khagrachari Sadar Pouro Bazar,Ricel-Boro-Mota,2025,Kilogram,49--50,49.5,Quintal,"4,500--4,600","4,550"
Chattagram,Khagrachhari,Khagrachhari Sadar,Khagrachari Sadar Pouro Bazar,Rice-Boro-Medium,2025,Kilogram,68--70,69,Quintal,"6,400--6,600","6,500"
Chattagram,Khagrachhari,Khagrachhari Sadar,Khagrachari Sadar Pouro Bazar,Rice-Boro-Fine,2025,Kilogram,77--90,83.5,Quintal,"7,200--8,500","7,850"
Chattagram,Khagrachhari,Khagrachhari Sadar,Khagrachari Sadar Pouro Bazar,Rice - Boro - Pajam,2025,Kilogram,55--60,57.5,Quintal,"5,000--5,600","5,300"
Chattagram,Khagrachhari,Khagrachhari Sadar,Khagrachari Sadar Pouro Bazar,Rice - Aman-Fine,2026,Kilogram,75.77--89.03,82.4,Quintal,"7,076.71--8,336.99","7,706.85"
Chattagram,Khagrachhari,Khagrachhari Sadar,Khagrachari Sadar Pouro Bazar,Rice - Aman - Medium,2026,Kilogram,54.34--58.01,56.17,Quintal,"4,934.25--5,334.25","5,134.25"
Chattagram,Khagrachhari,Khagrachhari Sadar,Khagrachari Sadar Pouro Bazar,Rice - Aman - Coarse,2026,Kilogram,47.27--49.18,48.22,Quintal,"4,189.73--4,403.42","4,296.58"
Chattagram,Khagrachhari,Khagrachhari Sadar,Khagrachari Sadar Pouro Bazar,Rice - Aman - Pajam,2026,Kilogram,53.67--57.64,55.65,Quintal,"4,867.12--5,297.26","5,082.19"
Chattagram,Khagrachhari,Khagrachhari Sadar,Khagrachari Sadar Pouro Bazar,Rice - Boro - Pajam,2026,Kilogram,53.67--57.64,55.65,Quintal,"4,867.12--5,297.26","5,082.19"
Chattagram,Khagrachhari,Khagrachhari Sadar,Khagrachari Sadar Pouro Bazar,Ricel-Boro-Mota,2026,Kilogram,48.34--50,49.17,Quintal,"4,300.68--4,467.12","4,383.90"
Chattagram,Khagrachhari,Khagrachhari Sadar,Khagrachari Sadar Pouro Bazar,Rice-Boro-Medium,2026,Kilogram,60.69--63.36,62.02,Quintal,"5,602.74--5,869.18","5,735.96"
Chattagram,Khagrachhari,Khagrachhari Sadar,Khagrachari Sadar Pouro Bazar,Rice-Boro-Fine,2026,Kilogram,75.67--89.63,82.65,Quintal,"7,067.12--8,396.58","7,731.85"
Chattagram,Khagrachhari,Khagrachhari Sadar,Khagrachari Sadar Pouro Bazar,Chinigura Rice,2026,Kilogram,96.34--107.23,101.78,Quintal,"9,089.04--10,178.08","9,633.56"
Chattagram,Khagrachhari,Khagrachhari Sadar,Khagrachari Sadar Pouro Bazar,Kalojira,2026,Kilogram,140--145,142.5,Quintal,"13,500--14,000","13,750"
Chattagram,Khagrachhari,Khagrachhari Sadar,Khagrachari Sadar Pouro Bazar,Kataribhog,2026,Kilogram,78.65--90.45,84.55,Quintal,"7,346.58--8,526.71","7,936.64"
Chattagram,Khagrachhari,Matiranga,Matiranga Bazar,Rice - Aman-Fine,2026,Kilogram,75--90,82.5,Quintal,"7,000--8,400","7,700"
Chattagram,Khagrachhari,Matiranga,Matiranga Bazar,Rice - Aman - Medium,2026,Kilogram,53--57,55,Quintal,"4,800--5,200","5,000"
Chattagram,Khagrachhari,Matiranga,Matiranga Bazar,Rice - Aman - Coarse,2026,Kilogram,48--50,49,Quintal,"4,200--4,400","4,300"
Chattagram,Khagrachhari,Matiranga,Matiranga Bazar,Rice - Boro - Pajam,2026,Kilogram,53--57,55,Quintal,"4,800--5,200","5,000"
Chattagram,Khagrachhari,Matiranga,Matiranga Bazar,Chinigura Rice,2026,Kilogram,95--105,100,Quintal,"9,000--10,000","9,500"
Chattagram,Bandarban,Bandarban Sadar,Bandarban Sadar Bazar,Rice - Aman - Medium,2025,Kilogram,62--66,64,Quintal,"5,800--6,000","5,900"
Chattagram,Bandarban,Bandarban Sadar,Bandarban Sadar Bazar,Rice - Aman - Coarse,2025,Kilogram,47--50,48.5,Quintal,"4,500--4,600","4,550"
Chattagram,Bandarban,Bandarban Sadar,Bandarban Sadar Bazar,Rice - Atap,2025,Kilogram,58--64,61,Quintal,"5,400--5,800","5,600"
Chattagram,Bandarban,Bandarban Sadar,Bandarban Sadar Bazar,Ricel-Boro-Mota,2025,Kilogram,49.88--52,50.94,Quintal,"4,500--4,800","4,650"
Chattagram,Bandarban,Bandarban Sadar,Bandarban Sadar Bazar,Rice-Boro-Medium,2025,Kilogram,60.09--65.03,62.56,Quintal,"5,608.82--6,000","5,804.41"
Chattagram,Bandarban,Bandarban Sadar,Bandarban Sadar Bazar,Rice-Boro-Fine,2025,Kilogram,75--79.94,77.47,Quintal,"7,005.88--7,500","7,252.94"
Chattagram,Bandarban,Bandarban Sadar,Bandarban Sadar Bazar,Chinigura Rice,2025,Kilogram,120--140,130,Quintal,"11,000--13,000","12,000"
Chattagram,Bandarban,Bandarban Sadar,Bandarban Sadar Bazar,Rice - Aman - Medium,2026,Kilogram,62.2--66.26,64.23,Quintal,"5,813.25--6,033.11","5,923.18"
Chattagram,Bandarban,Bandarban Sadar,Bandarban Sadar Bazar,Rice - Aman - Coarse,2026,Kilogram,47.07--50,48.53,Quintal,"4,500--4,600","4,550"
Chattagram,Bandarban,Bandarban Sadar,Bandarban Sadar Bazar,Rice - Atap,2026,Kilogram,58--64,61,Quintal,"5,400--5,800","5,600"
Chattagram,Bandarban,Bandarban Sadar,Bandarban Sadar Bazar,Ricel-Boro-Mota,2026,Kilogram,49.58--51.58,50.58,Quintal,"4,478.81--4,757.62","4,618.21"
Chattagram,Bandarban,Bandarban Sadar,Bandarban Sadar Bazar,Rice-Boro-Medium,2026,Kilogram,60--65,62.5,Quintal,"5,600--6,000","5,800"
Chattagram,Bandarban,Bandarban Sadar,Bandarban Sadar Bazar,Rice-Boro-Fine,2026,Kilogram,75.33--80.33,77.83,Quintal,"7,033.11--7,533.11","7,283.11"
Chattagram,Bandarban,Bandarban Sadar,Bandarban Sadar Bazar,Chinigura Rice,2026,Kilogram,120--150.4,135.2,Quintal,"11,000--14,013.25","12,506.62"
Chattagram,Bandarban,Bandarban Sadar,Bandarban Sadar Bazar,Rice - Aman-Fine,2026,Kilogram,75.48--85,80.24,Quintal,"7,228.57--7,800","7,514.29"
Chattagram,Bandarban,Lama,Lama Bazar,Rice - Aman-Fine,2026,Kilogram,75--80,77.5,Quintal,"7,200--7,300","7,250"
Chattagram,Bandarban,Lama,Lama Bazar,Rice - Aman - Medium,2026,Kilogram,65--68,66.5,Quintal,"5,800--5,900","5,850"
Chattagram,Bandarban,Lama,Lama Bazar,Rice - Aman - Coarse,2026,Kilogram,41.66--43.28,42.47,Quintal,"3,767.21--3,926.23","3,846.72"
Rajshahi,Sirajganj,Sirajganj Sadar,Sirajganj Sadar Bazar,Rice-Boro-Hybrid -Fine,2025,Kilogram,68--71.89,69.94,Quintal,"6,444.44--6,822.22","6,633.33"
Rajshahi,Sirajganj,Sirajganj Sadar,Sirajganj Sadar Bazar,Rice - Boro - Hybrid - Medium,2025,Kilogram,56.67--60.22,58.44,Quintal,"5,311.11--5,666.67","5,488.89"
Rajshahi,Sirajganj,Sirajganj Sadar,Sirajganj Sadar Bazar,Rice - Amon - Hybrid - Narrow,2025,Kilogram,72.78--77.33,75.06,Quintal,"6,822.22--7,277.78","7,050"
Rajshahi,Sirajganj,Sirajganj Sadar,Sirajganj Sadar Bazar,Rice - Amon - Hybrid - Medium,2025,Kilogram,57.11--63.33,60.22,Quintal,"5,311.11--5,933.33","5,622.22"
Rajshahi,Sirajganj,Sirajganj Sadar,Sirajganj Sadar Bazar,Ricel-Boro-Mota,2025,Kilogram,52.67--54.67,53.67,Quintal,"4,911.11--5,111.11","5,011.11"
Rajshahi,Sirajganj,Sirajganj Sadar,Sirajganj Sadar Bazar,Rice-Boro-Hybrid -Fine,2026,Kilogram,72--76,74,Quintal,"6,866.67--7,183.33","7,025"
Rajshahi,Sirajganj,Sirajganj Sadar,Sirajganj Sadar Bazar,Rice - Boro - Hybrid - Medium,2026,Kilogram,55.67--60,57.83,Quintal,"5,200--5,533.33","5,366.67"
Rajshahi,Sirajganj,Sirajganj Sadar,Sirajganj Sadar Bazar,Rice - Amon - Hybrid - Narrow,2026,Kilogram,74--76,75,Quintal,"7,200--7,300","7,250"
Rajshahi,Sirajganj,Sirajganj Sadar,Sirajganj Sadar Bazar,Rice - Amon - Hybrid - Medium,2026,Kilogram,55--60,57.5,Quintal,"5,200--5,400","5,300"
Rajshahi,Sirajganj,Sirajganj Sadar,Sirajganj Sadar Bazar,Ricel-Boro-Mota,2026,Kilogram,47.67--49.67,48.67,Quintal,"4,533.33--4,733.33","4,633.33"
Rajshahi,Pabna,Pabna Sadar,"Sadar Bazar, Pabna",Rice-Boro-Hybrid -Fine,2025,Kilogram,72.49--93.15,82.82,Quintal,"6,916.3--8,908.33","7,912.32"
Rajshahi,Pabna,Pabna Sadar,"Sadar Bazar, Pabna",Rice - Boro - Hybrid - Medium,2025,Kilogram,60.12--70.62,65.37,Quintal,"5,620.29--6,806.16","6,213.22"
Rajshahi,Pabna,Pabna Sadar,"Sadar Bazar, Pabna",Ricel-Boro-Mota,2025,Kilogram,49.67--51.43,50.55,Quintal,"4,675.36--4,856.52","4,765.94"
Rajshahi,Pabna,Pabna Sadar,"Sadar Bazar, Pabna",Rice-Boro-Hybrid -Fine,2026,Kilogram,70--95,82.5,Quintal,"6,600--9,033.12","7,816.56"
Rajshahi,Pabna,Pabna Sadar,"Sadar Bazar, Pabna",Rice - Boro - Hybrid - Medium,2026,Kilogram,60--70,65,Quintal,"5,600--6,650","6,125"
Rajshahi,Pabna,Pabna Sadar,"Sadar Bazar, Pabna",Ricel-Boro-Mota,2026,Kilogram,48--50,49,Quintal,"4,400--4,600","4,500"
Rajshahi,Pabna,Pabna Sadar,"Sadar Bazar, Pabna",Chinigura Rice,2026,Kilogram,135.37--157.59,146.48,Quintal,0--0,0
Rajshahi,Bogura,Bogra Sadar,Bogra Sadar Bazar,Rice - Aman-Fine,2025,Kilogram,75.76--78.91,77.34,Quintal,"7,176.47--7,376.47","7,276.47"
Rajshahi,Bogura,Bogra Sadar,Bogra Sadar Bazar,Rice - Aman - Medium,2025,Kilogram,63.62--65.94,64.78,Quintal,"5,600--6,200","5,900"
Rajshahi,Bogura,Bogra Sadar,Bogra Sadar Bazar,Rice - Aman - Coarse,2025,Kilogram,50--52,51,Quintal,"4,700--4,800","4,750"
Rajshahi,Bogura,Bogra Sadar,Bogra Sadar Bazar,Rice-Boro-Hybrid -Fine,2025,Kilogram,75.26--78.94,77.1,Quintal,"7,147.06--7,355.88","7,251.47"
Rajshahi,Bogura,Bogra Sadar,Bogra Sadar Bazar,Ricel-Boro-Mota,2025,Kilogram,50--52,51,Quintal,"4,700--4,800","4,750"
Rajshahi,Bogura,Bogra Sadar,Bogra Sadar Bazar,Rice-Boro-Medium,2025,Kilogram,60--65,62.5,Quintal,"5,600--6,000","5,800"
Rajshahi,Bogura,Bogra Sadar,Bogra Sadar Bazar,Rice - Aman-Fine,2026,Kilogram,72.72--76.36,74.54,Quintal,"7,035.85--7,235.85","7,135.85"
Rajshahi,Bogura,Bogra Sadar,Bogra Sadar Bazar,Rice - Aman - Medium,2026,Kilogram,57.92--62.55,60.24,Quintal,"5,392.45--5,888.68","5,640.57"
Rajshahi,Bogura,Bogra Sadar,Bogra Sadar Bazar,Rice - Aman - Coarse,2026,Kilogram,50--52,51,Quintal,"4,700--4,800","4,750"
Rajshahi,Bogura,Bogra Sadar,Bogra Sadar Bazar,Rice-Boro-Hybrid -Fine,2026,Kilogram,75.41--78.82,77.12,Quintal,"7,200--7,400","7,300"
Rajshahi,Bogura,Bogra Sadar,Bogra Sadar Bazar,Ricel-Boro-Mota,2026,Kilogram,50--52,51,Quintal,"4,700--4,800","4,750"
Rajshahi,Bogura,Bogra Sadar,Bogra Sadar Bazar,Rice-Boro-Medium,2026,Kilogram,60--65.66,62.83,Quintal,"5,600--6,000","5,800"
Rajshahi,Bogura,Sherpur,Sherpur Sadar Bazar (Baroduari Bazar),Rice - Aman-Fine,2026,Kilogram,76--78,77,Quintal,"7,200--7,400","7,300"
Rajshahi,Bogura,Sherpur,Sherpur Sadar Bazar (Baroduari Bazar),Rice - Aman - Medium,2026,Kilogram,62--64.56,63.28,Quintal,"5,656.25--6,256.25","5,956.25"
Rajshahi,Bogura,Sherpur,Sherpur Sadar Bazar (Baroduari Bazar),Rice - Aman - Coarse,2026,Kilogram,51.13--53.13,52.13,Quintal,"4,756.25--4,912.5","4,834.38"
Rajshahi,Rajshahi,Puthia,Baneshor Bazar,Rice - Aman - Coarse,2025,Kilogram,48--50,49,Quintal,"4,600--4,700","4,650"
Rajshahi,Rajshahi,Puthia,Baneshor Bazar,Rice - Boro - Hybrid - Medium,2025,Kilogram,60--65,62.5,Quintal,"5,800--6,200","6,000"
Rajshahi,Rajshahi,Puthia,Baneshor Bazar,Rice-Boro-Fine,2025,Kilogram,75--82,78.5,Quintal,"7,000--8,000","7,500"
Rajshahi,Rajshahi,Puthia,Baneshor Bazar,Rice - Aman - Coarse,2026,Kilogram,49.27--53.17,51.22,Quintal,"4,600--4,890.24","4,745.12"
Rajshahi,Rajshahi,Puthia,Baneshor Bazar,Rice - Boro - Hybrid - Medium,2026,Kilogram,57.46--65,61.23,Quintal,"5,546.34--6,200","5,873.17"
Rajshahi,Rajshahi,Puthia,Baneshor Bazar,Rice-Boro-Fine,2026,Kilogram,74.27--79.02,76.65,Quintal,"7,126.83--7,551.22","7,339.02"
Rajshahi,Rajshahi,Godagari,Godagari Sadar Bazar,Rice - Aush - Coarse,2026,Kilogram,0--0,0,Quintal,0--0,0
Rajshahi,Rajshahi,Godagari,Godagari Sadar Bazar,Rice - Aman-Fine,2026,Kilogram,78.19--83.15,80.67,Quintal,"7,595.56--7,992.59","7,794.07"
Rajshahi,Rajshahi,Godagari,Godagari Sadar Bazar,Rice - Aman - Medium,2026,Kilogram,62.32--68.87,65.6,Quintal,"5,958.52--6,657.04","6,307.78"
Rajshahi,Rajshahi,Godagari,Godagari Sadar Bazar,Rice - Aman - Coarse,2026,Kilogram,50.62--56.08,53.35,Quintal,"4,615.56--5,211.11","4,913.33"
Rajshahi,Rajshahi,Godagari,Godagari Sadar Bazar,Ricel-Boro-Mota,2026,Kilogram,0--0,0,Quintal,0--0,0
Rajshahi,Rajshahi,Godagari,Godagari Sadar Bazar,Rice-Boro-Medium,2026,Kilogram,0--0,0,Quintal,0--0,0
Rajshahi,Rajshahi,Godagari,Godagari Sadar Bazar,Rice-Boro-Fine,2026,Kilogram,0--0,0,Quintal,0--0,0
Rajshahi,Rajshahi,Rajshahi City Corporation,Rajshahi Sadar Bazar,Rice - Aman - Medium,2025,Kilogram,65--70.53,67.77,Quintal,"6,200--6,849.62","6,524.81"
Rajshahi,Rajshahi,Rajshahi City Corporation,Rajshahi Sadar Bazar,Rice - Amon - Hybrid - Coarse,2025,Kilogram,52--60,56,Quintal,"5,000--5,700","5,350"
Rajshahi,Rajshahi,Rajshahi City Corporation,Rajshahi Sadar Bazar,Rice - Amon - Hybrid - Narrow,2025,Kilogram,79.16--83.95,81.55,Quintal,"7,715.79--8,115.79","7,915.79"
Rajshahi,Rajshahi,Rajshahi City Corporation,Rajshahi Sadar Bazar,Rice - Aman - Medium,2026,Kilogram,62.58--69.53,66.06,Quintal,"5,980.52--6,715.58","6,348.05"
Rajshahi,Rajshahi,Rajshahi City Corporation,Rajshahi Sadar Bazar,Rice - Amon - Hybrid - Coarse,2026,Kilogram,50.91--57.27,54.09,Quintal,"4,727.27--5,318.18","5,022.73"
Rajshahi,Rajshahi,Rajshahi City Corporation,Rajshahi Sadar Bazar,Rice - Amon - Hybrid - Narrow,2026,Kilogram,78.93--83.93,81.43,Quintal,"7,671.43--8,071.43","7,871.43"
Rajshahi,Natore,Natore Sadar,Nator Bazar,Rice-Boro-Hybrid -Fine,2025,Kilogram,66.2--69.61,67.91,Quintal,"6,420.29--6,760.87","6,590.58"
Rajshahi,Natore,Natore Sadar,Nator Bazar,Rice - Amon - Hybrid - Narrow,2025,Kilogram,74--75,74.5,Quintal,"7,200--7,300","7,250"
Rajshahi,Natore,Natore Sadar,Nator Bazar,Rice - Boro - Hybrid - Coarse,2025,Kilogram,45.46--47.21,46.33,Quintal,"4,345.74--4,520.93","4,433.33"
Rajshahi,Natore,Natore Sadar,Nator Bazar,Rice-Boro-Medium,2025,Kilogram,57.49--60.83,59.16,Quintal,"5,549.28--5,883.33","5,716.30"
Rajshahi,Natore,Natore Sadar,Nator Bazar,Chinigura Rice,2025,Kilogram,118--120,119,Quintal,"11,200--11,400","11,300"
Rajshahi,Natore,Natore Sadar,Nator Bazar,Kalojira,2025,Kilogram,100--105,102.5,Quintal,"9,500--10,000","9,750"
Rajshahi,Natore,Natore Sadar,Nator Bazar,Rice - Aman - Medium,2025,Kilogram,56--58,57,Quintal,"5,400--5,600","5,500"
Rajshahi,Natore,Natore Sadar,Nator Bazar,Rice - Aman - Coarse,2025,Kilogram,52--54,53,Quintal,"5,000--5,200","5,100"
Rajshahi,Natore,Natore Sadar,Nator Bazar,Rice - Aman - Medium,2026,Kilogram,56--58,57,Quintal,"5,400--5,600","5,500"
Rajshahi,Natore,Natore Sadar,Nator Bazar,Rice - Aman - Coarse,2026,Kilogram,52--54,53,Quintal,"5,000--5,200","5,100"
Rajshahi,Natore,Natore Sadar,Nator Bazar,Rice-Boro-Hybrid -Fine,2026,Kilogram,66--70,68,Quintal,"6,400--6,800","6,600"
Rajshahi,Natore,Natore Sadar,Nator Bazar,Rice-Boro-Medium,2026,Kilogram,56--60,58,Quintal,"5,400--5,800","5,600"
Rajshahi,Natore,Natore Sadar,Nator Bazar,Chinigura Rice,2026,Kilogram,131.87--137.01,134.44,Quintal,"12,637.11--13,151.57","12,894.34"
Rajshahi,Natore,Natore Sadar,Nator Bazar,Kalojira,2026,Kilogram,115.17--120.17,117.67,Quintal,"11,017.12--11,517.12","11,267.12"
Rajshahi,Natore,Natore Sadar,Nator Bazar,Rice - Boro - Hybrid - Coarse,2026,Kilogram,48--50,49,Quintal,"4,600--4,800","4,700"
Rajshahi,Joypurhat,Joypurhat Sadar,Joypurhat Sadar Bazar,Rice - Aman - Medium,2025,Kilogram,63.17--64.64,63.91,Quintal,"6,068.89--6,182.96","6,125.93"
Rajshahi,Joypurhat,Joypurhat Sadar,Joypurhat Sadar Bazar,Rice - Aman - Coarse,2025,Kilogram,55.46--56.84,56.15,Quintal,"5,313.33--5,448.15","5,380.74"
Rajshahi,Joypurhat,Joypurhat Sadar,Joypurhat Sadar Bazar,Rice-Boro-Hybrid -Fine,2025,Kilogram,70.56--72.59,71.58,Quintal,"6,788.89--6,931.85","6,860.37"
Rajshahi,Joypurhat,Joypurhat Sadar,Joypurhat Sadar Bazar,Rice - Boro - Hybrid - Medium,2025,Kilogram,61.21--63.07,62.14,Quintal,"5,899.26--6,046.67","5,972.96"
Rajshahi,Joypurhat,Joypurhat Sadar,Joypurhat Sadar Bazar,Rice - Amon - Hybrid - Narrow,2025,Kilogram,74.21--76.18,75.19,Quintal,"7,206.67--7,314.07","7,260.37"
Rajshahi,Joypurhat,Joypurhat Sadar,Joypurhat Sadar Bazar,Rice - Boro - Hybrid - Coarse,2025,Kilogram,53.67--54.94,54.3,Quintal,"5,147.83--5,255.07","5,201.45"
Rajshahi,Joypurhat,Joypurhat Sadar,Joypurhat Sadar Bazar,Rice - Aman - Medium,2026,Kilogram,57.33--59.11,58.22,Quintal,"5,541.46--5,709.76","5,625.61"
Rajshahi,Joypurhat,Joypurhat Sadar,Joypurhat Sadar Bazar,Rice - Aman - Coarse,2026,Kilogram,49.77--51.67,50.72,Quintal,"4,800.81--4,962.6","4,881.71"
Rajshahi,Joypurhat,Joypurhat Sadar,Joypurhat Sadar Bazar,Rice-Boro-Hybrid -Fine,2026,Kilogram,66.55--70.59,68.57,Quintal,"6,452.85--6,836.59","6,644.72"
Rajshahi,Joypurhat,Joypurhat Sadar,Joypurhat Sadar Bazar,Rice - Boro - Hybrid - Medium,2026,Kilogram,57.63--59.12,58.38,Quintal,"5,585.37--5,734.15","5,659.76"
Rajshahi,Joypurhat,Joypurhat Sadar,Joypurhat Sadar Bazar,Rice - Amon - Hybrid - Narrow,2026,Kilogram,67.24--71.36,69.3,Quintal,"6,532.52--6,920.33","6,726.42"
Rajshahi,Joypurhat,Joypurhat Sadar,Joypurhat Sadar Bazar,Rice - Boro - Hybrid - Coarse,2026,Kilogram,49.71--51.41,50.56,Quintal,"4,794.31--4,955.28","4,874.80"
Rajshahi,Chapainawabganj,Chapainawabganj Sadar,Chapainawabganj Sadar Bazar,Rice - Aman - Coarse,2025,Kilogram,54.99--56.68,55.84,Quintal,"5,178.95--5,271.35","5,225.15"
Rajshahi,Chapainawabganj,Chapainawabganj Sadar,Chapainawabganj Sadar Bazar,Rice-Boro-Hybrid -Fine,2025,Kilogram,75.62--78.7,77.16,Quintal,"7,132.33--7,583.46","7,357.89"
Rajshahi,Chapainawabganj,Chapainawabganj Sadar,Chapainawabganj Sadar Bazar,Rice - Boro - Hybrid - Medium,2025,Kilogram,66.74--71.22,68.98,Quintal,"6,299.58--6,694.74","6,497.16"
Rajshahi,Chapainawabganj,Chapainawabganj Sadar,Chapainawabganj Sadar Bazar,Rice - Boro - Hybrid - Coarse,2025,Kilogram,55.95--57.53,56.74,Quintal,"5,281.2--5,410.6","5,345.90"
Rajshahi,Chapainawabganj,Chapainawabganj Sadar,Chapainawabganj Sadar Bazar,Rice-Boro-Medium,2025,Kilogram,64--65,64.5,Quintal,"6,000--6,200","6,100"
Rajshahi,Chapainawabganj,Chapainawabganj Sadar,Chapainawabganj Sadar Bazar,Rice - Aman - Coarse,2026,Kilogram,46.45--47.86,47.16,Quintal,"4,292.41--4,470.63","4,381.52"
Rajshahi,Chapainawabganj,Chapainawabganj Sadar,Chapainawabganj Sadar Bazar,Rice-Boro-Hybrid -Fine,2026,Kilogram,70.27--75.75,73.01,Quintal,"6,636.71--7,269.62","6,953.16"
Rajshahi,Chapainawabganj,Chapainawabganj Sadar,Chapainawabganj Sadar Bazar,Rice - Boro - Hybrid - Coarse,2026,Kilogram,50.11--51.94,51.03,Quintal,"4,657.59--4,539.24","4,598.42"
Rajshahi,Chapainawabganj,Chapainawabganj Sadar,Chapainawabganj Sadar Bazar,Rice-Boro-Medium,2026,Kilogram,59.73--64.82,62.27,Quintal,"5,494.94--6,189.87","5,842.41"
Rajshahi,Chapainawabganj,Shibganj,Shibgonj Sadar Bazar,Rice - Aman - Coarse,2025,Kilogram,48--49,48.5,Quintal,"4,400--4,600","4,500"
Rajshahi,Chapainawabganj,Shibganj,Shibgonj Sadar Bazar,Rice-Boro-Hybrid -Fine,2025,Kilogram,75--77,76,Quintal,"7,200--7,400","7,300"
Rajshahi,Chapainawabganj,Shibganj,Shibgonj Sadar Bazar,Rice - Boro - Hybrid - Coarse,2025,Kilogram,56--58,57,Quintal,"5,400--5,600","5,500"
Rajshahi,Chapainawabganj,Shibganj,Shibgonj Sadar Bazar,Rice-Boro-Medium,2025,Kilogram,64--65,64.5,Quintal,"6,000--6,200","6,100"
Rajshahi,Chapainawabganj,Shibganj,Shibgonj Sadar Bazar,Rice - Aman - Coarse,2026,Kilogram,48.48--49.48,48.98,Quintal,"4,382.61--4,582.61","4,482.61"
Rajshahi,Chapainawabganj,Shibganj,Shibgonj Sadar Bazar,Rice-Boro-Hybrid -Fine,2026,Kilogram,70.74--75.73,73.24,Quintal,"6,697.84--7,287.77","6,992.81"
Rajshahi,Chapainawabganj,Shibganj,Shibgonj Sadar Bazar,Rice - Boro - Hybrid - Coarse,2026,Kilogram,50.42--52.13,51.28,Quintal,"4,726.62--4,865.83","4,796.22"
Rajshahi,Chapainawabganj,Shibganj,Shibgonj Sadar Bazar,Rice-Boro-Medium,2026,Kilogram,64.59--67.97,66.28,Quintal,"6,000--6,200","6,100"
Rajshahi,Naogaon,Naogaon Sadar,Naogaon Sadar Bazar,Rice - Boro - Hybrid - Coarse,2025,Kilogram,40--42,41,Quintal,"3,800--4,000","3,900"
Rajshahi,Naogaon,Naogaon Sadar,Naogaon Sadar Bazar,Rice-Boro-Medium,2025,Kilogram,58.87--60.91,59.89,Quintal,"5,686.86--5,890.51","5,788.69"
Rajshahi,Naogaon,Naogaon Sadar,Naogaon Sadar Bazar,Rice-Boro-Fine,2025,Kilogram,70.85--76.46,73.66,Quintal,"6,885.4--7,445.99","7,165.69"
Rajshahi,Naogaon,Naogaon Sadar,Naogaon Sadar Bazar,Rice-Boro-Medium,2026,Kilogram,60--62,61,Quintal,"5,800--6,000","5,900"
Rajshahi,Naogaon,Naogaon Sadar,Naogaon Sadar Bazar,Rice-Boro-Fine,2026,Kilogram,72.63--76.63,74.63,Quintal,"7,063.29--7,463.29","7,263.29"
Rajshahi,Naogaon,Naogaon Sadar,Naogaon Sadar Bazar,Ricel-Boro-Mota,2026,Kilogram,50--52,51,Quintal,"4,800--5,000","4,900"
Rajshahi,Naogaon,Sapahar,Sapahar Market,Rice -Boro-Local,2025,Kilogram,40--42,41,Quintal,"3,800--4,000","3,900"
Rajshahi,Naogaon,Sapahar,Sapahar Market,Rice-Boro-Medium,2025,Kilogram,58.75--62.75,60.75,Quintal,"5,600--6,025","5,812.50"
Rajshahi,Naogaon,Sapahar,Sapahar Market,Chinigura Rice,2025,Kilogram,128--130,129,Quintal,"12,000--12,200","12,100"
Rajshahi,Naogaon,Sapahar,Sapahar Market,Rice-Boro-Fine,2025,Kilogram,72--78,75,Quintal,"7,000--7,600","7,300"
Rajshahi,Naogaon,Sapahar,Sapahar Market,Rice-Boro-Medium,2026,Kilogram,60--65,62.5,Quintal,"5,800--6,300","6,050"
Rajshahi,Naogaon,Sapahar,Sapahar Market,Rice-Boro-Fine,2026,Kilogram,72--78,75,Quintal,"7,000--7,600","7,300"
Rajshahi,Naogaon,Sapahar,Sapahar Market,Chinigura Rice,2026,Kilogram,128--130,129,Quintal,"12,000--12,200","12,100"
Khulna,Jashore,Manirampur,"Manirampur Bazar, Jessore",Rice-Boro-Hybrid -Fine,2026,Kilogram,66--70,68,Quintal,"6,400--6,800","6,600"
Khulna,Jashore,Manirampur,"Manirampur Bazar, Jessore",Rice - Boro - Hybrid - Medium,2026,Kilogram,56.58--61.58,59.08,Quintal,"5,379.17--5,579.17","5,479.17"
Khulna,Jashore,Manirampur,"Manirampur Bazar, Jessore",Rice - Boro - Hybrid - Coarse,2026,Kilogram,48--52,50,Quintal,"4,500--4,800","4,650"
Khulna,Jashore,Jessore Sadar,Jessore Sadar Bazar,Rice-Boro-Hybrid -Fine,2025,Kilogram,67.12--73.57,70.34,Quintal,"6,353.73--6,704.48","6,529.10"
Khulna,Jashore,Jessore Sadar,Jessore Sadar Bazar,Rice - Boro - Hybrid - Medium,2025,Kilogram,60.96--65.18,63.07,Quintal,"5,759.7--6,108.96","5,934.33"
Khulna,Jashore,Jessore Sadar,Jessore Sadar Bazar,Rice - Boro - Hybrid - Coarse,2025,Kilogram,53.7--56.08,54.89,Quintal,"5,100--5,279.1","5,189.55"
Khulna,Jashore,Jessore Sadar,Jessore Sadar Bazar,Rice-Boro-Hybrid -Fine,2026,Kilogram,64.9--69.55,67.22,Quintal,"6,332.47--6,601.3","6,466.88"
Khulna,Jashore,Jessore Sadar,Jessore Sadar Bazar,Rice - Boro - Hybrid - Medium,2026,Kilogram,57.91--62.48,60.19,Quintal,"5,440.26--5,696.1","5,568.18"
Khulna,Jashore,Jessore Sadar,Jessore Sadar Bazar,Rice - Boro - Hybrid - Coarse,2026,Kilogram,39.05--51.1,49.46,Quintal,"4,505.19--4,794.81","4,650"
Khulna,Jashore,Sharsha,Sharsha Bazar,Rice-Boro-Fine,2026,Kilogram,63--65,64,Quintal,"5,800--6,200","6,000"
Khulna,Jashore,Sharsha,Sharsha Bazar,Rice - Boro - Hybrid - Medium,2026,Kilogram,54--58,56,Quintal,"5,200--5,400","5,300"
Khulna,Jashore,Sharsha,Sharsha Bazar,Ricel-Boro-Mota,2026,Kilogram,48--50,49,Quintal,"4,600--4,800","4,700"
Khulna,Jashore,Sharsha,Navaron Bazar,Rice - Boro - Hybrid - Medium,2026,Kilogram,54.79--59.16,56.97,Quintal,"5,200--5,452.63","5,326.32"
Khulna,Jashore,Sharsha,Navaron Bazar,Ricel-Boro-Mota,2026,Kilogram,46.11--49.58,47.84,Quintal,"4,410.53--4,610.53","4,510.53"
Khulna,Jashore,Sharsha,Navaron Bazar,Rice-Boro-Fine,2026,Kilogram,61.05--65.79,63.42,Quintal,"5,705.26--6,105.26","5,905.26"
Khulna,Satkhira,Kalaroa,Kalaroa Bazar,Rice-Boro-Hybrid -Fine,2026,Kilogram,66.1--69.72,67.91,Quintal,"6,353.05--6,730.28","6,541.67"
Khulna,Satkhira,Kalaroa,Kalaroa Bazar,Rice - Boro - Hybrid - Medium,2026,Kilogram,55.53--57.19,56.36,Quintal,"5,304.13--5,438.02","5,371.07"
Khulna,Satkhira,Kalaroa,Kalaroa Bazar,Rice - Amon - Hybrid - Coarse,2026,Kilogram,48.86--50.86,49.86,Quintal,"4,629.37--4,762.7","4,696.03"
Khulna,Satkhira,Kalaroa,Kalaroa Bazar,Rice - Amon - Hybrid - Medium,2026,Kilogram,53.25--54.68,53.97,Quintal,"4,998.41--5,098.41","5,048.41"
Khulna,Satkhira,Kalaroa,Kalaroa Bazar,Rice - Boro - Hybrid - Coarse,2026,Kilogram,50--52,51,Quintal,"4,700--4,800","4,750"
Khulna,Satkhira,Satkhira Sadar,"Sultanpur Bazar, Satkhira",Rice-Boro-Hybrid -Fine,2025,Kilogram,74.08--78.34,76.21,Quintal,"7,043.8--7,489.78","7,266.79"
Khulna,Satkhira,Satkhira Sadar,"Sultanpur Bazar, Satkhira",Rice - Boro - Hybrid - Medium,2025,Kilogram,63.39--64.63,64.01,Quintal,"5,984.67--6,108.03","6,046.35"
Khulna,Satkhira,Satkhira Sadar,"Sultanpur Bazar, Satkhira",Ricel-Boro-Mota,2025,Kilogram,52.5--53.5,53,Quintal,"4,949.56--5,049.56","4,999.56"
Khulna,Satkhira,Satkhira Sadar,"Sultanpur Bazar, Satkhira",Chinigura Rice,2025,Kilogram,120--125,122.5,Quintal,"11,500--12,000","11,750"
Khulna,Satkhira,Satkhira Sadar,"Sultanpur Bazar, Satkhira",Kalojira,2025,Kilogram,125--130,127.5,Quintal,"12,000--12,500","12,250"
Khulna,Satkhira,Satkhira Sadar,"Sultanpur Bazar, Satkhira",Kataribhog,2025,Kilogram,100--105,102.5,Quintal,"9,500--10,000","9,750"
Khulna,Satkhira,Satkhira Sadar,"Sultanpur Bazar, Satkhira",Rice - Amon - Hybrid - Medium,2025,Kilogram,55.93--57.29,56.61,Quintal,"5,257.14--5,357.14","5,307.14"
Khulna,Satkhira,Satkhira Sadar,"Sultanpur Bazar, Satkhira",Rice - Amon - Hybrid - Coarse,2025,Kilogram,50.86--52.18,51.52,Quintal,"4,717.86--4,817.86","4,767.86"
Khulna,Satkhira,Satkhira Sadar,"Sultanpur Bazar, Satkhira",Rice-Boro-Hybrid -Fine,2026,Kilogram,68.44--74.03,71.23,Quintal,"6,450--7,002.53","6,726.27"
Khulna,Satkhira,Satkhira Sadar,"Sultanpur Bazar, Satkhira",Rice - Boro - Hybrid - Medium,2026,Kilogram,58.11--59.59,58.85,Quintal,"5,479.11--5,579.11","5,529.11"
Khulna,Satkhira,Satkhira Sadar,"Sultanpur Bazar, Satkhira",Rice - Amon - Hybrid - Coarse,2026,Kilogram,49.78--50.93,50.35,Quintal,"4,668.42--4,768.42","4,718.42"
Khulna,Satkhira,Satkhira Sadar,"Sultanpur Bazar, Satkhira",Rice - Amon - Hybrid - Medium,2026,Kilogram,53.26--54.26,53.76,Quintal,"4,988.42--5,088.42","5,038.42"
Khulna,Satkhira,Satkhira Sadar,"Sultanpur Bazar, Satkhira",Chinigura Rice,2026,Kilogram,140.03--145.76,142.9,Quintal,"13,392.41--13,965.19","13,678.80"
Khulna,Satkhira,Satkhira Sadar,"Sultanpur Bazar, Satkhira",Kalojira,2026,Kilogram,131.79--136.79,134.29,Quintal,"12,678.86--13,178.86","12,928.86"
Khulna,Satkhira,Satkhira Sadar,"Sultanpur Bazar, Satkhira",Kataribhog,2026,Kilogram,100--105,102.5,Quintal,"9,500--10,000","9,750"
Khulna,Satkhira,Satkhira Sadar,"Sultanpur Bazar, Satkhira",Rice - Boro - Hybrid - Coarse,2026,Kilogram,48.89--50.01,49.45,Quintal,"4,610--4,710","4,660"
Khulna,Meherpur,Meherpur Sadar,Meherpur Sadar Bazar,Rice-Boro-Hybrid -Fine,2025,Kilogram,75.15--78.62,76.89,Quintal,"7,347.86--7,562.86","7,455.36"
Khulna,Meherpur,Meherpur Sadar,Meherpur Sadar Bazar,Rice - Boro - Hybrid - Medium,2025,Kilogram,62.26--65.85,64.05,Quintal,"6,022.14--6,286.43","6,154.29"
Khulna,Meherpur,Meherpur Sadar,Meherpur Sadar Bazar,Rice - Boro - Hybrid - Coarse,2025,Kilogram,51.07--54.94,53,Quintal,"4,913.43--5,195.71","5,054.57"
Khulna,Meherpur,Meherpur Sadar,Meherpur Sadar Bazar,Rice-Boro-Hybrid -Fine,2026,Kilogram,74.89--78.6,76.74,Quintal,"7,288.59--7,626.85","7,457.72"
Khulna,Meherpur,Meherpur Sadar,Meherpur Sadar Bazar,Rice - Boro - Hybrid - Medium,2026,Kilogram,60.97--65,62.98,Quintal,"5,896.64--6,200","6,048.32"
Khulna,Meherpur,Meherpur Sadar,Meherpur Sadar Bazar,Rice - Boro - Hybrid - Coarse,2026,Kilogram,48.93--51.17,50.05,Quintal,"4,682.55--4,858.39","4,770.47"
Khulna,Meherpur,Gangni,Gangni Bazar,Rice - Boro - Hybrid - Medium,2026,Kilogram,62--65,63.5,Quintal,"5,800--6,200","6,000"
Khulna,Meherpur,Gangni,Gangni Bazar,Rice - Boro - Hybrid - Coarse,2026,Kilogram,50--52,51,Quintal,"4,800--5,000","4,900"
Khulna,Meherpur,Gangni,Gangni Bazar,Ricel-Boro-Mota,2026,Kilogram,50--52,51,Quintal,"4,708.7--4,839.13","4,773.91"
Khulna,Meherpur,Gangni,Gangni Bazar,Rice-Boro-Medium,2026,Kilogram,61.22--65,63.11,Quintal,"5,708.7--6,139.13","5,923.91"
Khulna,Meherpur,Gangni,Gangni Bazar,Rice-Boro-Fine,2026,Kilogram,70.78--75,72.89,Quintal,"6,686.96--7,139.13","6,913.04"
Khulna,Narail,Narail Sadar,Rupganj Bazar,Rice-Boro-Hybrid -Fine,2025,Kilogram,68.94--70.94,69.94,Quintal,"6,694.12--6,894.12","6,794.12"
Khulna,Narail,Narail Sadar,Rupganj Bazar,Rice - Boro - Hybrid - Medium,2025,Kilogram,59.21--61.21,60.21,Quintal,"5,720.59--5,920.59","5,820.59"
Khulna,Narail,Narail Sadar,Rupganj Bazar,Rice - Boro - Hybrid - Coarse,2025,Kilogram,50.57--52.48,51.53,Quintal,"4,847.79--5,047.79","4,947.79"
Khulna,Narail,Narail Sadar,Rupganj Bazar,Chinigura Rice,2025,Kilogram,100--150,125,Quintal,"9,000--14,000","11,500"
Khulna,Narail,Narail Sadar,Rupganj Bazar,Kalojira,2025,Kilogram,100--150,125,Quintal,"9,000--14,000","11,500"
Khulna,Narail,Narail Sadar,Rupganj Bazar,Rice-Boro-Hybrid -Fine,2026,Kilogram,65.61--67.61,66.61,Quintal,"6,360.76--6,560.76","6,460.76"
Khulna,Narail,Narail Sadar,Rupganj Bazar,Rice - Boro - Hybrid - Medium,2026,Kilogram,56.41--58.41,57.41,Quintal,"5,440.51--5,640.51","5,540.51"
Khulna,Narail,Narail Sadar,Rupganj Bazar,Rice - Boro - Hybrid - Coarse,2026,Kilogram,47.2--49.2,48.2,Quintal,"4,520.25--4,720.25","4,620.25"
Khulna,Narail,Narail Sadar,Rupganj Bazar,Chinigura Rice,2026,Kilogram,107.09--157.09,132.09,Quintal,"9,462.03--14,569.62","12,015.82"
Khulna,Narail,Narail Sadar,Rupganj Bazar,Kalojira,2026,Kilogram,107.09--157.09,132.09,Quintal,"9,462.03--14,569.62","12,015.82"
Khulna,Chuadanga,Chuadanga Sadar,Chuadanga Sadar Bazaar,Rice - Boro - Hybrid - Medium,2025,Kilogram,59.9--63.82,61.86,Quintal,"5,762.22--6,177.04","5,969.63"
Khulna,Chuadanga,Chuadanga Sadar,Chuadanga Sadar Bazaar,Rice - Boro - Hybrid - Coarse,2025,Kilogram,53.36--55.01,54.18,Quintal,"5,215.48--5,402.38","5,308.93"
Khulna,Chuadanga,Chuadanga Sadar,Chuadanga Sadar Bazaar,Rice-Boro-Fine,2025,Kilogram,75.5--88.27,81.88,Quintal,"7,186.67--8,557.04","7,871.85"
Khulna,Chuadanga,Chuadanga Sadar,Chuadanga Sadar Bazaar,Chinigura Rice,2025,Kilogram,121.06--128.59,124.83,Quintal,"11,629.63--12,129.63","11,879.63"
Khulna,Chuadanga,Chuadanga Sadar,Chuadanga Sadar Bazaar,Kalojira,2025,Kilogram,111.63--118.93,115.28,Quintal,"10,603.7--11,392.59","10,998.15"
Khulna,Chuadanga,Chuadanga Sadar,Chuadanga Sadar Bazaar,Kataribhog,2025,Kilogram,100.82--105.7,103.26,Quintal,"9,565.19--10,056.3","9,810.74"
Khulna,Chuadanga,Chuadanga Sadar,Chuadanga Sadar Bazaar,Rice - Aush - Coarse,2025,Kilogram,50.14--52.18,51.16,Quintal,"4,842.35--5,047.06","4,944.71"
Khulna,Chuadanga,Chuadanga Sadar,Chuadanga Sadar Bazaar,Rice - Aman - Coarse,2025,Kilogram,48--50,49,Quintal,"4,680.77--4,861.54","4,771.15"
Khulna,Chuadanga,Chuadanga Sadar,Chuadanga Sadar Bazaar,Rice - Aman - Coarse,2026,Kilogram,45.87--48.01,46.94,Quintal,"4,405.38--4,593.85","4,499.62"
Khulna,Chuadanga,Chuadanga Sadar,Chuadanga Sadar Bazaar,Rice - Boro - Hybrid - Medium,2026,Kilogram,54.03--57.09,55.56,Quintal,"5,198.72--5,413.46","5,306.09"
Khulna,Chuadanga,Chuadanga Sadar,Chuadanga Sadar Bazaar,Rice - Aush - Coarse,2026,Kilogram,46.4--47.88,47.14,Quintal,"4,433.33--4,633.33","4,533.33"
Khulna,Chuadanga,Chuadanga Sadar,Chuadanga Sadar Bazaar,Rice-Boro-Fine,2026,Kilogram,70.51--84.72,77.62,Quintal,"6,632.05--8,134.62","7,383.33"
Khulna,Chuadanga,Chuadanga Sadar,Chuadanga Sadar Bazaar,Chinigura Rice,2026,Kilogram,144.58--156.06,150.32,Quintal,"13,887.82--14,593.59","14,240.71"
Khulna,Chuadanga,Chuadanga Sadar,Chuadanga Sadar Bazaar,Kalojira,2026,Kilogram,115.73--125.8,120.77,Quintal,"10,920.51--12,008.33","11,464.42"
Khulna,Chuadanga,Chuadanga Sadar,Chuadanga Sadar Bazaar,Kataribhog,2026,Kilogram,106.14--112.69,109.42,Quintal,"9,935.9--10,692.31","10,314.10"
Khulna,Chuadanga,Chuadanga Sadar,Chuadanga Sadar Bazaar,Ricel-Boro-Mota,2026,Kilogram,45.28--47.23,46.26,Quintal,"4,387.84--4,556.76","4,472.30"
Khulna,Chuadanga,Chuadanga Sadar,Chuadanga Sadar Bazaar,Rice-Boro-Medium,2026,Kilogram,58--62,60,Quintal,"5,400--5,800","5,600"
Khulna,Chuadanga,Chuadanga Sadar,Chuadanga Sadar Bazaar,Rice - Aush-medium,2026,Kilogram,50--54,52,Quintal,"4,800--5,200","5,000"
Khulna,Chuadanga,Damurhuda,Damurhuda Bazar,Rice-Boro-Fine,2026,Kilogram,68--81.29,74.65,Quintal,"6,523.53--7,792.94","7,158.24"
Khulna,Chuadanga,Damurhuda,Damurhuda Bazar,Rice-Boro-Medium,2026,Kilogram,55.29--60.65,57.97,Quintal,"5,264.71--5,800","5,532.35"
Khulna,Chuadanga,Damurhuda,Damurhuda Bazar,Rice - Boro - Hybrid - Coarse,2026,Kilogram,46--48,47,Quintal,"4,461.76--4,635.29","4,548.53"
Khulna,Chuadanga,Damurhuda,Damurhuda Bazar,Chinigura Rice,2026,Kilogram,198.52--208.52,203.52,Quintal,"18,814.81--19,814.81","19,314.81"
Khulna,Chuadanga,Damurhuda,Damurhuda Bazar,Kataribhog,2026,Kilogram,115--120,117.5,Quintal,"11,076.19--11,500","11,288.10"
Khulna,Chuadanga,Damurhuda,Damurhuda Bazar,Rice - Aush - Coarse,2026,Kilogram,45--46,45.5,Quintal,"4,400--4,500","4,450"
Khulna,Chuadanga,Damurhuda,Damurhuda Bazar,Rice - Aush-medium,2026,Kilogram,52--54,53,Quintal,"4,800--5,200","5,000"
Khulna,Kushtia,Kushtia Sadar,Kushtia Sadar Bazar,Rice-Boro-Hybrid -Fine,2025,Kilogram,64.31--74,69.15,Quintal,"6,230.88--7,169.12","6,700"
Khulna,Kushtia,Kushtia Sadar,Kushtia Sadar Bazar,Rice - Boro - Hybrid - Medium,2025,Kilogram,55.1--62,58.55,Quintal,"5,310.29--6,000","5,655.15"
Khulna,Kushtia,Kushtia Sadar,Kushtia Sadar Bazar,Rice - Boro - Hybrid - Coarse,2025,Kilogram,50.74--53.46,52.1,Quintal,"4,922.06--5,113.97","5,018.01"
Khulna,Kushtia,Kushtia Sadar,Kushtia Sadar Bazar,Rice-Boro-Hybrid -Fine,2026,Kilogram,65--75.49,70.25,Quintal,"6,279.94--7,221.66","6,750.80"
Khulna,Kushtia,Kushtia Sadar,Kushtia Sadar Bazar,Rice - Boro - Hybrid - Medium,2026,Kilogram,51.55--62.8,57.18,Quintal,"4,955.41--6,080.25","5,517.83"
Khulna,Kushtia,Kushtia Sadar,Kushtia Sadar Bazar,Rice - Boro - Hybrid - Coarse,2026,Kilogram,45.83--47.29,46.56,Quintal,"4,383.44--4,529.3","4,456.37"
Khulna,Magura,Magura Sadar,Magura Sadar Bazar,Rice - Aman-Fine,2025,Kilogram,69.17--77.52,73.34,Quintal,"6,544.83--7,379.31","6,962.07"
Khulna,Magura,Magura Sadar,Magura Sadar Bazar,Rice - Aman - Medium,2025,Kilogram,60.72--66.45,63.59,Quintal,"5,713.79--6,317.24","6,015.52"
Khulna,Magura,Magura Sadar,Magura Sadar Bazar,Rice - Aman - Coarse,2025,Kilogram,51.79--53.07,52.43,Quintal,"4,979.31--5,106.9","5,043.10"
Khulna,Magura,Magura Sadar,Magura Sadar Bazar,Ricel-Boro-Mota,2025,Kilogram,52.5--53.87,53.19,Quintal,"5,047.81--5,184.31","5,116.06"
Khulna,Magura,Magura Sadar,Magura Sadar Bazar,Rice-Boro-Medium,2025,Kilogram,59.81--67.1,63.46,Quintal,"5,635.77--6,351.82","5,993.80"
Khulna,Magura,Magura Sadar,Magura Sadar Bazar,Rice-Boro-Fine,2025,Kilogram,68.76--76.78,72.77,Quintal,"6,525.55--7,300.73","6,913.14"
Khulna,Magura,Magura Sadar,Magura Sadar Bazar,Rice - Aman-Fine,2026,Kilogram,64--74.02,69.01,Quintal,"6,100--7,025.29","6,562.64"
Khulna,Magura,Magura Sadar,Magura Sadar Bazar,Rice - Aman - Medium,2026,Kilogram,55.23--63.18,59.21,Quintal,"5,236.78--6,013.79","5,625.29"
Khulna,Magura,Magura Sadar,Magura Sadar Bazar,Rice - Aman - Coarse,2026,Kilogram,47.7--49.79,48.75,Quintal,"4,580.46--4,779.31","4,679.89"
Khulna,Magura,Magura Sadar,Magura Sadar Bazar,Ricel-Boro-Mota,2026,Kilogram,46.89--48.97,47.93,Quintal,"4,489.1--4,691.03","4,590.06"
Khulna,Magura,Magura Sadar,Magura Sadar Bazar,Rice-Boro-Medium,2026,Kilogram,57.62--65.58,61.6,Quintal,"5,493.59--6,214.1","5,853.85"
Khulna,Magura,Magura Sadar,Magura Sadar Bazar,Rice-Boro-Fine,2026,Kilogram,67.79--75.86,71.82,Quintal,"6,483.33--7,244.87","6,864.10"
Khulna,Khulna,Dumuria,Dumuria Bazar,Rice - Atap,2026,Kilogram,40.96--42.96,41.96,Quintal,"3,901.92--4,044.23","3,973.08"
Khulna,Khulna,Dumuria,Dumuria Bazar,Ricel-Boro-Mota,2026,Kilogram,42.5--46.02,44.26,Quintal,"4,038.46--4,371.15","4,204.81"
Khulna,Khulna,Dumuria,Dumuria Bazar,Rice-Boro-Medium,2026,Kilogram,50.85--57.9,54.38,Quintal,"4,853.85--5,550","5,201.92"
Khulna,Khulna,Dumuria,Dumuria Bazar,Rice-Boro-Fine,2026,Kilogram,70--80,75,Quintal,"6,698.08--7,651.92","7,175"
Khulna,Khulna,Dumuria,Dumuria Bazar,Chinigura Rice,2026,Kilogram,175--183.75,179.38,Quintal,"16,971.15--17,846.15","17,408.65"
Khulna,Khulna,Dumuria,Dumuria Bazar,Kalojira,2026,Kilogram,135--140,137.5,Quintal,"12,500--13,000","12,750"
Khulna,Khulna,Dumuria,Dumuria Bazar,Kataribhog,2026,Kilogram,100--120,110,Quintal,"8,000--9,000","8,500"
Khulna,Khulna,Khulna City Corporation,Khulna Sadar Bazar,Rice-Boro-Hybrid -Fine,2025,Kilogram,74.66--83.93,79.29,Quintal,"6,782.41--7,569.44","7,175.93"
Khulna,Khulna,Khulna City Corporation,Khulna Sadar Bazar,Rice - Boro - Hybrid - Medium,2025,Kilogram,64.69--67.26,65.97,Quintal,"5,989.81--6,320.37","6,155.09"
Khulna,Khulna,Khulna City Corporation,Khulna Sadar Bazar,Rice - Boro - Hybrid - Coarse,2025,Kilogram,53.76--55.79,54.77,Quintal,"5,038.89--5,212.96","5,125.93"
Khulna,Khulna,Khulna City Corporation,Khulna Sadar Bazar,Chinigura Rice,2025,Kilogram,111.35--117.4,114.38,Quintal,"10,190.74--10,702.78","10,446.76"
Khulna,Khulna,Khulna City Corporation,Khulna Sadar Bazar,Rice-Boro-Hybrid -Fine,2026,Kilogram,72.13--81.97,77.05,Quintal,"6,767.3--7,368.55","7,067.92"
Khulna,Khulna,Khulna City Corporation,Khulna Sadar Bazar,Rice - Boro - Hybrid - Medium,2026,Kilogram,62.53--66.03,64.28,Quintal,"5,710.69--6,052.83","5,881.76"
Khulna,Khulna,Khulna City Corporation,Khulna Sadar Bazar,Rice - Boro - Hybrid - Coarse,2026,Kilogram,50.6--53.95,52.28,Quintal,"4,724.53--4,970.44","4,847.48"
Khulna,Khulna,Khulna City Corporation,Khulna Sadar Bazar,Chinigura Rice,2026,Kilogram,146.16--151.97,149.07,Quintal,"13,677.36--14,180.5","13,928.93"
Khulna,Bagerhat,Bagerhat Sadar,Bagerhat Sadar Bazar,Ricel-Boro-Mota,2025,Kilogram,49.88--51.49,50.69,Quintal,"4,648.91--4,777.37","4,713.14"
Khulna,Bagerhat,Bagerhat Sadar,Bagerhat Sadar Bazar,Rice-Boro-Medium,2025,Kilogram,57.53--60.86,59.19,Quintal,"5,427.01--5,738.69","5,582.85"
Khulna,Bagerhat,Bagerhat Sadar,Bagerhat Sadar Bazar,Rice-Boro-Fine,2025,Kilogram,70--80,75,Quintal,"6,468.61--7,500","6,984.31"
Khulna,Bagerhat,Bagerhat Sadar,Bagerhat Sadar Bazar,Ricel-Boro-Mota,2026,Kilogram,45.91--48.53,47.22,Quintal,"4,198.01--4,452.98","4,325.50"
Khulna,Bagerhat,Bagerhat Sadar,Bagerhat Sadar Bazar,Rice-Boro-Medium,2026,Kilogram,52.62--57.28,54.95,Quintal,"4,919.21--5,398.01","5,158.61"
Khulna,Bagerhat,Bagerhat Sadar,Bagerhat Sadar Bazar,Rice-Boro-Fine,2026,Kilogram,67.05--80,73.53,Quintal,"6,205.3--7,500","6,852.65"
Khulna,Jhenaidah,Jhenaidah Sadar,Jhenaidah Sadar Paura Boro Bazar,Rice - Aman - Coarse,2025,Kilogram,53.01--54.28,53.65,Quintal,"5,101.47--5,227.94","5,164.71"
Khulna,Jhenaidah,Jhenaidah Sadar,Jhenaidah Sadar Paura Boro Bazar,Rice-Boro-Hybrid -Fine,2025,Kilogram,73.31--88.97,81.14,Quintal,"7,130.88--8,697.06","7,913.97"
Khulna,Jhenaidah,Jhenaidah Sadar,Jhenaidah Sadar Paura Boro Bazar,Rice - Boro - Hybrid - Medium,2025,Kilogram,61.34--65.78,63.56,Quintal,"5,933.82--6,377.94","6,155.88"
Khulna,Jhenaidah,Jhenaidah Sadar,Jhenaidah Sadar Paura Boro Bazar,Rice - Boro - Hybrid - Coarse,2025,Kilogram,49.97--50.97,50.47,Quintal,"4,797.06--4,897.06","4,847.06"
Khulna,Jhenaidah,Jhenaidah Sadar,Jhenaidah Sadar Paura Boro Bazar,Rice - Amon - Hybrid - Medium,2025,Kilogram,58.08--60.51,59.3,Quintal,"5,608.09--5,851.47","5,729.78"
Khulna,Jhenaidah,Jhenaidah Sadar,Jhenaidah Sadar Paura Boro Bazar,Rice - Aman - Coarse,2026,Kilogram,45.8--47.76,46.78,Quintal,"4,379.87--4,568.18","4,474.03"
Khulna,Jhenaidah,Jhenaidah Sadar,Jhenaidah Sadar Paura Boro Bazar,Rice-Boro-Hybrid -Fine,2026,Kilogram,73.57--88,80.78,Quintal,"7,156.92--8,600","7,878.46"
Khulna,Jhenaidah,Jhenaidah Sadar,Jhenaidah Sadar Paura Boro Bazar,Rice - Boro - Hybrid - Medium,2026,Kilogram,58.2--62.83,60.52,Quintal,"5,620.13--6,083.12","5,851.62"
Khulna,Jhenaidah,Jhenaidah Sadar,Jhenaidah Sadar Paura Boro Bazar,Rice - Boro - Hybrid - Coarse,2026,Kilogram,44.01--45.37,44.69,Quintal,"4,200.65--4,337.01","4,268.83"
Khulna,Jhenaidah,Jhenaidah Sadar,Jhenaidah Sadar Paura Boro Bazar,Rice - Amon - Hybrid - Medium,2026,Kilogram,52.55--55.36,53.95,Quintal,"5,055.19--5,335.71","5,195.45"
Khulna,Jhenaidah,Jhenaidah Sadar,Jhenaidah Sadar Paura Boro Bazar,Rice-Boro-Fine,2026,Kilogram,68.77--83.71,76.24,Quintal,"6,677.11--8,192.77","7,434.94"
Khulna,Jhenaidah,Kaliganj,"Kaliganj Bazar,",Rice - Aman - Coarse,2026,Kilogram,46.21--47.99,47.1,Quintal,"4,420.69--4,598.85","4,509.77"
Khulna,Jhenaidah,Kaliganj,"Kaliganj Bazar,",Rice-Boro-Hybrid -Fine,2026,Kilogram,70--78.8,74.4,Quintal,"6,800--7,680.46","7,240.23"
Khulna,Jhenaidah,Kaliganj,"Kaliganj Bazar,",Rice - Boro - Hybrid - Medium,2026,Kilogram,57.98--60,58.99,Quintal,"5,597.7--5,800","5,698.85"
Khulna,Jhenaidah,Kaliganj,"Kaliganj Bazar,",Rice - Boro - Hybrid - Coarse,2026,Kilogram,45.71--47.45,46.58,Quintal,"4,371.26--4,544.83","4,458.05"
Khulna,Jhenaidah,Kaliganj,"Kaliganj Bazar,",Rice - Amon - Hybrid - Medium,2026,Kilogram,52.11--55.45,53.78,Quintal,"5,011.49--5,344.83","5,178.16"
Barisal,Jhalakathi,Jhalakathi Sadar,Jhalakathi Sadar Bazar,Rice-Boro-Hybrid -Fine,2025,Kilogram,73.67--80.66,77.17,Quintal,"6,938.32--7,693.07","7,315.69"
Barisal,Jhalakathi,Jhalakathi Sadar,Jhalakathi Sadar Bazar,Rice - Boro - Hybrid - Medium,2025,Kilogram,61.05--64.07,62.56,Quintal,"5,696.35--6,046.28","5,871.31"
Barisal,Jhalakathi,Jhalakathi Sadar,Jhalakathi Sadar Bazar,Rice - Amon - Hybrid - Narrow,2025,Kilogram,76.31--80.36,78.33,Quintal,"7,230.77--7,553.85","7,392.31"
Barisal,Jhalakathi,Jhalakathi Sadar,Jhalakathi Sadar Bazar,Rice - Boro - Hybrid - Coarse,2025,Kilogram,51.36--55.37,53.36,Quintal,"4,753.14--5,079.42","4,916.28"
Barisal,Jhalakathi,Jhalakathi Sadar,Jhalakathi Sadar Bazar,Chinigura Rice,2025,Kilogram,135--140,137.5,Quintal,"12,500--13,000","12,750"
Barisal,Jhalakathi,Jhalakathi Sadar,Jhalakathi Sadar Bazar,Rice-Boro-Hybrid -Fine,2026,Kilogram,68.89--76.4,72.65,Quintal,"6,449.42--7,202.58","6,826"
Barisal,Jhalakathi,Jhalakathi Sadar,Jhalakathi Sadar Bazar,Rice - Boro - Hybrid - Medium,2026,Kilogram,54.42--59.66,57.04,Quintal,"5,021.94--5,482.19","5,252.06"
Barisal,Jhalakathi,Jhalakathi Sadar,Jhalakathi Sadar Bazar,Rice - Boro - Hybrid - Coarse,2026,Kilogram,47.57--50.77,49.17,Quintal,"4,382.58--4,687.74","4,535.16"
Barisal,Jhalakathi,Jhalakathi Sadar,Jhalakathi Sadar Bazar,Chinigura Rice,2026,Kilogram,147.81--153.94,150.87,Quintal,"13,780.65--14,393.55","14,087.10"
Barisal,Jhalakathi,Jhalakathi Sadar,Jhalakathi Sadar Bazar,Rice - Amon - Hybrid - Narrow,2026,Kilogram,86.35--88.35,87.35,Quintal,"8,235.29--8,417.65","8,326.47"
Barisal,Patuakhali,Patuakhali Sadar,Patuakhali Sadar Bazar,Rice - Amon - Hybrid - Coarse,2025,Kilogram,52--55,53.5,Quintal,"4,550--4,750","4,650"
Barisal,Patuakhali,Patuakhali Sadar,Patuakhali Sadar Bazar,Rice - Amon - Hybrid - Narrow,2025,Kilogram,74.82--77.07,75.94,Quintal,"6,828.69--7,090.98","6,959.84"
Barisal,Patuakhali,Patuakhali Sadar,Patuakhali Sadar Bazar,Rice - Amon - Hybrid - Medium,2025,Kilogram,60--65,62.5,Quintal,"5,500--5,800","5,650"
Barisal,Patuakhali,Patuakhali Sadar,Patuakhali Sadar Bazar,Kalojira,2025,Kilogram,110--115,112.5,Quintal,"10,000--10,500","10,250"
Barisal,Patuakhali,Patuakhali Sadar,Patuakhali Sadar Bazar,Rice - Boro - Hybrid - Medium,2025,Kilogram,62--64,63,Quintal,"5,400--5,500","5,450"
Barisal,Patuakhali,Patuakhali Sadar,Patuakhali Sadar Bazar,Rice - Boro - Hybrid - Coarse,2025,Kilogram,48--50,49,Quintal,"4,400--4,500","4,450"
Barisal,Pirojpur,Pirojpur Sadar,Pirojpur Sadar Bazar,Rice - Aman-Fine,2025,Kilogram,71.43--83.72,77.57,Quintal,"6,676.87--7,926.12","7,301.49"
Barisal,Pirojpur,Pirojpur Sadar,Pirojpur Sadar Bazar,Rice - Aman - Coarse,2025,Kilogram,58.16--62.69,60.43,Quintal,"5,555.6--5,991.04","5,773.32"
Barisal,Pirojpur,Pirojpur Sadar,Pirojpur Sadar Bazar,Rice - Boro - Hybrid - Coarse,2025,Kilogram,56.5--58.84,57.67,Quintal,"5,404.93--5,624.63","5,514.78"
Barisal,Pirojpur,Pirojpur Sadar,Pirojpur Sadar Bazar,Rice-Boro-Medium,2025,Kilogram,58.36--61.6,59.98,Quintal,"5,632.09--5,897.76","5,764.93"
Barisal,Pirojpur,Pirojpur Sadar,Pirojpur Sadar Bazar,Rice - Aman - Coarse,2026,Kilogram,53.99--61.43,57.71,Quintal,"5,198.67--5,752.67","5,475.67"
Barisal,Pirojpur,Pirojpur Sadar,Pirojpur Sadar Bazar,Rice - Boro - Hybrid - Coarse,2026,Kilogram,49.81--52.05,50.93,Quintal,"4,747.33--4,902","4,824.67"
Barisal,Pirojpur,Pirojpur Sadar,Pirojpur Sadar Bazar,Rice-Boro-Medium,2026,Kilogram,53.41--59.53,56.47,Quintal,"5,021.33--5,680.67","5,351"
Barisal,Pirojpur,Pirojpur Sadar,Pirojpur Sadar Bazar,Rice-Boro-Fine,2026,Kilogram,68.96--84.17,76.57,Quintal,"6,585.33--7,998.67","7,292"
Barisal,Pirojpur,Nazirpur,Nazirpur Bazar,Rice - Aman - Coarse,2026,Kilogram,58.16--63.92,61.04,Quintal,"5,616--6,040","5,828"
Barisal,Pirojpur,Nazirpur,Nazirpur Bazar,Rice - Boro - Hybrid - Coarse,2026,Kilogram,48.32--50.28,49.3,Quintal,"4,552--4,660","4,606"
Barisal,Pirojpur,Nazirpur,Nazirpur Bazar,Rice-Boro-Medium,2026,Kilogram,53.64--61.72,57.68,Quintal,"5,000--5,968","5,484"
Barisal,Pirojpur,Nazirpur,Nazirpur Bazar,Rice-Boro-Fine,2026,Kilogram,71.2--85,78.1,Quintal,"6,760--8,200","7,480"
Barisal,Barisal,Barisal Sadar,Barisal Sadar Bazar,Rice - Aman - Medium,2025,Kilogram,65.66--69.56,67.61,Quintal,"6,170.94--6,560.68","6,365.81"
Barisal,Barisal,Barisal Sadar,Barisal Sadar Bazar,Rice - Aman - Coarse,2025,Kilogram,60.49--62.49,61.49,Quintal,"5,570.94--5,770.94","5,670.94"
Barisal,Barisal,Barisal Sadar,Barisal Sadar Bazar,Rice-Boro-Hybrid -Fine,2025,Kilogram,80.15--85.15,82.65,Quintal,"7,524.79--8,024.79","7,774.79"
Barisal,Barisal,Barisal Sadar,Barisal Sadar Bazar,Rice - Boro - Hybrid - Medium,2025,Kilogram,66.71--69.66,68.18,Quintal,"6,270.94--6,565.81","6,418.38"
Barisal,Barisal,Barisal Sadar,Barisal Sadar Bazar,Rice - Boro - Hybrid - Coarse,2025,Kilogram,57.71--59.71,58.71,Quintal,"5,370.94--5,570.94","5,470.94"
Barisal,Barisal,Barisal Sadar,Barisal Sadar Bazar,Chinigura Rice,2025,Kilogram,131.2--138.93,135.06,Quintal,"12,143.59--12,917.09","12,530.34"
Barisal,Barisal,Barisal Sadar,Barisal Sadar Bazar,Rice - Aman - Medium,2026,Kilogram,63--65,64,Quintal,"6,000--6,200","6,100"
Barisal,Barisal,Barisal Sadar,Barisal Sadar Bazar,Rice - Aman - Coarse,2026,Kilogram,56--58,57,Quintal,"5,400--5,600","5,500"
Barisal,Barisal,Barisal Sadar,Barisal Sadar Bazar,Rice-Boro-Hybrid -Fine,2026,Kilogram,75.04--80.04,77.54,Quintal,"7,004.24--7,504.24","7,254.24"
Barisal,Barisal,Barisal Sadar,Barisal Sadar Bazar,Rice - Boro - Hybrid - Medium,2026,Kilogram,65--67,66,Quintal,"6,100--6,300","6,200"
Barisal,Barisal,Barisal Sadar,Barisal Sadar Bazar,Rice - Boro - Hybrid - Coarse,2026,Kilogram,56--58,57,Quintal,"5,200--5,400","5,300"
Barisal,Barisal,Barisal Sadar,Barisal Sadar Bazar,Chinigura Rice,2026,Kilogram,150.51--157.08,153.79,Quintal,"14,042.37--14,699.15","14,370.76"
Barisal,Bhola,Bhola Sadar,Bhola Sadar Bazar,Rice - Aman-Fine,2025,Kilogram,70.41--77.31,73.86,Quintal,"6,824.52--7,512.9","7,168.71"
Barisal,Bhola,Bhola Sadar,Bhola Sadar Bazar,Rice - Aman - Medium,2025,Kilogram,58.45--61.85,60.15,Quintal,"5,611.51--5,933.87","5,772.69"
Barisal,Bhola,Bhola Sadar,Bhola Sadar Bazar,Rice - Aman - Coarse,2025,Kilogram,50.71--55.68,53.19,Quintal,"4,826.88--5,329.03","5,077.96"
Barisal,Bhola,Bhola Sadar,Bhola Sadar Bazar,Ricel-Boro-Mota,2025,Kilogram,52--53,52.5,Quintal,"4,900--5,000","4,950"
Barisal,Bhola,Bhola Sadar,Bhola Sadar Bazar,Rice-Boro-Medium,2025,Kilogram,55--57,56,Quintal,"5,200--5,800","5,500"
Barisal,Bhola,Bhola Sadar,Bhola Sadar Bazar,Rice-Boro-Fine,2025,Kilogram,67--77,72,Quintal,"6,400--7,400","6,900"
Barisal,Bhola,Bhola Sadar,Bhola Sadar Bazar,Rice - Boro - Hybrid - Coarse,2025,Kilogram,47--48,47.5,Quintal,"4,400--4,500","4,450"
Barisal,Bhola,Bhola Sadar,Bhola Sadar Bazar,Rice - Boro - Hybrid - Coarse,2026,Kilogram,47--48,47.5,Quintal,"4,400--4,500","4,450"
Barisal,Bhola,Bhola Sadar,Bhola Sadar Bazar,Ricel-Boro-Mota,2026,Kilogram,49.66--50.75,50.2,Quintal,"4,665.63--4,775","4,720.31"
Barisal,Bhola,Bhola Sadar,Bhola Sadar Bazar,Rice-Boro-Medium,2026,Kilogram,53.13--57.5,55.31,Quintal,"5,012.5--5,650","5,331.25"
Barisal,Bhola,Bhola Sadar,Bhola Sadar Bazar,Rice-Boro-Fine,2026,Kilogram,65.41--77.47,71.44,Quintal,"6,240.63--7,446.88","6,843.75"
Barisal,Bhola,Bhola Sadar,Bhola Sadar Bazar,Rice - Aman-Fine,2026,Kilogram,60.27--74.76,67.51,Quintal,"5,731.25--7,175.83","6,453.54"
Barisal,Bhola,Bhola Sadar,Bhola Sadar Bazar,Rice - Aman - Medium,2026,Kilogram,51.42--56.27,53.85,Quintal,"4,840.92--5,334.58","5,087.75"
Barisal,Bhola,Bhola Sadar,Bhola Sadar Bazar,Rice - Aman - Coarse,2026,Kilogram,43.84--47.61,45.73,Quintal,"4,091.25--4,467.92","4,279.58"
Barisal,Barguna,Amtali,Amtali Bazar,Rice - Aman-Fine,2026,Kilogram,70--74,72,Quintal,"6,800--7,200","7,000"
Barisal,Barguna,Amtali,Amtali Bazar,Rice - Aman - Medium,2026,Kilogram,54.96--56.56,55.76,Quintal,"5,247.22--5,383.33","5,315.28"
Barisal,Barguna,Amtali,Amtali Bazar,Rice - Amon - Hybrid - Coarse,2026,Kilogram,48.36--50.35,49.35,Quintal,"4,559.72--4,683.33","4,621.53"
Barisal,Barguna,Amtali,Amtali Bazar,Chinigura Rice,2026,Kilogram,104.17--130.97,117.57,Quintal,"9,625--12,097.22","10,861.11"
Barisal,Barguna,Barguna Sadar,Barguna Sadar Bazar,Rice - Aman-Fine,2025,Kilogram,68.82--72.91,70.87,Quintal,"6,635.07--7,035.82","6,835.45"
Barisal,Barguna,Barguna Sadar,Barguna Sadar Bazar,Rice - Aman - Medium,2025,Kilogram,59.33--61.33,60.33,Quintal,"5,690.3--5,873.13","5,781.72"
Barisal,Barguna,Barguna Sadar,Barguna Sadar Bazar,Rice - Aman - Coarse,2025,Kilogram,52.37--55.75,54.06,Quintal,"5,014.93--5,338.06","5,176.49"
Barisal,Barguna,Barguna Sadar,Barguna Sadar Bazar,Chinigura Rice,2025,Kilogram,92.93--113.84,103.38,Quintal,"8,367.35--10,751.49","9,559.42"
Barisal,Barguna,Barguna Sadar,Barguna Sadar Bazar,Rice - Aman-Fine,2026,Kilogram,70--73.96,71.98,Quintal,"6,800--7,195.62","6,997.81"
Barisal,Barguna,Barguna Sadar,Barguna Sadar Bazar,Rice - Aman - Medium,2026,Kilogram,55.2--56.91,56.06,Quintal,"5,302.19--5,467.15","5,384.67"
Barisal,Barguna,Barguna Sadar,Barguna Sadar Bazar,Rice - Aman - Coarse,2026,Kilogram,48.57--50.55,49.56,Quintal,"4,603.65--4,750.36","4,677.01"
Barisal,Barguna,Barguna Sadar,Barguna Sadar Bazar,Chinigura Rice,2026,Kilogram,106.93--128.54,117.74,Quintal,"7,576.39--12,043.8","9,810.09"
Sylhet,Sylhet,Beanibazar,Beanibazar Market,Rice-Boro-Hybrid -Fine,2026,Kilogram,68--85,76.5,Quintal,"6,000--8,000","7,000"
Sylhet,Sylhet,Beanibazar,Beanibazar Market,Rice - Boro - Hybrid - Medium,2026,Kilogram,60--65,62.5,Quintal,"5,200--5,800","5,500"
Sylhet,Sylhet,Beanibazar,Beanibazar Market,Rice - Boro - Hybrid - Coarse,2026,Kilogram,50--58,54,Quintal,"4,400--5,000","4,700"
Sylhet,Sylhet,Beanibazar,Beanibazar Market,Chinigura Rice,2026,Kilogram,131.03--175.17,153.1,Quintal,"12,103.45--15,732.76","13,918.10"
Sylhet,Sylhet,Beanibazar,Beanibazar Market,Kalojira,2026,Kilogram,89.14--110.34,99.74,Quintal,"7,853.45--9,913.79","8,883.62"
Sylhet,Sylhet,Beanibazar,Beanibazar Market,Rice - Amon - Hybrid - Narrow,2026,Kilogram,65--80,72.5,Quintal,"5,800--7,700","6,750"
Sylhet,Sylhet,Beanibazar,Beanibazar Market,Rice - Amon - Hybrid - Medium,2026,Kilogram,58--62,60,Quintal,"5,000--5,500","5,250"
Sylhet,Sylhet,Beanibazar,Beanibazar Market,Rice - Amon - Hybrid - Coarse,2026,Kilogram,48--55,51.5,Quintal,"4,100--4,600","4,350"
Sylhet,Sylhet,Golapganj,Golapganj Bazar,Rice - Aman-Fine,2026,Kilogram,73.65--89.91,81.78,Quintal,"6,927.93--8,477.48","7,702.70"
Sylhet,Sylhet,Golapganj,Golapganj Bazar,Rice - Aman - Medium,2026,Kilogram,63--68,65.5,Quintal,"5,820.72--6,241.44","6,031.08"
Sylhet,Sylhet,Golapganj,Golapganj Bazar,Rice - Aman - Coarse,2026,Kilogram,52.21--59.01,55.61,Quintal,"4,720.72--5,400.9","5,060.81"
Sylhet,Sylhet,Golapganj,Golapganj Bazar,Chinigura Rice,2026,Kilogram,135.72--161.71,148.72,Quintal,"12,980.18--15,371.17","14,175.68"
Sylhet,Sylhet,Sylhet Sadar,Sylhet Sadar Bazaar,Rice-Boro-Hybrid -Fine,2025,Kilogram,69.55--87.1,78.32,Quintal,"6,154.74--8,140.15","7,147.45"
Sylhet,Sylhet,Sylhet Sadar,Sylhet Sadar Bazaar,Rice - Boro - Hybrid - Medium,2025,Kilogram,60--68.87,64.43,Quintal,"5,509.49--6,109.49","5,809.49"
Sylhet,Sylhet,Sylhet Sadar,Sylhet Sadar Bazaar,Rice - Boro - Hybrid - Coarse,2025,Kilogram,50.01--59.3,54.66,Quintal,"4,478.1--5,154.74","4,816.42"
Sylhet,Sylhet,Sylhet Sadar,Sylhet Sadar Bazaar,Chinigura Rice,2025,Kilogram,100.88--160,130.44,Quintal,"9,087.59--14,000","11,543.80"
Sylhet,Sylhet,Sylhet Sadar,Sylhet Sadar Bazaar,Kalojira,2025,Kilogram,80--100,90,Quintal,"7,000--9,000","8,000"
Sylhet,Sylhet,Sylhet Sadar,Sylhet Sadar Bazaar,Rice-Boro-Hybrid -Fine,2026,Kilogram,68--85,76.5,Quintal,"6,000--8,000","7,000"
Sylhet,Sylhet,Sylhet Sadar,Sylhet Sadar Bazaar,Rice - Boro - Hybrid - Medium,2026,Kilogram,60--65,62.5,Quintal,"5,200--5,800","5,500"
Sylhet,Sylhet,Sylhet Sadar,Sylhet Sadar Bazaar,Rice - Boro - Hybrid - Coarse,2026,Kilogram,50--58,54,Quintal,"4,400--5,000","4,700"
Sylhet,Sylhet,Sylhet Sadar,Sylhet Sadar Bazaar,Chinigura Rice,2026,Kilogram,127.72--174.56,151.14,Quintal,"11,613.92--15,215.19","13,414.56"
Sylhet,Sylhet,Sylhet Sadar,Sylhet Sadar Bazaar,Kalojira,2026,Kilogram,83.92--109.94,96.93,Quintal,"7,316.46--9,753.16","8,534.81"
Sylhet,Sylhet,Sylhet Sadar,Sylhet Sadar Bazaar,Rice - Amon - Hybrid - Narrow,2026,Kilogram,65--80,72.5,Quintal,"5,800--7,700","6,750"
Sylhet,Sylhet,Sylhet Sadar,Sylhet Sadar Bazaar,Rice - Amon - Hybrid - Medium,2026,Kilogram,58--62,60,Quintal,"5,000--5,500","5,250"
Sylhet,Sylhet,Sylhet Sadar,Sylhet Sadar Bazaar,Rice - Amon - Hybrid - Coarse,2026,Kilogram,48--55,51.5,Quintal,"4,100--4,600","4,350"
Sylhet,Moulvibazar,Kamolganj,Kamalganj Bazar,Ricel-Boro-Mota,2026,Kilogram,43.81--44.81,44.31,Quintal,"3,938.1--4,047.62","3,992.86"
Sylhet,Moulvibazar,Kamolganj,Kamalganj Bazar,Rice-Boro-Medium,2026,Kilogram,55.14--60.67,57.9,Quintal,"5,017.14--5,566.67","5,291.90"
Sylhet,Moulvibazar,Kamolganj,Kamalganj Bazar,Rice-Boro-Hybrid -Fine,2026,Kilogram,74.57--78.33,76.45,Quintal,"6,957.14--7,261.9","7,109.52"
Sylhet,Moulvibazar,Moulvibazar Sadar,Moulvibazar Sadar Bazar,Rice - Aman-Fine,2025,Kilogram,78.8--84.39,81.59,Quintal,"7,452.81--7,970.51","7,711.66"
Sylhet,Moulvibazar,Moulvibazar Sadar,Moulvibazar Sadar Bazar,Rice-Boro-Hybrid -Fine,2025,Kilogram,74.43--79.15,76.79,Quintal,"7,004.53--7,439.56","7,222.04"
Sylhet,Moulvibazar,Moulvibazar Sadar,Moulvibazar Sadar Bazar,Rice - Boro - Hybrid - Medium,2025,Kilogram,58.36--65.07,61.72,Quintal,"5,378.69--6,033.72","5,706.20"
Sylhet,Moulvibazar,Moulvibazar Sadar,Moulvibazar Sadar Bazar,Rice - Boro - Hybrid - Coarse,2025,Kilogram,51.08--52.42,51.75,Quintal,"4,669.2--4,742.55","4,705.88"
Sylhet,Moulvibazar,Moulvibazar Sadar,Moulvibazar Sadar Bazar,Rice - Aman-Fine,2026,Kilogram,80.51--86.3,83.41,Quintal,"7,605.66--8,135.47","7,870.57"
Sylhet,Moulvibazar,Moulvibazar Sadar,Moulvibazar Sadar Bazar,Rice-Boro-Hybrid -Fine,2026,Kilogram,75.11--79.88,77.5,Quintal,"7,015.47--7,496.86","7,256.16"
Sylhet,Moulvibazar,Moulvibazar Sadar,Moulvibazar Sadar Bazar,Rice - Boro - Hybrid - Medium,2026,Kilogram,54.77--62.64,58.7,Quintal,"4,989.69--5,763.02","5,376.35"
Sylhet,Moulvibazar,Moulvibazar Sadar,Moulvibazar Sadar Bazar,Rice - Boro - Hybrid - Coarse,2026,Kilogram,44.65--46.13,45.39,Quintal,"3,987.42--4,095.35","4,041.38"
Sylhet,Moulvibazar,Sreemangal,Srimangal Bazar,Ricel-Boro-Mota,2026,Kilogram,42.21--45,43.61,Quintal,"3,886.84--4,000","3,943.42"
Sylhet,Habiganj,Baniachong,Banyachong Market,Rice - Aman - Coarse,2026,Kilogram,42--48,45,Quintal,"4,000--4,500","4,250"
Sylhet,Habiganj,Baniachong,Banyachong Market,Chinigura Rice,2026,Kilogram,150--200,175,Quintal,"14,000--19,000","16,500"
Sylhet,Habiganj,Habiganj Sadar,Habiganj Sadar Bazar,Rice - Aman-Fine,2025,Kilogram,75.22--81.22,78.22,Quintal,"7,321.74--7,921.74","7,621.74"
Sylhet,Habiganj,Habiganj Sadar,Habiganj Sadar Bazar,Rice - Aman - Medium,2025,Kilogram,56.17--58.39,57.28,Quintal,"5,417.39--5,639.13","5,528.26"
Sylhet,Habiganj,Habiganj Sadar,Habiganj Sadar Bazar,Rice - Aman - Coarse,2025,Kilogram,50.7--53.83,52.26,Quintal,"4,869.57--5,182.61","5,026.09"
Sylhet,Habiganj,Habiganj Sadar,Habiganj Sadar Bazar,Chinigura Rice,2025,Kilogram,112.44--120,116.22,Quintal,"10,488.89--11,500","10,994.44"
Sylhet,Habiganj,Habiganj Sadar,Habiganj Sadar Bazar,Ricel-Boro-Mota,2025,Kilogram,49.24--51.46,50.35,Quintal,"4,724.11--4,946.43","4,835.27"
Sylhet,Habiganj,Habiganj Sadar,Habiganj Sadar Bazar,Rice-Boro-Medium,2025,Kilogram,55.91--60.18,58.04,Quintal,"5,391.07--5,817.86","5,604.46"
Sylhet,Habiganj,Habiganj Sadar,Habiganj Sadar Bazar,Rice-Boro-Fine,2025,Kilogram,72.59--81.8,77.2,Quintal,"7,058.93--7,980.36","7,519.64"
Sylhet,Habiganj,Habiganj Sadar,Habiganj Sadar Bazar,Ricel-Boro-Mota,2026,Kilogram,45--50,47.5,Quintal,"4,300--4,800","4,550"
Sylhet,Habiganj,Habiganj Sadar,Habiganj Sadar Bazar,Rice-Boro-Medium,2026,Kilogram,54--60,57,Quintal,"5,200--5,800","5,500"
Sylhet,Habiganj,Habiganj Sadar,Habiganj Sadar Bazar,Rice-Boro-Fine,2026,Kilogram,65.43--84.46,74.95,Quintal,"6,384.18--8,300","7,342.09"
Sylhet,Habiganj,Habiganj Sadar,Habiganj Sadar Bazar,Chinigura Rice,2026,Kilogram,118.92--139.11,129.02,Quintal,"11,025.32--13,389.24","12,207.28"
Sylhet,Habiganj,Habiganj Sadar,Habiganj Sadar Bazar,Rice - Aman - Medium,2026,Kilogram,56.19--58.1,57.15,Quintal,"5,455.84--5,648.05","5,551.95"
Sylhet,Habiganj,Habiganj Sadar,Habiganj Sadar Bazar,Rice - Aman - Coarse,2026,Kilogram,43.17--48.56,45.86,Quintal,"4,144.81--4,644.81","4,394.81"
Sylhet,Sunamganj,Sunamganj Sadar,Sunamganj Sadar Bazar,Rice - Aman-Fine,2025,Kilogram,68.37--88.3,78.33,Quintal,"6,406.06--8,329.55","7,367.80"
Sylhet,Sunamganj,Sunamganj Sadar,Sunamganj Sadar Bazar,Rice - Boro - Hybrid - Medium,2025,Kilogram,59.11--64.15,61.63,Quintal,"5,563.64--5,962.88","5,763.26"
Sylhet,Sunamganj,Sunamganj Sadar,Sunamganj Sadar Bazar,Rice - Boro - Hybrid - Coarse,2025,Kilogram,46.94--48.3,47.62,Quintal,"4,430.3--4,571.21","4,500.76"
Sylhet,Sunamganj,Sunamganj Sadar,Sunamganj Sadar Bazar,Chinigura Rice,2025,Kilogram,102.62--150.3,126.46,Quintal,"9,446.21--14,280.3","11,863.26"
Sylhet,Sunamganj,Sunamganj Sadar,Sunamganj Sadar Bazar,Kalojira,2025,Kilogram,80.91--85.57,83.24,Quintal,"7,470.45--7,702.27","7,586.36"
Sylhet,Sunamganj,Sunamganj Sadar,Sunamganj Sadar Bazar,Kataribhog,2025,Kilogram,81.67--84.53,83.1,Quintal,"7,620.45--7,880.3","7,750.38"
Sylhet,Sunamganj,Sunamganj Sadar,Sunamganj Sadar Bazar,Rice - Aman-Fine,2026,Kilogram,68.12--85,76.56,Quintal,"6,382.35--8,000","7,191.18"
Sylhet,Sunamganj,Sunamganj Sadar,Sunamganj Sadar Bazar,Rice - Boro - Hybrid - Medium,2026,Kilogram,57.46--63.59,60.53,Quintal,"5,344.44--5,864.05","5,604.25"
Sylhet,Sunamganj,Sunamganj Sadar,Sunamganj Sadar Bazar,Rice - Boro - Hybrid - Coarse,2026,Kilogram,44.34--46.73,45.54,Quintal,"4,054.25--4,266.67","4,160.46"
Sylhet,Sunamganj,Sunamganj Sadar,Sunamganj Sadar Bazar,Chinigura Rice,2026,Kilogram,122.52--167.71,145.11,Quintal,"11,016.34--15,486.93","13,251.63"
Sylhet,Sunamganj,Sunamganj Sadar,Sunamganj Sadar Bazar,Kalojira,2026,Kilogram,104.71--113.59,111.6,Quintal,"9,545.1--10,303.92","10,150"
Sylhet,Sunamganj,Sunamganj Sadar,Sunamganj Sadar Bazar,Kataribhog,2026,Kilogram,89.12--95.13,92.12,Quintal,"7,952.29--8,385.62","8,168.95"
Dhaka,Narsingdi,Narsingdi Sadar,Narsingdi Sadar Bazar,Rice-Boro-Hybrid -Fine,2025,Kilogram,73.21--89.19,81.2,Quintal,"6,750.74--8,140.44","7,445.59"
Dhaka,Narsingdi,Narsingdi Sadar,Narsingdi Sadar Bazar,Rice - Boro - Hybrid - Medium,2025,Kilogram,58.67--62.77,60.72,Quintal,"5,297.79--5,640.44","5,469.12"
Dhaka,Narsingdi,Narsingdi Sadar,Narsingdi Sadar Bazar,Rice - Amon - Hybrid - Coarse,2025,Kilogram,46.49--48.35,47.42,Quintal,"4,170.59--4,347.79","4,259.19"
Dhaka,Narsingdi,Narsingdi Sadar,Narsingdi Sadar Bazar,Rice - Amon - Hybrid - Narrow,2025,Kilogram,74.49--91.47,82.98,Quintal,"6,880.88--8,287.5","7,584.19"
Dhaka,Narsingdi,Narsingdi Sadar,Narsingdi Sadar Bazar,Rice - Boro - Hybrid - Coarse,2025,Kilogram,46.6--48.63,47.62,Quintal,"4,169.12--4,346.32","4,257.72"
Dhaka,Narsingdi,Narsingdi Sadar,Narsingdi Sadar Bazar,Rice - Amon - Hybrid - Medium,2025,Kilogram,60.08--64.17,62.13,Quintal,"5,394.12--5,776.47","5,585.29"
Dhaka,Narsingdi,Narsingdi Sadar,Narsingdi Sadar Bazar,Chinigura Rice,2025,Kilogram,109.6--133.9,121.75,Quintal,"9,831.62--11,711.76","10,771.69"
Dhaka,Narsingdi,Narsingdi Sadar,Narsingdi Sadar Bazar,Rice-Boro-Hybrid -Fine,2026,Kilogram,74.47--89.88,82.18,Quintal,"6,850.63--8,227.85","7,539.24"
Dhaka,Narsingdi,Narsingdi Sadar,Narsingdi Sadar Bazar,Rice - Boro - Hybrid - Medium,2026,Kilogram,59.27--65.92,62.59,Quintal,"5,401.9--6,035.44","5,718.67"
Dhaka,Narsingdi,Narsingdi Sadar,Narsingdi Sadar Bazar,Rice - Amon - Hybrid - Coarse,2026,Kilogram,45.5--48.1,46.8,Quintal,"4,142.86--4,242.86","4,192.86"
Dhaka,Narsingdi,Narsingdi Sadar,Narsingdi Sadar Bazar,Rice - Amon - Hybrid - Narrow,2026,Kilogram,70.67--88.05,79.36,Quintal,"6,520.24--8,029.76","7,275"
Dhaka,Narsingdi,Narsingdi Sadar,Narsingdi Sadar Bazar,Rice - Boro - Hybrid - Coarse,2026,Kilogram,50.22--53.3,51.76,Quintal,"4,606.96--4,814.56","4,710.76"
Dhaka,Narsingdi,Narsingdi Sadar,Narsingdi Sadar Bazar,Rice - Amon - Hybrid - Medium,2026,Kilogram,53.21--60.48,56.85,Quintal,"4,819.05--5,473.81","5,146.43"
Dhaka,Narsingdi,Narsingdi Sadar,Narsingdi Sadar Bazar,Chinigura Rice,2026,Kilogram,126.74--166.96,146.85,Quintal,"11,860.76--15,550.63","13,705.70"
Dhaka,Narsingdi,Shibpur,Shibpur Bazar,Rice-Boro-Hybrid -Fine,2026,Kilogram,75--92,83.5,Quintal,"6,700--8,200","7,450"
Dhaka,Narsingdi,Shibpur,Shibpur Bazar,Rice - Boro - Hybrid - Medium,2026,Kilogram,55--62,58.5,Quintal,"4,900--5,500","5,200"
Dhaka,Narsingdi,Shibpur,Shibpur Bazar,Rice - Amon - Hybrid - Narrow,2026,Kilogram,72--90,81,Quintal,"6,600--8,000","7,300"
Dhaka,Narsingdi,Shibpur,Shibpur Bazar,Rice - Amon - Hybrid - Medium,2026,Kilogram,54--60,57,Quintal,"4,800--5,400","5,100"
Dhaka,Narsingdi,Shibpur,Shibpur Bazar,Chinigura Rice,2026,Kilogram,110--160.14,135.07,Quintal,"9,597.3--14,659.46","12,128.38"
Dhaka,Gazipur,Gazipur Sadar,Joydevpur market,Rice - Aman-Fine,2025,Kilogram,82.07--86.47,84.27,Quintal,"7,742.75--8,178.99","7,960.87"
Dhaka,Gazipur,Gazipur Sadar,Joydevpur market,Ricel-Boro-Mota,2025,Kilogram,52.39--53.5,52.95,Quintal,"4,825.36--4,936.23","4,880.80"
Dhaka,Gazipur,Gazipur Sadar,Joydevpur market,Rice-Boro-Medium,2025,Kilogram,59.04--61.04,60.04,Quintal,"5,515.22--5,621.74","5,568.48"
Dhaka,Gazipur,Gazipur Sadar,Joydevpur market,Rice-Boro-Fine,2025,Kilogram,80.3--83.8,82.05,Quintal,"7,567.39--7,902.9","7,735.14"
Dhaka,Gazipur,Gazipur Sadar,Joydevpur market,Chinigura Rice,2025,Kilogram,124.63--128.52,126.58,Quintal,"11,610.87--11,747.83","11,679.35"
Dhaka,Gazipur,Gazipur Sadar,Joydevpur market,Rice - Amon - Hybrid - Medium,2025,Kilogram,55--56,55.5,Quintal,"5,100--5,200","5,150"
Dhaka,Gazipur,Gazipur Sadar,Joydevpur market,Rice - Aman-Fine,2026,Kilogram,84.95--88.34,86.65,Quintal,"7,998.73--8,348.41","8,173.57"
Dhaka,Gazipur,Gazipur Sadar,Joydevpur market,Rice - Amon - Hybrid - Medium,2026,Kilogram,56.11--57.39,56.75,Quintal,"5,197.98--5,297.98","5,247.98"
Dhaka,Gazipur,Gazipur Sadar,Joydevpur market,Ricel-Boro-Mota,2026,Kilogram,52.77--53.95,53.36,Quintal,"4,876.67--4,976.67","4,926.67"
Dhaka,Gazipur,Gazipur Sadar,Joydevpur market,Rice-Boro-Medium,2026,Kilogram,60--62,61,Quintal,"5,515.52--5,615.52","5,565.52"
Dhaka,Gazipur,Gazipur Sadar,Joydevpur market,Rice-Boro-Fine,2026,Kilogram,78.6--83.6,81.1,Quintal,"7,378.98--7,859.87","7,619.43"
Dhaka,Gazipur,Gazipur Sadar,Joydevpur market,Chinigura Rice,2026,Kilogram,157.53--162.48,160.01,Quintal,"14,844.59--15,098.09","14,971.34"
Dhaka,Gazipur,Gazipur Sadar,Joydevpur market,Rice - Boro - Hybrid - Coarse,2026,Kilogram,49.16--50.85,50.01,Quintal,"4,442.35--4,542.35","4,492.35"
Dhaka,Gazipur,Gazipur Sadar,Joydevpur market,Rice - Boro - Hybrid - Medium,2026,Kilogram,56.06--60,58.03,Quintal,"20,071.76--5,500","12,785.88"
Dhaka,Shariatpur,Shariatpur Sadar,Shariatpur Bazar,Rice-Boro-Hybrid -Fine,2025,Kilogram,76.56--78.56,77.56,Quintal,"7,455.88--7,655.88","7,555.88"
Dhaka,Shariatpur,Shariatpur Sadar,Shariatpur Bazar,Rice - Boro - Hybrid - Medium,2025,Kilogram,62.69--65.18,63.93,Quintal,"6,069.12--6,317.65","6,193.38"
Dhaka,Shariatpur,Shariatpur Sadar,Shariatpur Bazar,Rice - Boro - Hybrid - Coarse,2025,Kilogram,52.94--54.94,53.94,Quintal,"5,094.12--5,294.12","5,194.12"
Dhaka,Shariatpur,Shariatpur Sadar,Shariatpur Bazar,Rice-Boro-Hybrid -Fine,2026,Kilogram,75.71--78.35,77.03,Quintal,"7,370.89--7,635.44","7,503.16"
Dhaka,Shariatpur,Shariatpur Sadar,Shariatpur Bazar,Rice - Boro - Hybrid - Medium,2026,Kilogram,62.65--64.65,63.65,Quintal,"6,064.56--6,264.56","6,164.56"
Dhaka,Shariatpur,Shariatpur Sadar,Shariatpur Bazar,Rice - Boro - Hybrid - Coarse,2026,Kilogram,52--54,53,Quintal,"5,000--5,200","5,100"
Dhaka,Shariatpur,Shariatpur Sadar,Shariatpur Bazar,Kalojira,2026,Kilogram,120--130,125,Quintal,"11,000--12,000","11,500"
Dhaka,Shariatpur,Shariatpur Sadar,Shariatpur Bazar,Chinigura Rice,2026,Kilogram,145--150,147.5,Quintal,"13,600--14,000","13,800"
Dhaka,Narayanganj,Narayanganj Sadar,Narayanganj Sadar Bazar,Rice-Boro-Hybrid -Fine,2025,Kilogram,80--83.88,81.94,Quintal,"7,500--7,890.2","7,695.10"
Dhaka,Narayanganj,Narayanganj Sadar,Narayanganj Sadar Bazar,Rice - Boro - Hybrid - Medium,2025,Kilogram,62--63,62.5,Quintal,"5,900--6,000","5,950"
Dhaka,Narayanganj,Narayanganj Sadar,Narayanganj Sadar Bazar,Rice - Boro - Hybrid - Coarse,2025,Kilogram,52--54,53,Quintal,"4,900--5,000","4,950"
Dhaka,Narayanganj,Narayanganj Sadar,Narayanganj Sadar Bazar,Chinigura Rice,2025,Kilogram,130--140,135,Quintal,"12,400--13,000","12,700"
Dhaka,Narayanganj,Narayanganj Sadar,Narayanganj Sadar Bazar,Rice-Boro-Hybrid -Fine,2026,Kilogram,80--82,81,Quintal,"7,500--7,700","7,600"
Dhaka,Narayanganj,Narayanganj Sadar,Narayanganj Sadar Bazar,Rice - Boro - Hybrid - Medium,2026,Kilogram,55.95--57.56,56.75,Quintal,"5,234.57--5,395.06","5,314.81"
Dhaka,Narayanganj,Narayanganj Sadar,Narayanganj Sadar Bazar,Rice - Boro - Hybrid - Coarse,2026,Kilogram,49.58--51.58,50.58,Quintal,"4,597.53--4,697.53","4,647.53"
Dhaka,Narayanganj,Narayanganj Sadar,Narayanganj Sadar Bazar,Chinigura Rice,2026,Kilogram,146.67--156.67,151.67,Quintal,"13,866.67--14,708.64","14,287.65"
Dhaka,Tangail,Madhupur,Madhupur Bazar,Rice-Boro-Hybrid -Fine,2026,Kilogram,46.5--52.5,49.5,Quintal,"5,700--6,350","6,025"
Dhaka,Tangail,Madhupur,Madhupur Bazar,Rice - Boro - Hybrid - Medium,2026,Kilogram,39--42,40.5,Quintal,"4,650--4,975","4,812.50"
Dhaka,Tangail,Madhupur,Madhupur Bazar,Rice - Aman-Fine,2026,Kilogram,80--82,81,Quintal,"20,670--21,200","20,935"
Dhaka,Tangail,Madhupur,Madhupur Bazar,Rice - Aman - Medium,2026,Kilogram,56.8--58.8,57.8,Quintal,"15,050--15,580","15,315"
Dhaka,Tangail,Madhupur,Madhupur Bazar,Rice - Aman - Coarse,2026,Kilogram,47.22--49.22,48.22,Quintal,"12,111.67--12,641.67","12,376.67"
Dhaka,Tangail,Tangail Sadar,Tangail Bazar,Rice-Boro-Hybrid -Fine,2025,Kilogram,79.89--81.64,80.77,Quintal,"7,690.63--7,797.32","7,743.97"
Dhaka,Tangail,Tangail Sadar,Tangail Bazar,Rice - Boro - Hybrid - Medium,2025,Kilogram,58.97--61.09,60.03,Quintal,"5,504.41--5,621.32","5,562.87"
Dhaka,Tangail,Tangail Sadar,Tangail Bazar,Rice - Aman-Fine,2025,Kilogram,78--80,79,Quintal,"7,600--7,783.33","7,691.67"
Dhaka,Tangail,Tangail Sadar,Tangail Bazar,Rice - Aman-Fine,2026,Kilogram,78.76--80.53,79.64,Quintal,"7,529.17--7,651.6","7,590.38"
Dhaka,Tangail,Tangail Sadar,Tangail Bazar,Rice - Boro - Hybrid - Medium,2026,Kilogram,57.77--59.93,58.85,Quintal,"5,455.13--5,567.31","5,511.22"
Dhaka,Tangail,Dhanbari,Dhanbari Bazar,Rice - Aman-Fine,2026,Kilogram,75--78,76.5,Quintal,"6,883.65--7,225.96","7,054.81"
Dhaka,Tangail,Dhanbari,Dhanbari Bazar,Rice - Aman - Medium,2026,Kilogram,57.12--58.89,58,Quintal,"5,184.3--5,316.53","5,250.41"
Dhaka,Tangail,Dhanbari,Dhanbari Bazar,Rice - Aman - Coarse,2026,Kilogram,50.76--52.61,51.68,Quintal,"4,747.01--4,631.62","4,586.75"
Dhaka,Tangail,Dhanbari,Dhanbari Bazar,Rice-Boro-Medium,2026,Kilogram,52.96--54.7,53.83,Quintal,"4,976.12--5,102.69","5,039.40"
Dhaka,Tangail,Dhanbari,Dhanbari Bazar,Ricel-Boro-Mota,2026,Kilogram,48--50,49,Quintal,"4,700--4,750","4,725"
Dhaka,Kishoreganj,Kishoreganj Sadar,Kishoreganj Bazar,Rice - Aman - Pajam,2025,Kilogram,77.07--80.22,78.65,Quintal,"7,419.83--7,668.97","7,544.40"
Dhaka,Kishoreganj,Kishoreganj Sadar,Kishoreganj Bazar,Rice - Boro - Hybrid - Medium,2025,Kilogram,71.36--60.97,66.16,Quintal,"5,518.1--5,873.28","5,695.69"
Dhaka,Kishoreganj,Kishoreganj Sadar,Kishoreganj Bazar,Rice - Boro - Hybrid - Coarse,2025,Kilogram,48.74--49.85,49.3,Quintal,"4,682.76--4,782.76","4,732.76"
Dhaka,Kishoreganj,Kishoreganj Sadar,Kishoreganj Bazar,Chinigura Rice,2025,Kilogram,123.28--128.28,125.78,Quintal,"11,649.14--11,871.55","11,760.34"
Dhaka,Kishoreganj,Kishoreganj Sadar,Kishoreganj Bazar,Rice - Aman - Medium,2025,Kilogram,52--53,52.5,Quintal,"5,000--5,100","5,050"
Dhaka,Kishoreganj,Kishoreganj Sadar,Kishoreganj Bazar,Rice - Aman - Medium,2026,Kilogram,54.12--55.76,54.94,Quintal,"5,152.86--5,327.86","5,240.36"
Dhaka,Kishoreganj,Kishoreganj Sadar,Kishoreganj Bazar,Rice - Aman - Pajam,2026,Kilogram,74--75,74.5,Quintal,"7,109.43--7,209.43","7,159.43"
Dhaka,Kishoreganj,Kishoreganj Sadar,Kishoreganj Bazar,Rice - Boro - Hybrid - Medium,2026,Kilogram,58--63.9,60.95,Quintal,"5,600--6,180.25","5,890.12"
Dhaka,Kishoreganj,Kishoreganj Sadar,Kishoreganj Bazar,Rice - Boro - Hybrid - Coarse,2026,Kilogram,46.01--47.68,46.84,Quintal,"4,381.25--4,565.28","4,473.26"
Dhaka,Kishoreganj,Kishoreganj Sadar,Kishoreganj Bazar,Chinigura Rice,2026,Kilogram,142.99--148.47,145.73,Quintal,"13,637.5--13,960.42","13,798.96"
Dhaka,Kishoreganj,Kishoreganj Sadar,Kishoreganj Bazar,Rice-Boro-Medium,2026,Kilogram,54--60,57,Quintal,"5,200--5,600","5,400"
Dhaka,Kishoreganj,Kishoreganj Sadar,Kishoreganj Bazar,Rice - Amon - Hybrid - Medium,2026,Kilogram,55--58,56.5,Quintal,"5,300--5,400","5,350"
Dhaka,Kishoreganj,Bajitpur,Bajitpur Bazar,Rice - Amon - Hybrid - Medium,2026,Kilogram,53.72--55.89,54.81,Quintal,"5,131.33--5,297.59","5,214.46"
Dhaka,Kishoreganj,Bajitpur,Bajitpur Bazar,Rice - Boro - Hybrid - Medium,2026,Kilogram,54--60,57,Quintal,"5,094.74--5,600","5,347.37"
Dhaka,Manikganj,Saturia,Saturia Bazar,Rice - Boro - Hybrid - Medium,2026,Kilogram,53.29--55.08,54.18,Quintal,"4,891.14--5,062.03","4,976.58"
Dhaka,Manikganj,Saturia,Saturia Bazar,Rice - Amon - Hybrid - Narrow,2026,Kilogram,80--84,82,Quintal,"7,600--8,000","7,800"
Dhaka,Manikganj,Saturia,Saturia Bazar,Rice - Boro - Hybrid - Coarse,2026,Kilogram,47.32--48.87,48.09,Quintal,"4,312.66--4,487.34","4,400"
Dhaka,Manikganj,Saturia,Saturia Bazar,Chinigura Rice,2026,Kilogram,157.47--172.38,164.92,Quintal,"14,832.91--16,324.05","15,578.48"
Dhaka,Manikganj,Saturia,Saturia Bazar,Rice-Boro-Hybrid -Fine,2026,Kilogram,75.27--77.62,76.45,Quintal,"7,135.14--7,313.51","7,224.32"
Dhaka,Manikganj,Manikganj Sadar,Manikganj Bazar,Rice-Boro-Hybrid -Fine,2025,Kilogram,76.14--81.9,79.02,Quintal,"7,224.09--7,791.24","7,507.66"
Dhaka,Manikganj,Manikganj Sadar,Manikganj Bazar,Rice - Boro - Hybrid - Medium,2025,Kilogram,58.2--63.07,60.64,Quintal,"5,408.76--5,869.34","5,639.05"
Dhaka,Manikganj,Manikganj Sadar,Manikganj Bazar,Rice - Boro - Hybrid - Coarse,2025,Kilogram,50.17--54.86,52.51,Quintal,"4,616.79--5,089.05","4,852.92"
Dhaka,Manikganj,Manikganj Sadar,Manikganj Bazar,Chinigura Rice,2025,Kilogram,124.53--131.82,128.18,Quintal,"11,054.74--12,080.29","11,567.52"
Dhaka,Manikganj,Manikganj Sadar,Manikganj Bazar,Rice-Boro-Hybrid -Fine,2026,Kilogram,76.54--81.89,79.22,Quintal,"7,252.53--7,788.61","7,520.57"
Dhaka,Manikganj,Manikganj Sadar,Manikganj Bazar,Rice - Boro - Hybrid - Medium,2026,Kilogram,55.84--59.38,57.61,Quintal,"5,183.54--5,537.97","5,360.76"
Dhaka,Manikganj,Manikganj Sadar,Manikganj Bazar,Rice - Boro - Hybrid - Coarse,2026,Kilogram,48.96--50.8,49.88,Quintal,"4,496.2--4,679.75","4,587.97"
Dhaka,Manikganj,Manikganj Sadar,Manikganj Bazar,Chinigura Rice,2026,Kilogram,150.7--167.47,159.08,Quintal,"14,044.3--15,613.92","14,829.11"
Dhaka,Manikganj,Singiar,Singair Bazar,Rice-Boro-Hybrid -Fine,2026,Kilogram,75.9--78.32,77.11,Quintal,"7,190.48--7,432.38","7,311.43"
Dhaka,Manikganj,Singiar,Singair Bazar,Rice - Boro - Hybrid - Medium,2026,Kilogram,51.05--53.24,52.14,Quintal,"4,706.67--4,925.71","4,816.19"
Dhaka,Manikganj,Singiar,Singair Bazar,Rice - Boro - Hybrid - Coarse,2026,Kilogram,46.34--48.59,47.47,Quintal,"4,234.29--4,459.05","4,346.67"
Dhaka,Manikganj,Singiar,Singair Bazar,Chinigura Rice,2026,Kilogram,157.97--168.57,163.27,Quintal,"15,120.95--16,187.62","15,654.29"
Dhaka,Dhaka,Savar,Savar Bazar,Rice-Boro-Hybrid -Fine,2026,Kilogram,73.47--78.8,76.13,Quintal,"7,000--7,200","7,100"
Dhaka,Dhaka,Savar,Savar Bazar,Rice - Boro - Hybrid - Medium,2026,Kilogram,84.53--54.87,69.7,Quintal,"4,800--5,000","4,900"
Dhaka,Dhaka,Savar,Savar Bazar,Rice - Boro - Hybrid - Coarse,2026,Kilogram,45.87--47.87,46.87,Quintal,"4,186.67--4,386.67","4,286.67"
Dhaka,Dhaka,Savar,Savar Bazar,Chinigura Rice,2026,Kilogram,177.33--199.67,188.5,Quintal,"17,133.33--18,993.33","18,063.33"
Dhaka,Dhaka,Dhaka North City Corporation,Mohammadpur Krishi Market,Rice - Aman-Fine,2025,Kilogram,75.36--94.97,85.17,Quintal,"7,127.94--9,158.82","8,143.38"
Dhaka,Dhaka,Dhaka North City Corporation,Mohammadpur Krishi Market,Rice - Aman - Coarse,2025,Kilogram,53.16--55.66,54.41,Quintal,"5,033.82--5,291.54","5,162.68"
Dhaka,Dhaka,Dhaka North City Corporation,Mohammadpur Krishi Market,Rice-Boro-Medium,2025,Kilogram,60.3--63.6,61.95,Quintal,"5,686.72--6,027.34","5,857.03"
Dhaka,Dhaka,Dhaka North City Corporation,Mohammadpur Krishi Market,Chinigura Rice,2025,Kilogram,101.88--125.51,113.69,Quintal,"8,724.26--11,621.32","10,172.79"
Dhaka,Dhaka,Dhaka North City Corporation,Mohammadpur Krishi Market,Rice - Aman - Medium,2025,Kilogram,55.88--59.13,57.5,Quintal,"5,137.5--5,600","5,368.75"
Dhaka,Dhaka,Dhaka North City Corporation,Mohammadpur Krishi Market,Rice - Aman-Fine,2026,Kilogram,70.9--87.83,79.36,Quintal,"6,718.06--8,463.23","7,590.65"
Dhaka,Dhaka,Dhaka North City Corporation,Mohammadpur Krishi Market,Rice - Aman - Medium,2026,Kilogram,54.35--56.89,55.62,Quintal,"5,090.32--5,405.16","5,247.74"
Dhaka,Dhaka,Dhaka North City Corporation,Mohammadpur Krishi Market,Rice - Aman - Coarse,2026,Kilogram,49.34--52.01,50.68,Quintal,"4,656.13--4,901.94","4,779.03"
Dhaka,Dhaka,Dhaka North City Corporation,Mohammadpur Krishi Market,Chinigura Rice,2026,Kilogram,138.18--153.68,145.93,Quintal,"12,687.86--14,439.29","13,563.57"
Dhaka,Dhaka,Dhaka North City Corporation,Mohammadpur Krishi Market,Kalojira,2026,Kilogram,200--220,210,Quintal,"16,838.24--19,838.24","18,338.24"
Dhaka,Dhaka,Dhaka North City Corporation,kawran Bazar,Rice - Aman-Fine,2026,Kilogram,66.79--92.19,79.49,Quintal,"6,535.77--8,141.61","7,338.76"
Dhaka,Dhaka,Dhaka North City Corporation,kawran Bazar,Rice - Aman - Medium,2026,Kilogram,54.87--60.73,57.8,Quintal,"4,977.37--5,332.12","5,154.89"
Dhaka,Dhaka,Dhaka North City Corporation,kawran Bazar,Rice - Aman - Coarse,2026,Kilogram,49.36--53.77,51.57,Quintal,"4,483.94--4,672.99","4,578.47"
Dhaka,Dhaka,Dhaka North City Corporation,kawran Bazar,Chinigura Rice,2026,Kilogram,114.23--159.45,136.84,Quintal,"15,361.31--15,789.05","15,575.18"
Dhaka,Dhaka,Dhaka North City Corporation,Mirpur 1 no. Bazar,Rice - Aman-Fine,2026,Kilogram,69.04--91.39,80.21,Quintal,"6,405.97--8,338.81","7,372.39"
Dhaka,Dhaka,Dhaka North City Corporation,Mirpur 1 no. Bazar,Rice - Aman - Medium,2026,Kilogram,56.05--60.7,58.38,Quintal,"4,888.06--5,393.28","5,140.67"
Dhaka,Dhaka,Dhaka North City Corporation,Mirpur 1 no. Bazar,Rice - Aman - Coarse,2026,Kilogram,50--53.07,51.54,Quintal,"4,500.75--4,670.15","4,585.45"
Dhaka,Dhaka,Dhaka North City Corporation,Mirpur 1 no. Bazar,Chinigura Rice,2026,Kilogram,117.28--168.66,142.97,Quintal,"16,287.31--15,901.49","16,094.40"
Dhaka,Munshiganj,Munshiganj Sadar,Munshiganj Sadar Bazar,Rice - Boro - Hybrid - Medium,2025,Kilogram,60.53--62.59,61.56,Quintal,"5,860.3--5,661.69","5,761"
Dhaka,Munshiganj,Munshiganj Sadar,Munshiganj Sadar Bazar,Ricel-Boro-Mota,2025,Kilogram,55.21--56.24,55.73,Quintal,"5,319.63--5,423.7","5,371.67"
Dhaka,Munshiganj,Munshiganj Sadar,Munshiganj Sadar Bazar,Rice-Boro-Fine,2025,Kilogram,79.86--84.21,82.04,Quintal,"7,824.07--8,224.81","8,024.44"
Dhaka,Munshiganj,Munshiganj Sadar,Munshiganj Sadar Bazar,Chinigura Rice,2025,Kilogram,127.11--132.11,129.61,Quintal,"12,253.33--12,568.89","12,411.11"
Dhaka,Munshiganj,Munshiganj Sadar,Munshiganj Sadar Bazar,Rice - Boro - Hybrid - Medium,2026,Kilogram,57.77--59.09,58.43,Quintal,"5,625.45--4,985.33","5,305.39"
Dhaka,Munshiganj,Munshiganj Sadar,Munshiganj Sadar Bazar,Ricel-Boro-Mota,2026,Kilogram,51.52--52.79,52.16,Quintal,"4,912.99--4,998.05","4,955.52"
Dhaka,Munshiganj,Munshiganj Sadar,Munshiganj Sadar Bazar,Rice-Boro-Fine,2026,Kilogram,78.31--80.13,79.22,Quintal,"7,607.79--7,792.86","7,700.32"
Dhaka,Munshiganj,Munshiganj Sadar,Munshiganj Sadar Bazar,Chinigura Rice,2026,Kilogram,153.12--158.41,155.76,Quintal,"14,759.09--14,996.1","14,877.60"
Dhaka,Rajbari,Rajbari Sadar,Rajbari Sadar Bazar,Rice-Boro-Hybrid -Fine,2025,Kilogram,75.42--79.42,77.42,Quintal,"7,341.79--7,741.79","7,541.79"
Dhaka,Rajbari,Rajbari Sadar,Rajbari Sadar Bazar,Rice - Boro - Hybrid - Medium,2025,Kilogram,63.42--69.15,66.28,Quintal,"6,141.79--6,714.93","6,428.36"
Dhaka,Rajbari,Rajbari Sadar,Rajbari Sadar Bazar,Rice - Boro - Hybrid - Coarse,2025,Kilogram,51.84--53.84,52.84,Quintal,"4,983.58--5,183.58","5,083.58"
Dhaka,Rajbari,Rajbari Sadar,Rajbari Sadar Bazar,Rice-Boro-Hybrid -Fine,2026,Kilogram,69.61--72.59,71.1,Quintal,"6,761.39--7,059.49","6,910.44"
Dhaka,Rajbari,Rajbari Sadar,Rajbari Sadar Bazar,Rice - Boro - Hybrid - Medium,2026,Kilogram,58.51--61.47,59.99,Quintal,"5,650.63--5,946.84","5,798.73"
Dhaka,Rajbari,Rajbari Sadar,Rajbari Sadar Bazar,Rice - Boro - Hybrid - Coarse,2026,Kilogram,48.96--50.96,49.96,Quintal,"4,696.2--4,896.2","4,796.20"
Dhaka,Madaripur,Madaripur Sadar,"Sadar Bazar, Madaripur",Rice - Boro - Hybrid - Medium,2025,Kilogram,62.49--66.88,64.68,Quintal,"5,775--6,230.88","6,002.94"
Dhaka,Madaripur,Madaripur Sadar,"Sadar Bazar, Madaripur",Rice - Boro - Hybrid - Coarse,2025,Kilogram,53.79--55.71,54.75,Quintal,"5,019.12--5,194.12","5,106.62"
Dhaka,Madaripur,Madaripur Sadar,"Sadar Bazar, Madaripur",Rice-Boro-Fine,2025,Kilogram,76.46--81.78,79.12,Quintal,"7,193.38--7,681.62","7,437.50"
Dhaka,Madaripur,Madaripur Sadar,"Sadar Bazar, Madaripur",Rice - Boro - Hybrid - Medium,2026,Kilogram,57.82--62.31,60.06,Quintal,"5,261.78--5,780.89","5,521.34"
Dhaka,Madaripur,Madaripur Sadar,"Sadar Bazar, Madaripur",Rice - Boro - Hybrid - Coarse,2026,Kilogram,49.89--52.66,51.27,Quintal,"4,560.51--4,781.53","4,671.02"
Dhaka,Madaripur,Madaripur Sadar,"Sadar Bazar, Madaripur",Rice-Boro-Fine,2026,Kilogram,76.85--81.08,78.96,Quintal,"7,172.61--7,471.34","7,321.97"
Dhaka,Madaripur,Madaripur Sadar,"Sadar Bazar, Madaripur",Rice - Aman - Medium,2026,Kilogram,59.97--61.97,60.97,Quintal,"5,493.1--5,796.55","5,644.83"
Dhaka,Madaripur,Madaripur Sadar,"Sadar Bazar, Madaripur",Chinigura Rice,2026,Kilogram,199.79--209.58,204.69,Quintal,"18,979.17--19,479.17","19,229.17"
Dhaka,Madaripur,Madaripur Sadar,"Sadar Bazar, Madaripur",Kalojira,2026,Kilogram,952.92--194.79,573.85,Quintal,"17,979.17--18,479.17","18,229.17"
Dhaka,Gopalganj,Gopalganj Sadar,Gopaldanj Sadar Boro Bazar,Rice-Boro-Hybrid -Fine,2025,Kilogram,74.74--84.71,79.72,Quintal,"7,016.79--7,849.64","7,433.21"
Dhaka,Gopalganj,Gopalganj Sadar,Gopaldanj Sadar Boro Bazar,Rice - Boro - Hybrid - Medium,2025,Kilogram,58.48--64.01,61.24,Quintal,"5,448.91--6,016.06","5,732.48"
Dhaka,Gopalganj,Gopalganj Sadar,Gopaldanj Sadar Boro Bazar,Rice - Boro - Hybrid - Coarse,2025,Kilogram,51.45--54.98,53.21,Quintal,"4,783.94--5,183.94","4,983.94"
Dhaka,Gopalganj,Gopalganj Sadar,Gopaldanj Sadar Boro Bazar,Chinigura Rice,2025,Kilogram,95.26--116.68,105.97,Quintal,"8,525.55--10,937.96","9,731.75"
Dhaka,Gopalganj,Gopalganj Sadar,Gopaldanj Sadar Boro Bazar,Kalojira,2025,Kilogram,95.26--116.68,105.97,Quintal,"8,525.55--10,937.96","9,731.75"
Dhaka,Gopalganj,Gopalganj Sadar,Gopaldanj Sadar Boro Bazar,Rice-Boro-Hybrid -Fine,2026,Kilogram,74.57--83.03,78.8,Quintal,"6,840.76--7,540.76","7,213.06"
Dhaka,Gopalganj,Gopalganj Sadar,Gopaldanj Sadar Boro Bazar,Rice - Boro - Hybrid - Medium,2026,Kilogram,54.88--60.79,57.83,Quintal,"5,055.41--5,607.01","5,331.21"
Dhaka,Gopalganj,Gopalganj Sadar,Gopaldanj Sadar Boro Bazar,Rice - Boro - Hybrid - Coarse,2026,Kilogram,47.68--50.96,49.32,Quintal,"4,361.78--4,685.99","4,523.89"
Dhaka,Gopalganj,Gopalganj Sadar,Gopaldanj Sadar Boro Bazar,Chinigura Rice,2026,Kilogram,121.5--157.93,139.71,Quintal,"11,197.45--14,970.06","13,083.76"
Dhaka,Gopalganj,Gopalganj Sadar,Gopaldanj Sadar Boro Bazar,Kalojira,2026,Kilogram,121.5--157.93,139.71,Quintal,"11,197.45--14,970.06","13,083.76"
Dhaka,Gopalganj,Tungipara,Tungipara Bazar,Ricel-Boro-Mota,2026,Kilogram,44.12--45.88,45,Quintal,"4,061.54--4,273.08","4,167.31"
Dhaka,Gopalganj,Tungipara,Tungipara Bazar,Rice-Boro-Medium,2026,Kilogram,53.88--57.73,55.81,Quintal,"5,000--5,315.38","5,157.69"
Dhaka,Gopalganj,Tungipara,Tungipara Bazar,Rice-Boro-Fine,2026,Kilogram,71.08--80,75.54,Quintal,"6,600--7,300","6,950"
Dhaka,Faridpur,Faridpur Sadar,Faridpur Sadar Bazar,Rice - Aman-Super-Fine,2025,Kilogram,84--94,89,Quintal,"8,000--9,000","8,500"
Dhaka,Faridpur,Faridpur Sadar,Faridpur Sadar Bazar,Rice - Boro - Hybrid - Medium,2025,Kilogram,63.71--68.48,66.1,Quintal,"5,976.98--6,632.37","6,304.68"
Dhaka,Faridpur,Faridpur Sadar,Faridpur Sadar Bazar,Rice - Boro - Hybrid - Coarse,2025,Kilogram,55.8--57.68,56.74,Quintal,"5,379.86--5,487.77","5,433.81"
Dhaka,Faridpur,Faridpur Sadar,Faridpur Sadar Bazar,Rice-Boro-Fine,2025,Kilogram,76.63--96.28,86.46,Quintal,"7,230.94--9,288.49","8,259.71"
Dhaka,Faridpur,Faridpur Sadar,Faridpur Sadar Bazar,Chinigura Rice,2025,Kilogram,105--125.5,115.25,Quintal,"10,000--11,753.96","10,876.98"
Dhaka,Faridpur,Faridpur Sadar,Faridpur Sadar Bazar,Rice - Aman - Medium,2025,Kilogram,56.07--60.07,58.07,Quintal,"5,213.33--5,413.33","5,313.33"
Dhaka,Faridpur,Faridpur Sadar,Faridpur Sadar Bazar,Rice - Amon - Hybrid - Coarse,2025,Kilogram,51.47--54,52.73,Quintal,"4,946.67--5,200","5,073.33"
Dhaka,Faridpur,Faridpur Sadar,Faridpur Sadar Bazar,Rice - Aman - Medium,2026,Kilogram,58.48--64.71,61.59,Quintal,"5,447.74--6,045.16","5,746.45"
Dhaka,Faridpur,Faridpur Sadar,Faridpur Sadar Bazar,Rice - Boro - Hybrid - Medium,2026,Kilogram,62.34--67.99,65.16,Quintal,"5,886.45--6,504.52","6,195.48"
Dhaka,Faridpur,Faridpur Sadar,Faridpur Sadar Bazar,Rice - Amon - Hybrid - Coarse,2026,Kilogram,51.68--53.77,52.72,Quintal,"4,967.74--5,238.71","5,103.23"
Dhaka,Faridpur,Faridpur Sadar,Faridpur Sadar Bazar,Rice - Boro - Hybrid - Coarse,2026,Kilogram,52.79--54.81,53.8,Quintal,"5,020.65--5,249.03","5,134.84"
Dhaka,Faridpur,Faridpur Sadar,Faridpur Sadar Bazar,Rice-Boro-Fine,2026,Kilogram,76.26--95.61,85.94,Quintal,"7,212.9--9,256.13","8,234.52"
Dhaka,Faridpur,Faridpur Sadar,Faridpur Sadar Bazar,Chinigura Rice,2026,Kilogram,141.48--161.55,151.52,Quintal,"13,338.71--15,518.06","14,428.39"
Rangpur,Panchagarh,Panchagarh Sadar,Panchagarh Sadar Bazar,Rice - Aman - Medium,2025,Kilogram,59.62--62.71,61.16,Quintal,"5,646.74--5,876.63","5,761.68"
Rangpur,Panchagarh,Panchagarh Sadar,Panchagarh Sadar Bazar,Rice - Aman - Coarse,2025,Kilogram,53.17--54.81,53.99,Quintal,"5,116--5,251.01","5,183.50"
Rangpur,Panchagarh,Panchagarh Sadar,Panchagarh Sadar Bazar,Chinigura Rice,2025,Kilogram,92.89--124.67,108.78,Quintal,"8,617.78--11,231.11","9,924.44"
Rangpur,Panchagarh,Panchagarh Sadar,Panchagarh Sadar Bazar,Rice-Boro-Medium,2025,Kilogram,59--64.47,61.74,Quintal,"5,658.82--6,026.47","5,842.65"
Rangpur,Panchagarh,Panchagarh Sadar,Panchagarh Sadar Bazar,Ricel-Boro-Mota,2025,Kilogram,"1,050.9--51.75",551.33,Quintal,"4,850--4,975","4,912.50"
Rangpur,Panchagarh,Panchagarh Sadar,Panchagarh Sadar Bazar,Rice - Aman - Pajam,2025,Kilogram,50.26--52.61,51.43,Quintal,"4,900--5,000","4,950"
Rangpur,Panchagarh,Panchagarh Sadar,Panchagarh Sadar Bazar,Rice - Aman - Coarse,2026,Kilogram,45.78--48.14,46.96,Quintal,"4,344.74--4,541.03","4,442.88"
Rangpur,Panchagarh,Panchagarh Sadar,Panchagarh Sadar Bazar,Rice - Aman - Pajam,2026,Kilogram,47.01--49.27,48.14,Quintal,"4,719.23--4,912.82","4,816.03"
Rangpur,Panchagarh,Panchagarh Sadar,Panchagarh Sadar Bazar,Chinigura Rice,2026,Kilogram,115--136.86,125.93,Quintal,"10,144.87--12,842.31","11,493.59"
Rangpur,Dinajpur,Parbatipur,Parbatipur Bazar,Rice - Aman - Medium,2026,Kilogram,48--50,49,Quintal,"4,600--4,800","4,700"
Rangpur,Dinajpur,Parbatipur,Parbatipur Bazar,Rice - Aman - Coarse,2026,Kilogram,44--46,45,Quintal,"4,200--4,400","4,300"
Rangpur,Dinajpur,Parbatipur,Parbatipur Bazar,Rice-Boro-Hybrid -Fine,2026,Kilogram,70.2--72.2,71.2,Quintal,"6,625.3--47,813.25","27,219.28"
Rangpur,Dinajpur,Parbatipur,Parbatipur Bazar,Rice-Boro-Medium,2026,Kilogram,53.3--56.19,54.74,Quintal,"5,130.23--5,418.6","5,274.42"
Rangpur,Dinajpur,Parbatipur,Parbatipur Bazar,Rice - Boro - Hybrid - Coarse,2026,Kilogram,42.23--44.23,43.23,Quintal,"4,023.26--4,223.26","4,123.26"
Rangpur,Dinajpur,Dinajpur Sadar,"Bahadur Bazar, Dinajpur",Rice-Boro-Hybrid -Fine,2025,Kilogram,68.74--73.05,70.9,Quintal,"6,674.07--7,105.19","6,889.63"
Rangpur,Dinajpur,Dinajpur Sadar,"Bahadur Bazar, Dinajpur",Rice - Boro - Hybrid - Medium,2025,Kilogram,61.3--64.19,62.74,Quintal,"5,930.37--6,218.52","6,074.44"
Rangpur,Dinajpur,Dinajpur Sadar,"Bahadur Bazar, Dinajpur",Rice - Boro - Hybrid - Coarse,2025,Kilogram,50.28--52.28,51.28,Quintal,"4,828.15--5,028.15","4,928.15"
Rangpur,Dinajpur,Dinajpur Sadar,"Bahadur Bazar, Dinajpur",Chinigura Rice,2025,Kilogram,105--110,107.5,Quintal,"10,000--10,600","10,300"
Rangpur,Dinajpur,Dinajpur Sadar,"Bahadur Bazar, Dinajpur",Kataribhog,2025,Kilogram,115--120,117.5,Quintal,"11,000--11,500","11,250"
Rangpur,Dinajpur,Dinajpur Sadar,"Bahadur Bazar, Dinajpur",Rice - Aman - Coarse,2025,Kilogram,48--50,49,Quintal,"2,300--2,400","2,350"
Rangpur,Dinajpur,Dinajpur Sadar,"Bahadur Bazar, Dinajpur",Rice - Aman - Medium,2025,Kilogram,55--56,55.5,Quintal,"2,650--2,700","2,675"
Rangpur,Dinajpur,Dinajpur Sadar,"Bahadur Bazar, Dinajpur",Rice - Aman - Medium,2026,Kilogram,53.67--55.34,54.51,Quintal,"4,024.21--4,166.32","4,095.26"
Rangpur,Dinajpur,Dinajpur Sadar,"Bahadur Bazar, Dinajpur",Rice - Aman - Coarse,2026,Kilogram,46.67--48.67,47.67,Quintal,"3,589.47--3,689.47","3,639.47"
Rangpur,Dinajpur,Dinajpur Sadar,"Bahadur Bazar, Dinajpur",Rice-Boro-Hybrid -Fine,2026,Kilogram,67.23--70.67,68.95,Quintal,"6,502.56--6,846.79","6,674.68"
Rangpur,Dinajpur,Dinajpur Sadar,"Bahadur Bazar, Dinajpur",Rice - Boro - Hybrid - Medium,2026,Kilogram,58.72--61.43,60.07,Quintal,"5,663.46--5,964.1","5,813.78"
Rangpur,Dinajpur,Dinajpur Sadar,"Bahadur Bazar, Dinajpur",Rice - Boro - Hybrid - Coarse,2026,Kilogram,50--52,51,Quintal,"4,800--5,000","4,900"
Rangpur,Dinajpur,Dinajpur Sadar,"Bahadur Bazar, Dinajpur",Chinigura Rice,2026,Kilogram,144.62--150.3,147.46,Quintal,"13,855.13--14,425","14,140.06"
Rangpur,Dinajpur,Dinajpur Sadar,"Bahadur Bazar, Dinajpur",Kataribhog,2026,Kilogram,116.63--121.63,119.13,Quintal,"11,133.97--11,663.46","11,398.72"
Rangpur,Dinajpur,Dinajpur Sadar,"Bahadur Bazar, Dinajpur",Ricel-Boro-Mota,2026,Kilogram,42--44,43,Quintal,"4,000--4,200","4,100"
Rangpur,Lalmonirhat,Lalmonirhat Sadar,"Goshala Bazar, Lalmonirhat",Rice - Aman - Medium,2025,Kilogram,47--48,47.5,Quintal,"4,480--4,500","4,490"
Rangpur,Lalmonirhat,Lalmonirhat Sadar,"Goshala Bazar, Lalmonirhat",Rice - Aman - Coarse,2025,Kilogram,43--44,43.5,Quintal,"4,100--4,200","4,150"
Rangpur,Lalmonirhat,Lalmonirhat Sadar,"Goshala Bazar, Lalmonirhat",Rice - Boro - Hybrid - Medium,2025,Kilogram,47.5--49,48.25,Quintal,"4,550--4,650","4,600"
Rangpur,Lalmonirhat,Lalmonirhat Sadar,Lalmonirhat Sadar Bazar,Rice - Aman - Medium,2025,Kilogram,53--54.33,53.66,Quintal,"5,101.17--5,231.25","5,166.21"
Rangpur,Lalmonirhat,Lalmonirhat Sadar,Lalmonirhat Sadar Bazar,Rice - Aman - Coarse,2025,Kilogram,49.2--47.43,49.74,Quintal,"4,720.31--4,827.34","4,773.83"
Rangpur,Lalmonirhat,Lalmonirhat Sadar,Lalmonirhat Sadar Bazar,Rice - Boro - Hybrid - Medium,2025,Kilogram,56.91--58.91,57.91,Quintal,"5,491.41--5,690.63","5,591.02"
Rangpur,Lalmonirhat,Lalmonirhat Sadar,Lalmonirhat Sadar Bazar,Rice - Aman - Medium,2026,Kilogram,49.44--51.02,50.23,Quintal,"4,743.59--4,901.92","4,822.76"
Rangpur,Lalmonirhat,Lalmonirhat Sadar,Lalmonirhat Sadar Bazar,Rice - Aman - Coarse,2026,Kilogram,45.67--46.92,46.3,Quintal,"4,367.31--4,492.31","4,429.81"
Rangpur,Lalmonirhat,Lalmonirhat Sadar,Lalmonirhat Sadar Bazar,Rice - Boro - Hybrid - Medium,2026,Kilogram,54.94--57.47,56.21,Quintal,"5,267.31--5,540.38","5,403.85"
Rangpur,Lalmonirhat,Lalmonirhat Sadar,Lalmonirhat Sadar Bazar,Rice - Amon - Hybrid - Narrow,2026,Kilogram,70--80,75,Quintal,"6,800--7,800","7,300"
Rangpur,Lalmonirhat,Lalmonirhat Sadar,Lalmonirhat Sadar Bazar,Rice-Boro-Fine,2026,Kilogram,71.53--75.01,73.27,Quintal,"6,953.33--7,293.33","7,123.33"
Rangpur,Lalmonirhat,Kaliganj,Kaliganj Bazar,Rice - Aman - Medium,2026,Kilogram,49--50.1,49.55,Quintal,"4,705--4,805","4,755"
Rangpur,Lalmonirhat,Kaliganj,Kaliganj Bazar,Rice - Aman - Coarse,2026,Kilogram,44.95--45.95,45.45,Quintal,"4,295--4,395","4,345"
Rangpur,Lalmonirhat,Kaliganj,Kaliganj Bazar,Rice - Boro - Hybrid - Medium,2026,Kilogram,55--58,56.5,Quintal,"5,300--5,600","5,450"
Rangpur,Nilphamari,Syedpur,Saidpur Bazar,Rice - Aman - Coarse,2026,Kilogram,45--50,47.5,Quintal,"4,300--4,800","4,550"
Rangpur,Nilphamari,Syedpur,Saidpur Bazar,Rice-Boro-Hybrid -Fine,2026,Kilogram,70--72,71,Quintal,"7,000--7,200","7,100"
Rangpur,Nilphamari,Syedpur,Saidpur Bazar,Rice - Amon - Hybrid - Medium,2026,Kilogram,58--60,59,Quintal,"5,600--5,800","5,700"
Rangpur,Nilphamari,Syedpur,Saidpur Bazar,Chinigura Rice,2026,Kilogram,165.24--173.81,169.52,Quintal,"15,523.81--16,666.67","16,095.24"
Rangpur,Nilphamari,Syedpur,Saidpur Bazar,Kalojira,2026,Kilogram,200--220,210,Quintal,"19,000--21,000","20,000"
Rangpur,Nilphamari,Domar,Domar Bazar,Chinigura Rice,2026,Kilogram,157.14--168.57,162.86,Quintal,"14,714.29--15,857.14","15,285.71"
Rangpur,Nilphamari,Domar,Domar Bazar,Kalojira,2026,Kilogram,200--220,210,Quintal,"19,000--21,000","20,000"
Rangpur,Nilphamari,Nilphamari Sadar,Nilphamari Sadar Bazar,Rice - Aman - Medium,2025,Kilogram,57.76--59.67,58.71,Quintal,"5,567.35--5,758.16","5,662.76"
Rangpur,Nilphamari,Nilphamari Sadar,Nilphamari Sadar Bazar,Rice - Aman - Coarse,2025,Kilogram,52.71--54.02,53.37,Quintal,"5,125.76--5,190","5,157.88"
Rangpur,Nilphamari,Nilphamari Sadar,Nilphamari Sadar Bazar,Rice - Boro - Hybrid - Medium,2025,Kilogram,61.2--64.96,63.08,Quintal,"5,868.94--6,264.77","6,066.86"
Rangpur,Nilphamari,Nilphamari Sadar,Nilphamari Sadar Bazar,Ricel-Boro-Mota,2025,Kilogram,48--49,48.5,Quintal,"4,600--4,700","4,650"
Rangpur,Nilphamari,Nilphamari Sadar,Nilphamari Sadar Bazar,Chinigura Rice,2025,Kilogram,121.02--127.35,124.19,Quintal,"11,769.7--12,155.3","11,962.50"
Rangpur,Nilphamari,Nilphamari Sadar,Nilphamari Sadar Bazar,Rice-Boro-Hybrid -Fine,2025,Kilogram,74.23--77.14,75.68,Quintal,"7,220--7,474.74","7,347.37"
Rangpur,Nilphamari,Nilphamari Sadar,Nilphamari Sadar Bazar,Rice - Aman - Coarse,2026,Kilogram,44.43--46.8,45.62,Quintal,"4,271.61--4,486.45","4,379.03"
Rangpur,Nilphamari,Nilphamari Sadar,Nilphamari Sadar Bazar,Rice-Boro-Hybrid -Fine,2026,Kilogram,73.33--76.22,74.77,Quintal,"7,180--7,478.45","7,329.23"
Rangpur,Nilphamari,Nilphamari Sadar,Nilphamari Sadar Bazar,Rice - Boro - Hybrid - Medium,2026,Kilogram,59.23--61.21,60.22,Quintal,"5,708.71--5,903.87","5,806.29"
Rangpur,Nilphamari,Nilphamari Sadar,Nilphamari Sadar Bazar,Chinigura Rice,2026,Kilogram,135.23--142.35,138.79,Quintal,"12,948.39--13,638.71","13,293.55"
Rangpur,Gaibandha,Gaibandha Sadar,Gaibandha Sadar Bazar,Rice - Aman-Fine,2025,Kilogram,71.14--79.18,75.16,Quintal,"6,913.73--7,601.96","7,257.84"
Rangpur,Gaibandha,Gaibandha Sadar,Gaibandha Sadar Bazar,Rice - Aman - Medium,2025,Kilogram,54.58--56.28,55.43,Quintal,"5,324.32--5,433.78","5,379.05"
Rangpur,Gaibandha,Gaibandha Sadar,Gaibandha Sadar Bazar,Rice - Aman - Coarse,2025,Kilogram,45.5--46.64,46.07,Quintal,"4,450--4,564.29","4,507.14"
Rangpur,Gaibandha,Gaibandha Sadar,Gaibandha Sadar Bazar,Rice-Boro-Hybrid -Fine,2025,Kilogram,68.24--75.34,71.79,Quintal,"6,624.35--7,208.7","6,916.52"
Rangpur,Gaibandha,Gaibandha Sadar,Gaibandha Sadar Bazar,Rice - Boro - Hybrid - Medium,2025,Kilogram,55.6--57.95,56.77,Quintal,"5,416.52--5,573.91","5,495.22"
Rangpur,Gaibandha,Gaibandha Sadar,Gaibandha Sadar Bazar,Ricel-Boro-Mota,2025,Kilogram,40.38--42.9,41.64,Quintal,"3,838.1--4,147.62","3,992.86"
Rangpur,Gaibandha,Gaibandha Sadar,Gaibandha Sadar Bazar,Rice-Boro-Medium,2025,Kilogram,52.8--54.8,53.8,Quintal,"5,155--5,270","5,212.50"
Rangpur,Gaibandha,Gaibandha Sadar,Gaibandha Sadar Bazar,Rice-Boro-Fine,2025,Kilogram,68.85--75.85,72.35,Quintal,"6,670--7,370","7,020"
Rangpur,Gaibandha,Gaibandha Sadar,Gaibandha Sadar Bazar,Rice - Aman - Medium,2026,Kilogram,46.76--48.09,47.43,Quintal,"4,568.63--4,688.89","4,628.76"
Rangpur,Gaibandha,Gaibandha Sadar,Gaibandha Sadar Bazar,Rice - Aman - Coarse,2026,Kilogram,43.16--44.16,43.66,Quintal,"4,196.39--4,283.51","4,239.95"
Rangpur,Gaibandha,Gaibandha Sadar,Gaibandha Sadar Bazar,Rice-Boro-Medium,2026,Kilogram,51.21--53.14,52.18,Quintal,"4,990.85--5,171.24","5,081.05"
Rangpur,Gaibandha,Gaibandha Sadar,Gaibandha Sadar Bazar,Rice-Boro-Fine,2026,Kilogram,67.1--78.5,72.8,Quintal,"6,509.8--7,601.96","7,055.88"
Rangpur,Gaibandha,Gaibandha Sadar,Gaibandha Sadar Bazar,Rice - Aman-Fine,2026,Kilogram,67.39--79.51,73.45,Quintal,"6,539.44--7,699.3","7,119.37"
Rangpur,Gaibandha,Gaibandha Sadar,Gaibandha Sadar Bazar,Rice - Atap,2026,Kilogram,200--230,215,Quintal,"19,000--21,000","20,000"
Rangpur,Gaibandha,Gobindaganj,Gobindaganj Bazar,Rice - Aman-Fine,2026,Kilogram,65.43--74.71,69.5,Quintal,"6,398.32--7,137.39","6,767.86"
Rangpur,Gaibandha,Gobindaganj,Gobindaganj Bazar,Rice - Aman - Medium,2026,Kilogram,48.25--50.9,49.58,Quintal,"4,632.77--4,865.55","4,749.16"
Rangpur,Gaibandha,Gobindaganj,Gobindaganj Bazar,Rice - Aman - Coarse,2026,Kilogram,42.48--43.91,43.2,Quintal,"4,113.3--4,175.53","4,144.41"
Rangpur,Gaibandha,Gobindaganj,Gobindaganj Bazar,Rice-Boro-Hybrid -Fine,2026,Kilogram,66--82,74,Quintal,"6,400--8,000","7,200"
Rangpur,Gaibandha,Gobindaganj,Gobindaganj Bazar,Rice - Boro - Hybrid - Medium,2026,Kilogram,53--55,54,Quintal,"5,200--5,400","5,300"
Rangpur,Thakurgaon,Thakurgaon Sadar,"Sadar Bazar, Thakurgaon",Rice - Aman - Coarse,2025,Kilogram,50.63--53.62,52.13,Quintal,"4,862.12--5,167.42","5,014.77"
Rangpur,Thakurgaon,Thakurgaon Sadar,"Sadar Bazar, Thakurgaon",Rice-Boro-Hybrid -Fine,2025,Kilogram,71.03--73.32,72.17,Quintal,"6,903.03--7,123.48","7,013.26"
Rangpur,Thakurgaon,Thakurgaon Sadar,"Sadar Bazar, Thakurgaon",Rice - Boro - Hybrid - Medium,2025,Kilogram,62.57--64.68,63.63,Quintal,"6,056.06--6,267.42","6,161.74"
Rangpur,Thakurgaon,Thakurgaon Sadar,"Sadar Bazar, Thakurgaon",Rice - Amon - Hybrid - Medium,2025,Kilogram,61.28--64.61,62.95,Quintal,"5,928.03--6,260.61","6,094.32"
Rangpur,Thakurgaon,Thakurgaon Sadar,"Sadar Bazar, Thakurgaon",Rice - Aman - Coarse,2026,Kilogram,48.71--50.96,49.83,Quintal,"4,670.51--4,896.15","4,783.33"
Rangpur,Thakurgaon,Thakurgaon Sadar,"Sadar Bazar, Thakurgaon",Rice-Boro-Hybrid -Fine,2026,Kilogram,71.86--73.74,72.8,Quintal,"6,983.33--7,174.36","7,078.85"
Rangpur,Thakurgaon,Thakurgaon Sadar,"Sadar Bazar, Thakurgaon",Rice - Boro - Hybrid - Medium,2026,Kilogram,59.12--61.22,60.17,Quintal,"5,711.54--5,921.15","5,816.35"
Rangpur,Thakurgaon,Thakurgaon Sadar,"Sadar Bazar, Thakurgaon",Rice - Amon - Hybrid - Medium,2026,Kilogram,60--64,62,Quintal,"5,800--6,200","6,000"
Rangpur,Thakurgaon,Thakurgaon Sadar,"Sadar Bazar, Thakurgaon",Rice - Aman - Medium,2026,Kilogram,57.82--60.46,59.14,Quintal,"5,583.09--5,844.85","5,713.97"
Rangpur,Rangpur,Mithapukur,Mithapukur Bazar,Rice - Aman - Medium,2026,Kilogram,55.27--58.26,56.76,Quintal,"5,048.24--5,341.76","5,195"
Rangpur,Rangpur,Mithapukur,Mithapukur Bazar,Rice - Aman - Coarse,2026,Kilogram,44.73--47.01,46.75,Quintal,"3,994.12--4,321.65","4,157.88"
Rangpur,Rangpur,Mithapukur,Mithapukur Bazar,Rice - Boro - Hybrid - Medium,2026,Kilogram,56.25--61.55,58.9,Quintal,"5,215.09--5,685.85","5,450.47"
Rangpur,Rangpur,Mithapukur,Mithapukur Bazar,Rice - Amon - Hybrid - Narrow,2026,Kilogram,79--81,80,Quintal,"7,400--7,650","7,525"
Rangpur,Rangpur,Mithapukur,Mithapukur Bazar,Rice - Boro - Hybrid - Coarse,2026,Kilogram,40.14--43.86,42,Quintal,"3,639.62--3,984.91","3,812.26"
Rangpur,Rangpur,Mithapukur,Mithapukur Bazar,Rice-Boro-Hybrid -Fine,2026,Kilogram,69.51--74.76,72.13,Quintal,"6,343.88--6,827.55","6,585.71"
Rangpur,Rangpur,Mithapukur,Mithapukur Bazar,Rice - Amon - Hybrid - Medium,2026,Kilogram,61--65,63,Quintal,"5,800--6,200","6,000"
Rangpur,Rangpur,Rangpur City Corporation,"City Bazar, Rangpur",Rice - Aman - Medium,2025,Kilogram,56.57--59.26,57.92,Quintal,"5,345.99--5,585.4","5,465.69"
Rangpur,Rangpur,Rangpur City Corporation,"City Bazar, Rangpur",Rice - Aman - Coarse,2025,Kilogram,51.75--53.48,52.62,Quintal,"4,893.8--5,093.43","4,993.61"
Rangpur,Rangpur,Rangpur City Corporation,"City Bazar, Rangpur",Rice-Boro-Hybrid -Fine,2025,Kilogram,73.85--79.72,76.78,Quintal,"6,998.54--7,613.14","7,305.84"
Rangpur,Rangpur,Rangpur City Corporation,"City Bazar, Rangpur",Rice - Boro - Hybrid - Medium,2025,Kilogram,61.61--64.39,63,Quintal,"5,788.69--5,727.71","5,758.20"
Rangpur,Rangpur,Rangpur City Corporation,"City Bazar, Rangpur",Rice - Boro - Hybrid - Coarse,2025,Kilogram,50.24--52.47,51.36,Quintal,"4,700.87--4,892.17","4,796.52"
Rangpur,Rangpur,Rangpur City Corporation,"City Bazar, Rangpur",Rice - Aman - Medium,2026,Kilogram,51.23--53.81,52.52,Quintal,"4,606.33--4,849.37","4,727.85"
Rangpur,Rangpur,Rangpur City Corporation,"City Bazar, Rangpur",Rice - Aman - Coarse,2026,Kilogram,47.57--50,48.78,Quintal,"4,267.72--4,467.72","4,367.72"
Rangpur,Rangpur,Rangpur City Corporation,"City Bazar, Rangpur",Rice-Boro-Hybrid -Fine,2026,Kilogram,73.99--83.61,78.8,Quintal,"6,963.29--7,844.3","7,403.80"
Rangpur,Rangpur,Rangpur City Corporation,"City Bazar, Rangpur",Rice - Boro - Hybrid - Medium,2026,Kilogram,61.38--64.35,62.86,Quintal,"5,619.62--5,904.43","5,762.03"
Rangpur,Rangpur,Rangpur City Corporation,"City Bazar, Rangpur",Rice - Boro - Hybrid - Coarse,2026,Kilogram,45.68--48.2,46.94,Quintal,"4,174.05--4,363.92","4,268.99"
Rangpur,Kurigram,Kurigram Sadar,Sadar (Zia Bazar) Kurigram,Rice-Boro-Hybrid -Fine,2025,Kilogram,74.45--76.32,75.39,Quintal,"7,120.59--7,305.88","7,213.24"
Rangpur,Kurigram,Kurigram Sadar,Sadar (Zia Bazar) Kurigram,Rice - Boro - Hybrid - Medium,2025,Kilogram,59.03--60.97,60,Quintal,"5,552.21--5,680.88","5,616.54"
Rangpur,Kurigram,Kurigram Sadar,Sadar (Zia Bazar) Kurigram,Rice - Boro - Hybrid - Coarse,2025,Kilogram,51.37--53.37,52.37,Quintal,"4,680.88--4,907.35","4,794.12"
Rangpur,Kurigram,Kurigram Sadar,Sadar (Zia Bazar) Kurigram,Rice-Boro-Hybrid -Fine,2026,Kilogram,70.87--73.32,72.09,Quintal,"6,692.04--6,892.04","6,792.04"
Rangpur,Kurigram,Kurigram Sadar,Sadar (Zia Bazar) Kurigram,Rice - Boro - Hybrid - Medium,2026,Kilogram,56.14--57.88,57.01,Quintal,"5,359.29--5,501.77","5,430.53"
Rangpur,Kurigram,Kurigram Sadar,Sadar (Zia Bazar) Kurigram,Rice - Boro - Hybrid - Coarse,2026,Kilogram,45.81--47.73,46.77,Quintal,"4,225.66--4,380.53","4,303.10"
Rangpur,Kurigram,Kurigram Sadar,Sadar (Zia Bazar) Kurigram,Rice - Aman-Fine,2026,Kilogram,74.85--75.85,75.35,Quintal,"7,169.57--7,369.57","7,269.57"
Rangpur,Kurigram,Kurigram Sadar,Sadar (Zia Bazar) Kurigram,Rice - Aman - Medium,2026,Kilogram,54--56,55,Quintal,"5,150--5,200","5,175"
Rangpur,Kurigram,Kurigram Sadar,Sadar (Zia Bazar) Kurigram,Rice - Aman - Coarse,2026,Kilogram,44.59--47.17,45.88,Quintal,"4,208.7--4,258.7","4,233.70"
Rangpur,Kurigram,Nageshwari,Nageshwari Bazar,Rice - Amon - Hybrid - Coarse,2026,Kilogram,42.1--44.1,43.1,Quintal,"4,009.52--4,157.14","4,083.33"
Rangpur,Kurigram,Nageshwari,Nageshwari Bazar,Rice - Amon - Hybrid - Narrow,2026,Kilogram,51.05--53.05,52.05,Quintal,"4,704.76--4,904.76","4,804.76"
Rangpur,Kurigram,Nageshwari,Nageshwari Bazar,Rice - Amon - Hybrid - Medium,2026,Kilogram,47.48--48.95,48.21,Quintal,"4,652.38--4,752.38","4,702.38"
Rangpur,Kurigram,Nageshwari,Nageshwari Bazar,Rice-Boro-Hybrid -Fine,2026,Kilogram,59.54--62.91,61.23,Quintal,"5,954.39--6,291.23","6,122.81"
Rangpur,Kurigram,Nageshwari,Nageshwari Bazar,Rice - Boro - Hybrid - Medium,2026,Kilogram,50--52,51,Quintal,"5,000--5,200","5,100"
Rangpur,Kurigram,Nageshwari,Nageshwari Bazar,Rice - Boro - Hybrid - Coarse,2026,Kilogram,45--46,45.5,Quintal,"4,500--4,600","4,550"
Rangpur,Kurigram,Nageshwari,Nageshwari Bazar,Rice-Boro-Fine,2026,Kilogram,70.62--72.62,71.62,Quintal,"7,062.07--7,262.07","7,162.07"
Mymensingh,Sherpur,Sherpur Sadar,Sherpur Sadar Bazar,Rice - Aman-Super-Fine,2025,Kilogram,77.15--79.46,78.31,Quintal,"7,279.29--7,355.76","7,317.53"
Mymensingh,Sherpur,Sherpur Sadar,Sherpur Sadar Bazar,Rice - Aman - Medium,2025,Kilogram,63.74--65.89,64.81,Quintal,"5,748.38--6,193.94","5,971.16"
Mymensingh,Sherpur,Sherpur Sadar,Sherpur Sadar Bazar,Rice-Boro-Hybrid -Fine,2025,Kilogram,70.46--74.42,72.44,Quintal,"6,833.33--7,000","6,916.67"
Mymensingh,Sherpur,Sherpur Sadar,Sherpur Sadar Bazar,Rice - Boro - Hybrid - Medium,2025,Kilogram,59.94--64.4,62.17,Quintal,"5,593.94--5,718.18","5,656.06"
Mymensingh,Sherpur,Sherpur Sadar,Sherpur Sadar Bazar,Ricel-Boro-Mota,2025,Kilogram,52.35--53.38,52.87,Quintal,"5,038.38--5,127.78","5,083.08"
Mymensingh,Sherpur,Sherpur Sadar,Sherpur Sadar Bazar,Rice-Boro-Medium,2025,Kilogram,59.94--65.1,62.52,Quintal,"5,600--5,853.54","5,726.77"
Mymensingh,Sherpur,Sherpur Sadar,Sherpur Sadar Bazar,Rice-Boro-Fine,2025,Kilogram,75.04--78.65,76.84,Quintal,"7,237.37--7,391.92","7,314.65"
Mymensingh,Sherpur,Sherpur Sadar,Sherpur Sadar Bazar,Rice - Aman-Super-Fine,2026,Kilogram,75--78,76.5,Quintal,"7,207.81--7,400","7,303.91"
Mymensingh,Sherpur,Sherpur Sadar,Sherpur Sadar Bazar,Rice - Aman - Medium,2026,Kilogram,62--64,63,Quintal,"5,812.92--6,200","6,006.46"
Mymensingh,Sherpur,Sherpur Sadar,Sherpur Sadar Bazar,Rice-Boro-Hybrid -Fine,2026,Kilogram,70--74.67,72.33,Quintal,"6,810.65--7,000","6,905.32"
Mymensingh,Sherpur,Sherpur Sadar,Sherpur Sadar Bazar,Rice - Boro - Hybrid - Medium,2026,Kilogram,57.56--62.28,59.92,Quintal,"5,433.33--5,597.22","5,515.28"
Mymensingh,Sherpur,Sherpur Sadar,Sherpur Sadar Bazar,Ricel-Boro-Mota,2026,Kilogram,49.8--52.39,51.09,Quintal,"4,747.14--4,888.78","4,817.96"
Mymensingh,Sherpur,Sherpur Sadar,Sherpur Sadar Bazar,Rice-Boro-Medium,2026,Kilogram,60--65,62.5,Quintal,"5,595.66--5,800","5,697.83"
Mymensingh,Sherpur,Sherpur Sadar,Sherpur Sadar Bazar,Rice-Boro-Fine,2026,Kilogram,73.65--78,75.83,Quintal,"7,137.76--7,315.31","7,226.53"
Mymensingh,Mymensingh,Fulbaria,Fulbaria Bazar,Rice - Aman-Fine,2026,Kilogram,69.82--77.58,73.7,Quintal,"6,690.91--7,272.73","6,981.82"
Mymensingh,Mymensingh,Fulbaria,Fulbaria Bazar,Rice - Aman - Medium,2026,Kilogram,54.3--58.18,56.24,Quintal,"5,042.42--5,624.24","5,333.33"
Mymensingh,Mymensingh,Fulbaria,Fulbaria Bazar,Rice - Aman - Coarse,2026,Kilogram,46.55--48.48,47.52,Quintal,"4,363.64--4,460.61","4,412.12"
Mymensingh,Mymensingh,Trishal,Trisal Bazar,Rice - Boro - Hybrid - Medium,2026,Kilogram,59.5--61.5,60.5,Quintal,"5,737.5--5,941.67","5,839.58"
Mymensingh,Mymensingh,Trishal,Trisal Bazar,Rice - Amon - Hybrid - Coarse,2026,Kilogram,47.88--50,48.94,Quintal,"4,575--4,783.33","4,679.17"
Mymensingh,Mymensingh,Trishal,Trisal Bazar,Rice - Aman-Fine,2026,Kilogram,78--80,79,Quintal,"7,400--7,600","7,500"
Mymensingh,Mymensingh,Trishal,Trisal Bazar,Rice - Aman - Medium,2026,Kilogram,60--66.87,63.43,Quintal,"5,600--5,917.39","5,758.70"
Mymensingh,Mymensingh,Trishal,Trisal Bazar,Rice - Aman - Coarse,2026,Kilogram,48--50,49,Quintal,"4,400--4,600","4,500"
Mymensingh,Mymensingh,Trishal,Trisal Bazar,Chinigura Rice,2026,Kilogram,155.22--166.96,161.09,Quintal,"14,391.3--15,391.3","14,891.30"
Mymensingh,Mymensingh,Mymensingh Sadar,"Mechua Bazar, Mymensingh",Rice - Aman - Medium,2025,Kilogram,59.32--62.89,61.11,Quintal,"5,532.31--5,932.31","5,732.31"
Mymensingh,Mymensingh,Mymensingh Sadar,"Mechua Bazar, Mymensingh",Rice - Aman - Coarse,2025,Kilogram,51.42--53.42,52.42,Quintal,"4,703.08--4,903.08","4,803.08"
Mymensingh,Mymensingh,Mymensingh Sadar,"Mechua Bazar, Mymensingh",Rice - Boro - Pajam,2025,Kilogram,75.53--79.2,77.37,Quintal,"7,138.46--7,520","7,329.23"
Mymensingh,Mymensingh,Mymensingh Sadar,"Mechua Bazar, Mymensingh",Rice - Boro - Hybrid - Medium,2025,Kilogram,59.48--67.58,63.53,Quintal,"5,566.92--6,379.23","5,973.08"
Mymensingh,Mymensingh,Mymensingh Sadar,"Mechua Bazar, Mymensingh",Rice - Boro - Hybrid - Coarse,2025,Kilogram,51.83--55.51,53.67,Quintal,"4,800--5,183.08","4,991.54"
Mymensingh,Mymensingh,Mymensingh Sadar,"Mechua Bazar, Mymensingh",Rice - Aman - Medium,2026,Kilogram,57.44--60,58.72,Quintal,"5,400--5,800","5,600"
Mymensingh,Mymensingh,Mymensingh Sadar,"Mechua Bazar, Mymensingh",Rice - Aman - Coarse,2026,Kilogram,48--50,49,Quintal,"4,400--4,600","4,500"
Mymensingh,Mymensingh,Mymensingh Sadar,"Mechua Bazar, Mymensingh",Rice - Boro - Pajam,2026,Kilogram,77.83--79.89,78.86,Quintal,"7,377.36--7,588.68","7,483.02"
Mymensingh,Mymensingh,Mymensingh Sadar,"Mechua Bazar, Mymensingh",Rice - Boro - Hybrid - Medium,2026,Kilogram,59.8--67.6,63.7,Quintal,"5,589.94--6,369.81","5,979.87"
Mymensingh,Mymensingh,Mymensingh Sadar,"Mechua Bazar, Mymensingh",Rice - Boro - Hybrid - Coarse,2026,Kilogram,51.79--55.67,53.73,Quintal,"4,788.68--5,177.36","4,983.02"
Mymensingh,Mymensingh,Mymensingh Sadar,"Mechua Bazar, Mymensingh",Kalojira,2026,Kilogram,146.13--157.57,151.85,Quintal,"14,112.61--15,256.76","14,684.68"
Mymensingh,Mymensingh,Mymensingh Sadar,"Mechua Bazar, Mymensingh",Chinigura Rice,2026,Kilogram,178.44--184.84,181.64,Quintal,"17,218.75--17,859.38","17,539.06"
Mymensingh,Jamalpur,Jamalpur Sadar,Jamalpur Sadar Bazar,Rice - Amon - Hybrid - Coarse,2025,Kilogram,53--54,53.5,Quintal,"5,000--5,156.25","5,078.13"
Mymensingh,Jamalpur,Jamalpur Sadar,Jamalpur Sadar Bazar,Rice - Amon - Hybrid - Narrow,2025,Kilogram,68--74,71,Quintal,"6,487.5--7,118.75","6,803.13"
Mymensingh,Jamalpur,Jamalpur Sadar,Jamalpur Sadar Bazar,Rice - Amon - Hybrid - Medium,2025,Kilogram,62--65,63.5,Quintal,"5,537.5--6,000","5,768.75"
Mymensingh,Jamalpur,Jamalpur Sadar,Jamalpur Sadar Bazar,Chinigura Rice,2025,Kilogram,111.48--123.66,117.57,Quintal,"10,311.94--11,035.07","10,673.51"
Mymensingh,Jamalpur,Jamalpur Sadar,Jamalpur Sadar Bazar,Kalojira,2025,Kilogram,102.43--118.99,110.71,Quintal,"9,151.49--10,324.63","9,738.06"
Mymensingh,Jamalpur,Jamalpur Sadar,Jamalpur Sadar Bazar,Rice - Boro - Hybrid - Medium,2025,Kilogram,66--68,67,Quintal,"6,300--6,500","6,400"
Mymensingh,Jamalpur,Jamalpur Sadar,Jamalpur Sadar Bazar,Rice - Boro - Hybrid - Coarse,2025,Kilogram,51.15--53.06,52.11,Quintal,"4,784.62--4,884.62","4,834.62"
Mymensingh,Jamalpur,Jamalpur Sadar,Jamalpur Sadar Bazar,Rice-Boro-Medium,2025,Kilogram,56.32--60,58.16,Quintal,"5,286.92--5,454.62","5,370.77"
Mymensingh,Jamalpur,Jamalpur Sadar,Jamalpur Sadar Bazar,Rice-Boro-Fine,2025,Kilogram,69.86--73.46,71.66,Quintal,"6,693.75--6,938.28","6,816.02"
Mymensingh,Jamalpur,Jamalpur Sadar,Jamalpur Sadar Bazar,Rice - Boro - Hybrid - Coarse,2026,Kilogram,49.1--51.17,50.13,Quintal,"4,526.39--4,677.78","4,602.08"
Mymensingh,Jamalpur,Jamalpur Sadar,Jamalpur Sadar Bazar,Rice-Boro-Medium,2026,Kilogram,55.97--59.6,57.78,Quintal,"5,124.14--5,382.76","5,253.45"
Mymensingh,Jamalpur,Jamalpur Sadar,Jamalpur Sadar Bazar,Rice-Boro-Fine,2026,Kilogram,68--73.37,70.68,Quintal,"6,410.53--6,884.21","6,647.37"
Mymensingh,Jamalpur,Jamalpur Sadar,Jamalpur Sadar Bazar,Chinigura Rice,2026,Kilogram,128.48--160.06,144.27,Quintal,"12,073.1--15,388.97","13,731.03"
Mymensingh,Jamalpur,Jamalpur Sadar,Jamalpur Sadar Bazar,Kalojira,2026,Kilogram,124.34--141.06,132.7,Quintal,"11,604.14--13,616.55","12,610.34"
Mymensingh,Jamalpur,Jamalpur Sadar,Jamalpur Sadar Bazar,Rice - Aman-Fine,2026,Kilogram,66.48--70.44,68.46,Quintal,"6,198.59--6,609.86","6,404.23"
Mymensingh,Jamalpur,Jamalpur Sadar,Jamalpur Sadar Bazar,Rice - Aman - Medium,2026,Kilogram,52.81--56.89,54.85,Quintal,"4,892.25--5,246.48","5,069.37"
Mymensingh,Jamalpur,Jamalpur Sadar,Jamalpur Sadar Bazar,Rice - Aman - Coarse,2026,Kilogram,46.18--47.38,46.78,Quintal,"4,288.73--4,478.17","4,383.45"
Mymensingh,Jamalpur,Jamalpur Sadar,Jamalpur Sadar Bazar,Rice-Boro-Hybrid -Fine,2026,Kilogram,66.8--71.2,69,Quintal,"6,213.33--6,660","6,436.67"
Mymensingh,Netrokona,Mohongonj,Mohanganj Bazar,Rice - Aman-Fine,2026,Kilogram,75--80,77.5,Quintal,"7,200--7,600","7,400"
Mymensingh,Netrokona,Mohongonj,Mohanganj Bazar,Rice - Aman - Medium,2026,Kilogram,57.41--59.4,58.4,Quintal,"5,364.38--5,553.42","5,458.90"
Mymensingh,Netrokona,Mohongonj,Mohanganj Bazar,Rice - Aman - Coarse,2026,Kilogram,47.79--49.21,48.5,Quintal,"4,552.63--4,652.63","4,602.63"
Mymensingh,Netrokona,Mohongonj,Mohanganj Bazar,Rice - Boro - Hybrid - Medium,2026,Kilogram,57.13--59.13,58.13,Quintal,"5,431.76--5,630.59","5,531.18"
Mymensingh,Netrokona,Mohongonj,Mohanganj Bazar,Rice - Boro - Hybrid - Coarse,2026,Kilogram,49.56--51.55,50.56,Quintal,"4,823.53--4,945.88","4,884.71"
Mymensingh,Netrokona,Mohongonj,Mohanganj Bazar,Rice-Boro-Fine,2026,Kilogram,73.44--77.4,75.42,Quintal,"7,096--7,422","7,259"
Mymensingh,Netrokona,Netrokona Sadar,"Pouro Super Market, Netrokona",Rice - Aman-Fine,2025,Kilogram,75.88--79.77,77.82,Quintal,"7,390.63--7,585.94","7,488.28"
Mymensingh,Netrokona,Netrokona Sadar,"Pouro Super Market, Netrokona",Rice - Aman - Medium,2025,Kilogram,60.59--62.59,61.59,Quintal,"5,817.28--6,017.28","5,917.28"
Mymensingh,Netrokona,Netrokona Sadar,"Pouro Super Market, Netrokona",Rice - Boro - Hybrid - Medium,2025,Kilogram,57.88--60.72,59.3,Quintal,"5,591.41--5,807.03","5,699.22"
Mymensingh,Netrokona,Netrokona Sadar,"Pouro Super Market, Netrokona",Rice - Boro - Hybrid - Coarse,2025,Kilogram,48.29--50.23,49.26,Quintal,"4,660.58--4,822.12","4,741.35"
Mymensingh,Netrokona,Netrokona Sadar,"Pouro Super Market, Netrokona",Rice - Aman - Coarse,2025,Kilogram,46.42--48.42,47.42,Quintal,"4,441.67--4,562.5","4,502.08"
Mymensingh,Netrokona,Netrokona Sadar,"Pouro Super Market, Netrokona",Rice - Aman-Fine,2026,Kilogram,74.97--80,77.49,Quintal,"7,221.58--7,600","7,410.79"
Mymensingh,Netrokona,Netrokona Sadar,"Pouro Super Market, Netrokona",Rice - Aman - Medium,2026,Kilogram,56.62--58.62,57.62,Quintal,"5,328.4--5,570.37","5,449.38"
Mymensingh,Netrokona,Netrokona Sadar,"Pouro Super Market, Netrokona",Rice - Aman - Coarse,2026,Kilogram,48.28--49.92,49.1,Quintal,"4,656.76--4,756.76","4,706.76"
Mymensingh,Netrokona,Netrokona Sadar,"Pouro Super Market, Netrokona",Rice - Boro - Hybrid - Medium,2026,Kilogram,57.12--59.12,58.12,Quintal,"5,453.81--5,641.9","5,547.86"
Mymensingh,Netrokona,Netrokona Sadar,"Pouro Super Market, Netrokona",Rice-Boro-Fine,2026,Kilogram,73.47--76.99,75.23,Quintal,"7,135.29--7,358.82","7,247.06"
Mymensingh,Netrokona,Netrokona Sadar,"Pouro Super Market, Netrokona",Rice - Boro - Hybrid - Coarse,2026,Kilogram,49.94--51.3,50.62,Quintal,"4,817.39--4,917.39","4,867.39"
,,,,,,,,,,,
,,,,,,,,,,,
,,,,,,,,,,,
,,,,,,,,,,,
,,,,,,,,,,,
,,,,,,,,,,,
,,,,,,,,,,,
,,,,,,,,,,,
,,,,,,,,,,,
,,,,,,,,,,,
,,,,,,,,,,,
,,,,,,,,,,,
